date,demand,RRP,min_temperature,max_temperature,solar_exposure,school_day
2015-01-01,99635.03,25.63,13.3,26.9,23.6,N
2015-01-02,129606.01,33.14,15.4,38.8,26.8,N
2015-01-03,142300.54,34.56,20.0,38.2,26.5,N
2015-01-04,104330.72,25.01,16.3,21.4,25.2,N
2015-01-05,118132.2,26.72,15.0,22.0,30.7,N
2015-01-06,130672.48,31.28,17.7,26.0,31.6,N
2015-01-07,153514.82,48.31,18.9,37.4,20.7,N
2015-01-08,142015.66,49.12,23.1,28.2,13.5,N
2015-01-09,121801.15,34.49,16.5,18.0,3.1,N
2015-01-10,103043.66,20.23,13.6,21.7,5.6,N
2015-01-11,99865.76,18.23,15.6,27.5,29.9,N
2015-01-12,131261.13,33.69,16.1,31.3,31.6,N
2015-01-13,126527.36,27.54,20.2,25.6,4.2,N
2015-01-14,119741.62,29.02,18.3,22.7,15.2,N
2015-01-15,118411.22,30.94,15.8,20.0,14.6,N
2015-01-16,116690.76,23.02,13.1,27.3,30.3,N
2015-01-17,99371.31,18.99,15.9,25.0,27.5,N
2015-01-18,97728.75,17.01,15.3,19.5,23.4,N
2015-01-19,116883.15,26.93,13.5,23.6,29.0,N
2015-01-20,128968.12,23.08,13.0,30.4,19.6,N
2015-01-21,148702.5,34.44,19.7,33.1,25.8,N
2015-01-22,153232.1,35.23,18.7,35.8,23.1,N
2015-01-23,138095.2,40.6,20.2,25.0,28.6,N
2015-01-24,116310.59,20.92,15.8,26.3,30.3,N
2015-01-25,97959.46,16.54,14.7,22.0,25.4,N
2015-01-26,103769.48,16.94,11.6,19.8,19.9,N
2015-01-27,118393.31,21.21,11.7,19.1,17.7,N
2015-01-28,116763.72,17.02,13.3,25.4,27.0,N
2015-01-29,119313.73,19.62,12.8,22.2,28.9,Y
2015-01-30,121018.15,21.03,13.1,21.0,27.6,Y
2015-01-31,103822.97,16.54,14.3,20.2,26.2,Y
2015-02-01,100178.84,14.58,13.2,19.0,17.3,Y
2015-02-02,118694.16,22.27,13.5,21.1,23.9,Y
2015-02-03,122880.13,27.0,16.1,20.0,22.7,Y
2015-02-04,117398.03,27.81,14.8,19.0,21.2,Y
2015-02-05,122279.43,31.38,13.3,24.2,28.8,Y
2015-02-06,141837.0,38.84,14.5,35.7,28.4,Y
2015-02-07,132138.37,28.76,18.8,35.0,16.1,Y
2015-02-08,112108.22,23.97,18.9,21.5,16.6,Y
2015-02-09,126813.08,28.91,13.6,28.3,28.6,Y
2015-02-10,145948.56,37.52,16.4,27.8,27.7,Y
2015-02-11,149322.85,32.66,18.1,26.8,24.1,Y
2015-02-12,131376.78,26.58,17.8,21.9,23.8,Y
2015-02-13,136070.62,18.74,16.1,32.4,14.9,Y
2015-02-14,119692.02,20.24,19.0,25.1,20.8,Y
2015-02-15,125287.71,24.58,18.2,34.4,25.7,Y
2015-02-16,131832.63,31.95,17.4,24.6,26.3,Y
2015-02-17,127666.01,30.25,17.6,20.6,8.3,Y
2015-02-18,125972.76,30.24,17.7,21.2,7.8,Y
2015-02-19,139399.69,33.6,18.2,26.9,24.7,Y
2015-02-20,139465.67,33.54,17.4,25.3,24.7,Y
2015-02-21,136283.03,31.25,18.1,36.1,20.0,Y
2015-02-22,138016.35,32.41,20.3,35.3,11.7,Y
2015-02-23,135255.82,28.42,21.1,29.3,4.7,Y
2015-02-24,120263.51,26.56,15.9,20.1,21.4,Y
2015-02-25,130062.75,33.32,14.0,27.0,24.1,Y
2015-02-26,131525.85,39.09,16.0,23.2,18.5,Y
2015-02-27,131069.4,36.34,14.8,24.3,21.7,Y
2015-02-28,116275.73,25.14,17.9,32.3,6.9,Y
2015-03-01,103462.78,24.59,15.2,20.8,23.3,Y
2015-03-02,123301.84,33.17,11.6,23.0,22.0,Y
2015-03-03,126750.29,43.74,15.5,22.7,21.2,Y
2015-03-04,120764.18,37.25,15.4,23.5,23.0,Y
2015-03-05,114967.34,25.32,12.6,18.6,22.5,Y
2015-03-06,117053.75,27.75,14.1,21.1,10.8,Y
2015-03-07,108344.58,22.11,15.4,22.6,10.8,Y
2015-03-08,106348.78,20.57,16.2,24.4,20.4,Y
2015-03-09,108282.48,23.81,14.4,23.8,18.6,Y
2015-03-10,125828.53,31.76,16.2,21.7,22.1,Y
2015-03-11,124418.42,33.6,11.2,23.8,22.3,Y
2015-03-12,121683.65,26.04,13.0,19.9,18.7,Y
2015-03-13,120929.82,24.2,14.4,20.4,21.2,Y
2015-03-14,108738.82,17.39,9.4,30.1,20.0,Y
2015-03-15,100170.3,14.37,13.1,18.3,17.5,Y
2015-03-16,123787.08,22.66,10.5,25.5,14.5,Y
2015-03-17,125600.86,21.39,13.0,26.2,4.8,Y
2015-03-18,127975.82,24.44,17.8,24.4,9.4,Y
2015-03-19,128319.45,24.57,16.5,33.5,15.1,Y
2015-03-20,119491.32,24.07,14.2,19.6,19.9,Y
2015-03-21,106754.8,20.47,11.9,22.7,20.8,Y
2015-03-22,106555.03,18.92,11.3,28.8,19.9,Y
2015-03-23,122810.05,26.69,13.6,27.0,3.9,Y
2015-03-24,123234.93,34.06,12.6,15.3,3.8,Y
2015-03-25,122268.86,28.55,13.0,20.4,13.8,Y
2015-03-26,121998.2,21.97,9.8,18.0,9.9,Y
2015-03-27,122346.33,25.77,11.6,18.1,11.2,N
2015-03-28,112187.71,29.27,12.7,19.1,14.4,N
2015-03-29,106418.66,24.67,8.5,22.7,18.6,N
2015-03-30,123061.87,33.75,10.6,23.1,18.1,N
2015-03-31,125795.32,31.84,11.2,25.3,18.1,N
2015-04-01,122042.26,26.17,13.3,29.0,10.7,N
2015-04-02,113838.41,23.46,12.8,17.2,17.5,N
2015-04-03,98891.06,20.94,8.0,20.9,17.4,N
2015-04-04,103999.17,23.19,8.5,23.5,16.2,N
2015-04-05,103685.45,20.51,10.2,18.5,9.8,N
2015-04-06,107383.37,17.05,11.2,18.4,13.0,N
2015-04-07,120235.5,21.36,12.4,17.3,3.9,N
2015-04-08,122129.77,25.21,13.3,17.7,12.6,N
2015-04-09,123990.76,25.21,8.7,19.1,10.9,N
2015-04-10,121753.12,25.68,8.6,18.7,15.9,N
2015-04-11,110034.17,23.06,11.6,23.7,14.9,N
2015-04-12,103760.22,22.05,12.1,18.3,13.4,N
2015-04-13,125107.78,29.41,7.3,19.1,14.9,N
2015-04-14,127793.38,31.0,10.5,24.7,8.4,Y
2015-04-15,126673.93,31.09,13.9,27.6,12.8,Y
2015-04-16,126937.94,40.68,15.6,17.8,10.9,Y
2015-04-17,131031.42,33.99,10.1,17.1,7.5,Y
2015-04-18,109763.98,26.14,13.5,21.9,9.9,Y
2015-04-19,107160.54,24.54,9.7,14.7,11.0,Y
2015-04-20,126696.19,33.68,7.0,16.2,12.7,Y
2015-04-21,127973.58,30.47,6.5,17.7,13.8,Y
2015-04-22,128598.5,36.7,9.1,19.5,7.1,Y
2015-04-23,126483.8,35.42,12.2,19.2,7.5,Y
2015-04-24,126230.78,36.5,14.4,21.1,7.8,Y
2015-04-25,111803.62,25.98,11.6,15.0,3.5,Y
2015-04-26,108217.82,28.96,10.4,15.4,5.9,Y
2015-04-27,127855.22,48.67,10.5,15.1,8.3,Y
2015-04-28,132642.14,46.27,10.1,16.0,8.9,Y
2015-04-29,132814.62,39.83,7.4,17.1,12.6,Y
2015-04-30,132669.58,39.09,6.4,19.6,12.3,Y
2015-05-01,126304.44,47.47,7.9,23.1,12.1,Y
2015-05-02,108487.98,25.85,11.6,22.2,6.1,Y
2015-05-03,109233.34,30.63,9.7,18.2,11.2,Y
2015-05-04,122375.47,28.8,7.5,22.3,11.6,Y
2015-05-05,123734.86,27.38,9.2,18.1,7.1,Y
2015-05-06,129121.86,26.02,9.5,16.2,7.6,Y
2015-05-07,131237.18,29.08,10.3,15.6,6.9,Y
2015-05-08,131138.73,29.08,10.5,15.9,5.9,Y
2015-05-09,108377.05,19.6,12.8,18.7,7.3,Y
2015-05-10,103811.28,13.28,12.8,16.6,5.9,Y
2015-05-11,123740.24,28.48,12.4,15.9,7.9,Y
2015-05-12,129312.58,28.36,12.8,17.4,5.9,Y
2015-05-13,136903.27,33.6,6.3,12.8,8.7,Y
2015-05-14,135217.65,36.08,7.3,14.6,6.7,Y
2015-05-15,135172.41,32.89,11.5,14.5,6.2,Y
2015-05-16,117136.63,35.12,11.3,16.2,10.4,Y
2015-05-17,111897.09,30.55,7.4,20.5,10.3,Y
2015-05-18,127524.8,39.33,7.2,20.4,10.2,Y
2015-05-19,133235.48,34.04,9.9,16.2,3.2,Y
2015-05-20,127522.71,30.98,13.6,18.1,6.0,Y
2015-05-21,135361.2,35.62,10.3,13.6,3.5,Y
2015-05-22,133422.46,34.61,9.1,14.1,6.7,Y
2015-05-23,119331.85,31.23,10.4,13.3,7.7,Y
2015-05-24,118783.09,31.49,6.0,15.6,8.6,Y
2015-05-25,136690.92,51.61,7.4,17.1,8.1,Y
2015-05-26,140886.99,46.4,5.4,15.6,6.8,Y
2015-05-27,133103.37,29.88,7.9,18.7,7.4,Y
2015-05-28,127900.24,26.1,13.1,19.7,8.4,Y
2015-05-29,132338.94,29.8,9.5,15.8,6.6,Y
2015-05-30,114669.79,19.05,11.0,17.3,8.0,Y
2015-05-31,113261.26,18.57,12.3,16.8,4.9,Y
2015-06-01,140920.0,36.93,5.2,12.2,8.1,Y
2015-06-02,148534.5,59.86,7.1,11.4,4.6,Y
2015-06-03,146902.95,50.56,8.1,13.6,8.2,Y
2015-06-04,147155.27,33.05,4.4,11.3,5.5,Y
2015-06-05,142625.04,37.97,7.0,15.0,7.0,Y
2015-06-06,120128.29,30.18,9.2,16.6,6.4,Y
2015-06-07,109609.69,23.38,11.2,14.5,6.9,Y
2015-06-08,110715.81,24.36,11.1,18.5,8.2,Y
2015-06-09,132854.13,36.71,10.3,13.5,8.6,Y
2015-06-10,144125.53,39.77,7.5,13.4,7.1,Y
2015-06-12,145005.62,37.54,5.2,13.1,6.9,Y
2015-06-13,123754.55,29.87,6.0,18.2,8.0,Y
2015-06-14,119125.62,31.6,5.8,17.4,8.0,Y
2015-06-15,136054.14,36.01,7.1,16.9,6.6,Y
2015-06-16,139073.78,36.94,9.5,16.1,3.3,Y
2015-06-17,134290.46,39.28,11.7,13.8,4.7,Y
2015-06-18,137073.78,37.46,10.7,12.7,4.2,Y
2015-06-19,139781.25,38.55,7.0,12.4,7.9,Y
2015-06-20,129576.36,41.1,4.1,11.6,7.1,Y
2015-06-21,124910.57,33.9,2.2,12.9,8.6,Y
2015-06-22,140431.36,30.48,3.6,14.1,6.2,Y
2015-06-23,133171.4,30.24,9.6,17.6,5.8,Y
2015-06-24,135407.57,32.22,12.2,16.0,7.7,Y
2015-06-25,137379.23,33.05,9.6,14.0,6.3,Y
2015-06-26,135562.08,31.93,10.5,16.9,7.1,N
2015-06-27,124587.43,28.29,8.0,14.1,5.0,N
2015-06-28,119277.48,31.0,9.6,14.5,4.1,N
2015-06-29,139468.16,35.78,6.9,12.3,5.6,N
2015-06-30,143170.06,37.63,5.0,14.2,7.9,N
2015-07-01,138931.0,29.52,7.4,15.0,6.9,N
2015-07-02,138972.43,35.62,10.3,11.9,7.0,N
2015-07-03,145713.81,42.63,5.9,12.0,5.0,N
2015-07-04,130073.27,29.13,7.3,10.6,2.8,N
2015-07-05,117312.92,24.0,8.2,14.9,8.2,N
2015-07-06,143176.34,36.04,7.5,11.5,4.4,N
2015-07-07,143984.39,37.3,7.4,14.2,7.0,N
2015-07-08,141696.3,40.58,4.9,14.8,8.5,N
2015-07-09,141994.38,38.52,6.5,13.4,3.5,N
2015-07-10,136884.09,32.29,7.6,14.3,5.8,N
2015-07-11,123971.7,30.62,10.9,13.1,3.7,N
2015-07-12,124790.7,33.15,3.4,12.3,2.9,N
2015-07-13,138680.34,47.53,6.1,12.7,4.2,N
2015-07-14,150671.11,45.26,8.1,9.8,4.8,Y
2015-07-15,151270.54,50.5,5.8,10.5,7.4,Y
2015-07-16,144797.98,40.47,6.6,12.3,8.1,Y
2015-07-17,142965.48,49.22,7.3,12.3,6.5,Y
2015-07-18,130187.45,44.1,6.1,11.5,9.5,Y
2015-07-19,131141.36,43.57,0.6,12.1,9.7,Y
2015-07-20,146154.37,41.8,1.8,14.7,9.7,Y
2015-07-21,138931.81,28.9,4.2,17.0,8.6,Y
2015-07-22,138418.84,33.71,11.4,16.6,6.0,Y
2015-07-23,142316.29,33.98,5.1,16.1,9.5,Y
2015-07-24,136837.16,27.67,7.6,15.0,4.4,Y
2015-07-25,121021.43,22.24,9.4,13.3,7.7,Y
2015-07-26,120396.74,22.38,8.1,11.6,8.5,Y
2015-07-27,142470.43,35.18,6.2,13.9,9.6,Y
2015-07-28,144008.37,40.75,7.9,14.4,10.2,Y
2015-07-29,142637.76,37.24,8.4,14.0,9.0,Y
2015-07-30,143544.11,29.12,8.6,12.3,4.5,Y
2015-07-31,139584.95,35.06,4.1,14.0,10.8,Y
2015-08-01,125032.57,29.88,6.5,11.4,4.2,Y
2015-08-02,117638.07,23.37,7.8,14.9,8.3,Y
2015-08-03,141451.72,38.13,7.3,10.8,9.4,Y
2015-08-04,147550.18,44.67,3.5,11.3,7.1,Y
2015-08-05,142325.99,42.6,6.6,10.8,8.0,Y
2015-08-06,143642.36,48.95,7.1,12.8,7.0,Y
2015-08-07,143060.33,42.78,9.0,13.1,9.0,Y
2015-08-08,125830.53,39.12,8.8,12.6,6.6,Y
2015-08-09,120008.46,29.44,7.7,13.3,6.9,Y
2015-08-10,130978.1,30.09,8.3,16.0,10.7,Y
2015-08-11,135616.13,31.94,7.8,14.8,11.7,Y
2015-08-12,138900.5,37.34,9.3,14.8,9.2,Y
2015-08-13,140905.85,36.73,8.4,13.0,7.0,Y
2015-08-14,137838.93,35.44,10.4,15.3,7.3,Y
2015-08-15,122088.76,34.09,10.0,14.9,10.9,Y
2015-08-16,116648.77,25.32,4.7,17.0,9.5,Y
2015-08-17,137008.71,31.79,6.8,12.2,9.9,Y
2015-08-18,148093.96,45.29,6.1,11.1,9.8,Y
2015-08-19,144024.66,39.24,5.5,12.7,10.2,Y
2015-08-20,131575.79,30.55,6.1,17.1,12.7,Y
2015-08-21,126570.47,38.89,10.9,18.7,4.1,Y
2015-08-22,112275.15,32.24,11.8,18.8,11.8,Y
2015-08-23,111793.02,29.44,7.9,16.3,13.1,Y
2015-08-24,128868.26,26.61,8.5,14.5,9.6,Y
2015-08-25,135051.55,28.8,9.5,14.3,8.1,Y
2015-08-26,135914.68,37.13,9.2,14.6,7.8,Y
2015-08-27,141159.77,41.61,9.8,11.7,2.7,Y
2015-08-28,134755.5,38.18,8.1,13.2,12.2,Y
2015-08-29,124448.5,35.47,6.3,11.7,9.1,Y
2015-08-30,116744.22,42.41,7.9,12.5,14.3,Y
2015-08-31,137724.89,50.27,8.1,13.0,11.5,Y
2015-09-01,134116.77,50.15,5.1,16.2,15.7,Y
2015-09-02,132794.72,49.04,8.0,18.8,10.5,Y
2015-09-03,132096.34,45.55,10.6,14.0,8.0,Y
2015-09-04,131384.88,65.74,8.7,13.7,13.0,Y
2015-09-05,115799.32,57.18,10.2,14.0,14.8,Y
2015-09-06,109641.38,40.58,5.8,16.6,11.8,Y
2015-09-07,131619.36,38.53,8.9,13.6,9.2,Y
2015-09-08,136340.7,41.71,8.8,12.8,11.1,Y
2015-09-09,132977.45,48.13,10.0,15.3,11.4,Y
2015-09-10,133541.98,48.92,10.0,15.7,17.3,Y
2015-09-11,123968.9,36.09,5.1,20.1,17.7,Y
2015-09-12,108790.01,37.65,12.2,21.7,10.2,Y
2015-09-13,99161.76,30.36,13.2,25.5,17.1,Y
2015-09-14,116574.17,32.35,15.4,26.7,17.8,Y
2015-09-15,123750.5,34.51,10.8,15.9,15.0,Y
2015-09-16,131795.49,38.97,8.9,14.8,17.6,Y
2015-09-17,131050.68,40.64,9.0,14.3,12.4,Y
2015-09-18,130764.59,40.63,10.5,14.7,8.1,N
2015-09-19,112377.18,47.83,6.5,21.3,17.0,N
2015-09-20,103708.92,32.86,8.5,22.9,17.3,N
2015-09-21,120096.71,44.96,14.0,18.1,6.7,N
2015-09-22,127755.09,99.48,7.6,12.7,17.4,N
2015-09-23,131866.73,49.77,8.5,12.6,20.3,N
2015-09-24,130937.63,54.98,5.1,14.3,18.2,N
2015-09-25,124278.93,51.08,5.8,19.1,20.2,N
2015-09-26,111064.49,48.79,6.6,17.9,20.1,N
2015-09-27,106431.82,43.93,9.8,20.2,19.6,N
2015-09-28,121796.72,42.03,8.3,21.4,13.6,N
2015-09-29,126691.8,37.64,9.0,16.9,13.5,N
2015-09-30,129641.24,41.98,11.5,15.9,16.8,N
2015-10-01,124356.42,34.81,6.0,21.6,21.7,N
2015-10-02,107544.14,38.31,9.9,28.6,21.7,N
2015-10-03,100598.55,30.78,16.3,31.3,22.2,N
2015-10-04,103828.88,36.56,13.9,24.9,22.2,N
2015-10-05,125194.87,38.97,12.7,34.4,22.0,N
2015-10-06,127225.25,36.24,15.5,35.8,18.9,Y
2015-10-07,117282.77,31.6,11.8,16.2,23.6,Y
2015-10-08,122121.33,36.14,7.6,18.6,23.3,Y
2015-10-09,126989.9,41.42,10.9,29.9,22.0,Y
2015-10-10,112604.82,34.8,17.5,29.2,11.9,Y
2015-10-11,105376.34,29.9,16.9,19.2,19.6,Y
2015-10-12,120916.22,36.35,11.3,16.1,13.4,Y
2015-10-13,122830.38,41.5,7.9,17.6,24.3,Y
2015-10-14,126919.2,45.56,11.2,28.6,24.4,Y
2015-10-15,130260.37,39.07,14.4,34.0,22.2,Y
2015-10-16,123985.97,43.8,17.0,23.8,8.4,Y
2015-10-17,104916.34,29.67,11.5,20.5,20.4,Y
2015-10-18,100812.04,29.12,12.6,17.7,24.2,Y
2015-10-19,120795.0,43.51,8.3,26.7,25.8,Y
2015-10-20,126655.49,43.33,12.9,31.8,14.4,Y
2015-10-21,122368.89,39.68,17.6,18.3,7.3,Y
2015-10-22,121471.64,44.03,11.4,16.7,8.5,Y
2015-10-23,120420.7,48.17,11.8,16.4,21.0,Y
2015-10-24,106813.03,32.19,9.2,19.5,25.1,Y
2015-10-25,102279.74,17.47,10.2,31.3,20.1,Y
2015-10-26,115297.34,29.4,14.0,15.9,14.5,Y
2015-10-27,116619.57,31.33,10.4,23.3,28.1,Y
2015-10-28,122887.41,39.51,10.1,26.8,27.6,Y
2015-10-29,124222.94,62.32,13.7,26.1,26.8,Y
2015-10-30,121256.97,35.88,12.6,27.4,22.6,Y
2015-10-31,106353.44,18.37,15.7,25.9,13.5,Y
2015-11-01,103629.64,14.68,16.4,26.0,10.0,Y
2015-11-02,113791.75,25.02,14.5,16.0,8.2,Y
2015-11-03,101793.04,14.16,8.0,17.9,25.4,Y
2015-11-04,120177.95,29.24,10.9,27.2,19.6,Y
2015-11-05,125985.46,34.58,16.2,24.7,16.4,Y
2015-11-06,120505.58,30.64,16.6,18.7,3.7,Y
2015-11-07,104269.79,18.27,11.9,16.8,25.2,Y
2015-11-08,103793.09,21.1,8.5,24.8,25.1,Y
2015-11-09,127234.72,35.05,13.6,33.1,26.4,Y
2015-11-10,121617.28,32.07,15.2,16.4,5.3,Y
2015-11-11,121566.64,35.22,11.5,20.1,16.0,Y
2015-11-12,123775.16,38.49,13.7,21.2,19.2,Y
2015-11-13,117078.59,32.82,13.5,18.2,26.1,Y
2015-11-14,103646.64,33.56,12.1,18.3,27.5,Y
2015-11-15,99761.81,28.3,13.0,18.5,27.6,Y
2015-11-16,124557.22,39.13,11.4,26.3,29.4,Y
2015-11-17,131442.2,36.02,15.7,33.3,24.0,Y
2015-11-18,132353.76,60.68,14.7,29.5,29.2,Y
2015-11-19,138118.71,78.29,15.6,31.5,20.6,Y
2015-11-20,123412.68,38.03,15.4,19.1,6.4,Y
2015-11-21,102647.9,27.41,12.2,17.5,20.9,Y
2015-11-22,98621.62,32.35,13.5,20.0,27.3,Y
2015-11-23,114406.82,41.37,13.8,20.7,27.3,Y
2015-11-24,118894.3,48.52,13.6,24.5,30.0,Y
2015-11-25,124728.87,60.69,13.5,33.3,9.3,Y
2015-11-26,112907.14,30.49,10.8,17.4,23.3,Y
2015-11-27,117492.82,40.37,9.0,18.2,16.8,Y
2015-11-28,105011.2,43.33,12.0,20.1,27.1,Y
2015-11-29,102162.53,39.12,12.6,20.3,23.4,Y
2015-11-30,122452.42,45.58,10.0,32.2,26.6,Y
2015-12-01,117115.62,37.92,14.5,24.6,24.4,Y
2015-12-02,115230.12,37.47,9.2,17.5,32.4,Y
2015-12-03,121699.42,43.34,12.2,21.3,30.1,Y
2015-12-04,129148.52,66.53,11.3,30.8,32.2,Y
2015-12-05,115606.01,36.91,15.5,25.3,27.9,Y
2015-12-06,112025.29,36.79,15.3,29.8,13.5,Y
2015-12-07,129059.64,53.37,18.1,27.3,8.7,Y
2015-12-08,136800.91,57.53,20.3,35.4,19.8,Y
2015-12-09,125965.02,49.74,15.4,24.6,27.0,Y
2015-12-10,125807.5,50.81,13.1,26.0,32.0,Y
2015-12-11,116597.81,32.02,14.2,19.2,13.0,Y
2015-12-12,106139.41,34.14,10.1,18.3,27.9,Y
2015-12-13,105218.52,40.31,10.3,28.3,28.6,Y
2015-12-14,125784.96,51.75,11.9,22.7,31.6,Y
2015-12-15,129077.41,51.66,14.4,24.6,30.3,Y
2015-12-16,135930.08,78.65,15.6,27.5,32.5,Y
2015-12-17,152366.3,188.09,16.9,37.2,33.1,Y
2015-12-18,158052.89,81.19,19.4,35.4,31.2,N
2015-12-19,154924.89,69.33,19.2,41.2,20.5,N
2015-12-20,133421.03,54.65,25.9,37.8,10.4,N
2015-12-21,113802.21,49.62,15.0,20.2,25.4,N
2015-12-22,119477.52,37.53,12.0,22.8,32.9,N
2015-12-23,126553.12,39.14,15.1,26.0,32.4,N
2015-12-24,134583.25,50.82,16.7,34.6,32.8,N
2015-12-25,119950.37,22.12,21.7,34.1,33.3,N
2015-12-26,95093.3,14.97,12.7,20.0,19.2,N
2015-12-27,96394.94,19.82,11.9,19.4,27.6,N
2015-12-28,100048.44,20.1,12.8,20.8,33.2,N
2015-12-29,111647.54,27.33,12.4,23.9,33.0,N
2015-12-30,128552.13,43.83,13.9,34.7,32.8,N
2015-12-31,146473.84,101.99,19.7,39.7,29.6,N
2016-01-01,116040.92,32.53,19.8,24.2,22.0,N
2016-01-02,99622.64,21.89,17.1,27.6,25.1,N
2016-01-03,97656.45,19.9,17.5,27.1,25.7,N
2016-01-04,110932.5,25.44,16.3,26.0,15.3,N
2016-01-05,117873.58,29.92,17.1,25.7,25.8,N
2016-01-06,115064.26,31.79,17.3,25.7,18.1,N
2016-01-07,112392.7,34.45,16.3,21.3,30.4,N
2016-01-08,111879.54,36.89,16.2,20.6,25.4,N
2016-01-09,105482.7,41.99,16.8,21.4,21.3,N
2016-01-10,113049.14,44.48,15.7,31.5,31.3,N
2016-01-11,141133.08,88.12,17.2,36.4,15.8,N
2016-01-12,135006.11,62.54,17.1,24.8,29.1,N
2016-01-13,160011.07,545.74,16.8,42.2,25.0,N
2016-01-14,120396.34,36.37,16.1,18.1,3.9,N
2016-01-15,113244.79,30.2,13.6,19.2,19.7,N
2016-01-16,103046.17,23.67,11.9,22.3,32.6,N
2016-01-17,114097.07,29.15,14.9,32.7,31.5,N
2016-01-18,147817.59,43.41,18.6,35.3,30.4,N
2016-01-19,148612.37,49.26,17.9,30.9,27.2,N
2016-01-20,142471.51,53.3,19.3,29.1,18.6,N
2016-01-21,139450.62,55.47,19.0,26.7,14.9,N
2016-01-22,129135.18,42.34,17.5,22.8,6.5,N
2016-01-23,108097.85,26.98,17.3,21.9,23.2,N
2016-01-24,103396.3,26.41,16.2,22.2,23.4,N
2016-01-25,112649.6,27.6,16.7,20.9,25.7,N
2016-01-26,110152.82,25.28,16.5,29.4,28.7,N
2016-01-27,133718.04,32.76,19.3,29.5,22.2,N
2016-01-28,134169.83,33.32,20.3,27.5,19.0,Y
2016-01-29,123615.21,32.69,14.4,18.3,14.3,Y
2016-01-30,107579.34,23.85,12.3,22.4,24.0,Y
2016-01-31,101279.65,23.48,13.9,21.8,26.3,Y
2016-02-01,121942.89,31.59,12.5,23.6,29.4,Y
2016-02-02,133989.16,35.64,15.4,31.5,25.5,Y
2016-02-03,122594.48,27.88,18.1,21.0,11.0,Y
2016-02-04,119919.6,22.39,17.3,20.9,21.7,Y
2016-02-05,126330.55,26.85,15.3,29.4,29.0,Y
2016-02-06,123737.01,28.72,16.5,32.6,28.8,Y
2016-02-07,124436.81,33.49,19.1,27.7,28.5,Y
2016-02-08,129327.23,33.91,19.2,22.9,23.3,Y
2016-02-09,131271.26,38.71,17.4,22.7,27.7,Y
2016-02-10,132265.0,41.38,17.4,23.3,25.3,Y
2016-02-11,131003.79,34.39,18.0,23.8,27.6,Y
2016-02-12,133845.52,40.63,16.7,24.9,27.9,Y
2016-02-13,120840.0,32.23,17.7,30.3,23.4,Y
2016-02-14,104364.74,26.27,16.4,24.5,22.9,Y
2016-02-15,120863.32,32.56,14.0,26.1,25.4,Y
2016-02-16,117062.03,29.59,13.7,18.4,14.5,Y
2016-02-17,119481.79,32.5,12.7,21.1,16.2,Y
2016-02-18,125964.19,47.4,15.5,22.6,20.6,Y
2016-02-19,122991.66,43.69,15.8,22.0,11.2,Y
2016-02-20,105911.71,26.3,15.8,20.8,23.8,Y
2016-02-21,107884.36,24.61,12.6,24.7,26.5,Y
2016-02-22,130527.32,55.28,15.6,29.5,8.4,Y
2016-02-23,156924.83,66.96,18.1,39.4,19.4,Y
2016-02-24,152419.42,72.24,22.4,25.6,15.8,Y
2016-02-25,138064.86,43.39,19.6,26.4,13.8,Y
2016-02-26,122575.93,35.55,15.5,23.5,19.3,Y
2016-02-27,110545.84,32.11,17.7,22.2,17.7,Y
2016-02-28,105781.99,30.4,17.7,22.7,21.5,Y
2016-02-29,125400.08,41.26,15.0,23.7,18.2,Y
2016-03-01,142242.6,96.29,17.3,33.7,23.4,Y
2016-03-02,145182.98,53.91,17.6,34.7,22.6,Y
2016-03-03,136226.12,49.55,17.4,23.9,21.8,Y
2016-03-04,149376.57,43.23,16.5,33.0,21.2,Y
2016-03-05,124692.32,37.43,20.4,23.7,11.4,Y
2016-03-06,117707.95,41.32,17.4,25.2,21.3,Y
2016-03-07,131465.83,41.15,18.6,24.9,7.9,Y
2016-03-08,160285.01,253.03,19.9,38.9,20.8,Y
2016-03-09,152599.12,66.41,20.8,28.5,10.8,Y
2016-03-10,135635.71,46.52,18.1,22.1,3.9,Y
2016-03-11,141414.35,49.79,18.8,26.1,19.6,Y
2016-03-12,119690.76,37.32,18.7,22.3,7.0,Y
2016-03-13,111329.62,30.09,17.7,23.2,13.8,Y
2016-03-14,105388.57,24.79,18.4,21.3,10.6,Y
2016-03-15,123073.98,28.46,15.1,26.8,20.7,Y
2016-03-16,135047.62,54.35,15.3,31.4,18.9,Y
2016-03-17,143184.8,49.49,18.3,32.5,19.6,Y
2016-03-18,118189.72,33.97,15.2,19.5,6.7,Y
2016-03-19,105484.1,48.72,12.0,18.8,10.7,Y
2016-03-20,100394.06,47.18,10.1,23.3,19.0,Y
2016-03-21,117796.72,49.68,11.2,23.5,19.7,Y
2016-03-22,124081.46,56.87,11.4,24.3,21.1,Y
2016-03-23,126074.9,44.26,13.7,28.8,12.7,Y
2016-03-24,125072.73,42.35,16.3,21.2,10.4,N
2016-03-25,101740.89,30.22,15.9,20.4,14.4,N
2016-03-26,102726.74,30.54,14.1,20.2,8.2,N
2016-03-27,98324.65,25.86,14.3,19.9,14.0,N
2016-03-28,102746.6,27.59,9.4,19.2,13.0,N
2016-03-29,118281.13,31.07,14.5,17.9,5.7,N
2016-03-30,122625.21,29.06,15.5,18.7,8.5,N
2016-03-31,122964.71,21.9,11.3,22.7,17.1,N
2016-04-01,116321.6,14.49,13.1,26.5,16.7,N
2016-04-02,102832.72,13.57,15.5,19.5,8.3,N
2016-04-03,102084.0,15.8,11.3,18.8,15.4,N
2016-04-04,120445.74,38.47,9.7,21.2,18.4,N
2016-04-05,120371.24,21.42,12.3,29.0,17.1,N
2016-04-06,125657.12,45.52,13.6,15.6,3.9,N
2016-04-07,125663.33,52.13,8.3,18.4,13.1,N
2016-04-08,124266.88,75.36,11.9,20.0,9.6,N
2016-04-09,109044.9,73.14,10.4,22.3,13.0,N
2016-04-10,99845.35,35.12,13.6,23.5,9.6,N
2016-04-11,118614.0,62.31,14.5,20.1,14.1,N
2016-04-12,123808.76,62.96,14.0,18.7,13.5,Y
2016-04-13,124686.63,77.21,11.3,20.0,12.6,Y
2016-04-14,126519.06,92.93,11.6,27.0,12.7,Y
2016-04-15,124721.49,81.72,13.4,27.0,15.9,Y
2016-04-16,108525.96,51.53,14.0,20.3,8.3,Y
2016-04-17,100526.3,39.13,13.1,19.8,14.7,Y
2016-04-18,123441.82,61.63,9.8,25.0,15.0,Y
2016-04-19,126846.45,54.57,13.6,27.4,14.5,Y
2016-04-20,125204.78,40.05,15.3,28.0,14.0,Y
2016-04-21,125514.14,55.74,17.1,24.2,5.6,Y
2016-04-22,120124.3,52.3,14.6,16.7,7.9,Y
2016-04-23,108773.74,36.73,12.3,18.6,8.5,Y
2016-04-24,105642.28,30.68,9.1,20.0,14.8,Y
2016-04-25,104072.44,39.09,9.9,25.0,14.8,Y
2016-04-26,117437.66,56.44,11.3,25.6,14.6,Y
2016-04-27,118531.5,19.41,13.0,25.4,13.5,Y
2016-04-28,126847.02,60.58,19.8,24.9,5.3,Y
2016-04-29,122054.13,51.75,16.9,20.6,3.7,Y
2016-04-30,103505.2,27.11,16.4,24.1,12.7,Y
2016-05-01,98873.53,31.87,14.4,17.0,9.0,Y
2016-05-02,116969.63,37.35,9.0,18.4,12.3,Y
2016-05-03,119014.45,22.24,12.3,20.1,8.8,Y
2016-05-04,124525.18,47.75,9.8,18.2,11.8,Y
2016-05-05,118192.05,27.23,12.6,20.5,12.3,Y
2016-05-06,120421.32,64.32,15.9,24.7,13.2,Y
2016-05-07,106052.64,46.63,11.4,25.7,12.6,Y
2016-05-08,103487.28,59.14,15.5,20.4,3.5,Y
2016-05-09,119781.14,100.81,15.4,22.2,6.7,Y
2016-05-10,119611.88,36.98,13.7,17.2,7.6,Y
2016-05-11,123616.28,59.85,12.2,17.4,6.3,Y
2016-05-12,120693.53,53.8,14.1,21.4,6.1,Y
2016-05-13,118800.07,52.37,15.9,21.6,9.9,Y
2016-05-14,101946.0,28.28,14.5,21.7,12.6,Y
2016-05-15,99697.62,37.08,15.0,22.0,6.7,Y
2016-05-16,121182.69,41.92,7.7,19.6,8.9,Y
2016-05-17,124209.4,68.33,11.4,17.1,5.4,Y
2016-05-18,124352.21,70.59,13.0,19.3,7.2,Y
2016-05-19,124392.29,44.4,14.6,18.4,2.2,Y
2016-05-20,127705.84,79.8,11.6,17.4,8.3,Y
2016-05-21,112336.78,45.75,8.1,18.5,8.9,Y
2016-05-22,101618.98,24.19,9.2,22.2,8.5,Y
2016-05-23,121424.42,10.8,12.8,17.2,7.1,Y
2016-05-24,131916.4,45.21,10.7,15.8,7.3,Y
2016-05-25,132170.05,66.26,7.6,15.6,4.9,Y
2016-05-26,137080.88,99.42,10.3,12.5,3.1,Y
2016-05-27,134317.62,68.19,9.2,14.4,8.0,Y
2016-05-28,119938.8,81.99,5.7,13.2,6.2,Y
2016-05-29,118751.96,68.72,8.7,13.9,6.5,Y
2016-05-30,134983.95,115.78,7.2,15.4,9.5,Y
2016-05-31,140402.15,156.46,3.6,17.4,9.5,Y
2016-06-01,141195.03,168.85,4.8,17.0,8.2,Y
2016-06-02,141292.56,180.91,4.8,12.8,9.2,Y
2016-06-03,137717.25,175.85,6.8,14.1,8.5,Y
2016-06-04,122764.33,126.75,9.8,13.4,3.7,Y
2016-06-05,116052.8,122.79,10.5,14.1,3.3,Y
2016-06-06,134829.75,107.45,8.9,14.5,7.1,Y
2016-06-07,135306.01,88.33,10.5,15.3,4.7,Y
2016-06-08,137305.36,91.32,9.7,14.7,4.7,Y
2016-06-09,132859.3,50.24,10.8,17.5,6.0,Y
2016-06-10,132209.52,47.43,10.4,15.8,6.6,Y
2016-06-11,120753.43,55.59,9.0,13.5,6.5,Y
2016-06-12,122771.53,77.22,5.0,13.8,7.3,Y
2016-06-13,122106.95,95.06,3.8,13.4,9.0,Y
2016-06-14,138466.56,90.85,8.6,15.6,8.3,Y
2016-06-15,140904.59,92.42,6.0,17.9,9.2,Y
2016-06-16,140741.16,89.93,7.8,14.3,5.1,Y
2016-06-17,138023.11,99.57,9.3,15.1,3.5,Y
2016-06-18,123162.18,62.93,10.0,12.7,5.3,Y
2016-06-19,119662.16,79.38,7.3,13.5,7.2,Y
2016-06-20,134435.12,114.88,9.1,13.2,3.4,Y
2016-06-21,137511.32,62.15,10.4,14.7,7.0,Y
2016-06-22,133813.28,58.76,11.2,15.4,6.6,Y
2016-06-23,136740.0,78.32,10.4,14.8,7.2,Y
2016-06-24,144658.38,67.94,6.9,10.7,5.8,N
2016-06-25,131730.84,99.76,5.6,12.7,8.8,N
2016-06-26,126455.94,120.44,3.0,11.1,7.7,N
2016-06-27,148639.99,127.35,4.8,10.6,4.7,N
2016-06-28,142146.31,110.28,5.0,17.0,7.8,N
2016-06-29,136071.96,80.13,8.9,15.8,8.9,N
2016-06-30,141078.46,115.12,10.3,11.7,5.6,N
2016-07-01,136676.72,117.71,7.3,14.1,7.1,N
2016-07-02,118683.56,90.46,9.9,16.5,6.7,N
2016-07-03,112556.4,68.6,10.9,16.7,7.8,N
2016-07-04,135712.24,124.14,10.4,12.7,3.6,N
2016-07-05,142401.79,147.19,8.2,12.8,1.8,N
2016-07-06,134056.1,116.68,9.8,13.0,4.6,N
2016-07-07,138768.04,176.91,10.5,13.7,4.1,N
2016-07-08,136690.05,114.84,9.7,15.3,7.4,N
2016-07-09,122369.54,105.55,5.3,15.2,9.5,N
2016-07-10,119218.23,36.17,6.5,14.2,3.6,N
2016-07-11,128207.12,44.86,8.3,16.0,7.6,N
2016-07-12,137582.2,49.16,10.7,13.7,8.1,Y
2016-07-13,145728.26,65.91,4.5,12.0,9.0,Y
2016-07-14,144103.71,76.12,6.6,14.0,7.8,Y
2016-07-15,141166.85,79.51,8.8,14.1,7.2,Y
2016-07-16,120659.15,73.69,7.8,13.7,10.2,Y
2016-07-17,113418.12,48.79,3.1,16.1,10.3,Y
2016-07-18,127367.02,43.89,9.6,17.7,8.8,Y
2016-07-19,137028.05,49.45,12.6,16.0,5.7,Y
2016-07-20,136850.14,52.33,9.8,16.1,9.2,Y
2016-07-21,136127.12,44.93,6.9,18.1,7.4,Y
2016-07-22,128777.82,21.09,9.2,18.3,5.1,Y
2016-07-23,119888.57,62.71,7.5,11.6,9.0,Y
2016-07-24,120126.9,52.23,4.7,11.4,10.3,Y
2016-07-25,138134.64,37.98,6.3,14.3,7.5,Y
2016-07-26,146465.69,47.97,6.5,11.0,7.2,Y
2016-07-27,143209.75,36.4,7.5,12.9,6.9,Y
2016-07-28,142341.64,41.56,6.9,15.2,6.3,Y
2016-07-29,139822.93,33.87,10.2,15.3,5.0,Y
2016-07-30,121548.54,24.85,9.1,13.8,8.5,Y
2016-07-31,114481.28,33.78,10.3,17.0,11.3,Y
2016-08-01,137934.84,45.98,11.2,14.4,5.2,Y
2016-08-02,137301.69,48.6,8.5,13.4,11.2,Y
2016-08-03,140922.72,58.03,8.7,12.8,8.4,Y
2016-08-04,142671.51,51.57,4.9,14.6,11.1,Y
2016-08-05,145491.33,70.2,3.4,14.6,8.7,Y
2016-08-06,130907.09,54.4,5.8,14.4,7.0,Y
2016-08-07,120379.28,32.88,7.6,16.6,10.4,Y
2016-08-08,138506.45,35.12,5.0,14.2,8.0,Y
2016-08-09,132819.53,29.29,9.7,18.9,7.8,Y
2016-08-10,130616.67,22.42,9.6,15.3,11.3,Y
2016-08-11,138368.4,39.81,6.8,15.7,10.3,Y
2016-08-12,134885.67,41.09,7.7,14.1,11.7,Y
2016-08-13,120382.8,38.81,7.9,15.1,9.5,Y
2016-08-14,113066.24,33.06,8.5,18.7,11.6,Y
2016-08-15,127906.24,39.84,10.2,18.1,13.4,Y
2016-08-16,124975.11,24.45,10.0,18.2,13.5,Y
2016-08-17,132561.22,40.89,12.5,15.6,9.6,Y
2016-08-18,123434.51,27.47,7.1,21.6,13.1,Y
2016-08-19,132569.74,27.6,15.3,16.4,2.7,Y
2016-08-20,121052.06,25.0,6.9,13.6,9.7,Y
2016-08-21,119118.54,38.91,9.5,14.8,7.0,Y
2016-08-22,139203.5,60.0,7.8,16.0,8.7,Y
2016-08-23,138640.39,73.19,7.0,13.4,14.2,Y
2016-08-24,141122.8,114.0,3.7,12.7,14.0,Y
2016-08-25,139724.03,74.66,6.5,13.0,13.5,Y
2016-08-26,139920.54,67.63,7.2,14.4,8.8,Y
2016-08-27,119573.22,31.81,9.3,16.3,11.7,Y
2016-08-28,114832.43,29.45,10.5,19.0,12.2,Y
2016-08-29,125055.69,39.14,8.7,20.4,14.2,Y
2016-08-30,133748.44,53.19,10.2,16.8,5.2,Y
2016-08-31,128834.06,32.56,12.8,20.2,10.1,Y
2016-09-01,134246.17,46.81,11.6,15.5,8.8,Y
2016-09-02,135273.32,52.64,9.6,15.0,9.6,Y
2016-09-03,118621.96,35.27,10.0,15.7,12.9,Y
2016-09-04,110986.0,24.51,10.1,16.9,10.0,Y
2016-09-05,127275.82,38.21,12.8,18.4,11.7,Y
2016-09-06,129542.36,28.69,9.2,21.5,15.8,Y
2016-09-07,123307.02,24.18,9.6,21.0,16.7,Y
2016-09-08,117722.95,12.5,13.1,23.3,16.0,Y
2016-09-09,125432.6,23.4,16.0,16.7,5.9,Y
2016-09-10,111413.0,38.56,11.5,14.3,7.9,Y
2016-09-11,109125.21,50.35,7.3,17.0,11.8,Y
2016-09-12,130967.28,68.18,9.9,13.6,7.0,Y
2016-09-13,134720.16,62.07,9.6,14.6,2.8,Y
2016-09-14,130650.88,54.84,10.5,16.1,13.2,Y
2016-09-15,134234.45,42.82,8.7,14.6,6.9,Y
2016-09-16,131734.1,47.04,9.0,15.7,12.5,N
2016-09-17,106709.54,36.03,11.1,19.8,18.8,N
2016-09-18,110314.62,48.34,10.8,12.5,5.5,N
2016-09-19,127391.09,56.44,8.5,16.3,16.2,N
2016-09-20,122664.31,43.18,9.1,18.8,18.5,N
2016-09-21,127208.57,52.28,10.9,15.2,8.8,N
2016-09-22,131357.34,55.7,9.6,13.4,9.9,N
2016-09-23,127420.43,46.54,9.8,16.5,16.5,N
2016-09-24,106776.27,43.56,10.0,20.1,18.4,N
2016-09-25,105931.56,37.7,9.5,14.7,17.1,N
2016-09-26,124343.19,47.67,8.1,16.9,13.6,N
2016-09-27,126888.77,49.79,7.4,14.8,13.4,N
2016-09-28,121143.25,32.43,7.5,19.3,19.6,N
2016-09-29,122858.49,37.6,12.5,16.7,16.2,N
2016-09-30,113439.78,33.06,9.3,16.4,16.6,N
2016-10-01,109181.26,20.49,11.6,18.6,11.9,N
2016-10-02,97992.93,13.66,12.1,24.0,18.7,N
2016-10-03,115839.01,21.6,11.1,15.9,13.7,N
2016-10-04,124089.47,23.0,10.6,17.1,13.2,Y
2016-10-05,128558.38,41.12,8.0,17.1,7.5,Y
2016-10-06,115898.54,30.19,9.7,27.2,22.6,Y
2016-10-07,116197.73,37.34,14.1,22.5,7.8,Y
2016-10-08,101300.78,35.21,9.7,16.9,23.0,Y
2016-10-09,94954.16,15.9,9.5,22.0,14.1,Y
2016-10-10,116831.43,27.65,13.0,16.8,18.4,Y
2016-10-11,124665.82,38.2,7.5,15.1,16.7,Y
2016-10-12,128612.3,44.77,10.2,15.4,12.9,Y
2016-10-13,128242.76,58.35,6.8,14.6,22.8,Y
2016-10-14,121731.48,43.97,5.2,22.7,24.5,Y
2016-10-15,97887.48,12.7,9.4,24.8,21.8,Y
2016-10-16,101793.03,22.03,17.4,23.1,8.0,Y
2016-10-17,116042.84,29.6,9.8,18.9,14.8,Y
2016-10-18,123265.44,36.72,9.6,16.6,16.5,Y
2016-10-19,126362.04,60.68,7.5,16.5,22.1,Y
2016-10-20,114867.16,27.43,6.8,21.8,25.6,Y
2016-10-21,122975.28,43.24,14.8,17.6,1.9,Y
2016-10-22,114184.2,38.71,6.9,13.2,16.9,Y
2016-10-23,111289.0,40.92,7.9,14.1,18.7,Y
2016-10-24,125270.16,66.51,9.4,17.1,20.3,Y
2016-10-25,117138.35,37.02,9.6,25.7,23.1,Y
2016-10-26,121605.4,55.42,16.5,18.5,9.0,Y
2016-10-27,120142.43,43.48,10.1,15.4,25.8,Y
2016-10-28,119820.71,54.51,6.3,16.6,26.5,Y
2016-10-29,104191.1,21.29,9.3,25.6,25.8,Y
2016-10-30,94325.72,6.87,12.7,28.0,19.5,Y
2016-10-31,110661.43,19.08,7.9,17.5,19.0,Y
2016-11-01,104976.21,17.42,9.4,18.4,17.7,Y
2016-11-02,119904.48,46.65,9.7,18.5,13.3,Y
2016-11-03,118677.5,60.22,10.0,19.1,28.0,Y
2016-11-04,113666.48,25.95,10.2,29.2,24.9,Y
2016-11-05,101810.75,15.26,10.0,16.8,10.8,Y
2016-11-06,96934.92,24.16,11.5,21.4,25.2,Y
2016-11-07,116230.34,30.37,14.6,25.9,15.9,Y
2016-11-08,117794.6,53.92,11.0,18.2,28.9,Y
2016-11-09,122131.11,55.66,9.2,17.4,22.0,Y
2016-11-10,122634.53,48.71,11.9,17.5,20.3,Y
2016-11-11,117953.88,26.82,8.4,23.8,29.1,Y
2016-11-12,99907.32,10.83,13.2,25.5,17.0,Y
2016-11-13,96805.92,10.73,11.7,19.0,9.7,Y
2016-11-14,116817.15,39.5,11.5,15.9,14.8,Y
2016-11-15,119905.59,26.91,11.0,19.2,17.1,Y
2016-11-16,122146.66,35.63,11.9,21.6,25.8,Y
2016-11-17,122464.64,28.56,12.0,31.4,28.8,Y
2016-11-18,121441.05,31.78,15.3,18.9,15.6,Y
2016-11-19,106868.5,24.66,11.7,19.4,29.9,Y
2016-11-20,112098.34,43.09,11.9,33.3,22.1,Y
2016-11-21,138681.81,51.04,17.9,35.0,19.8,Y
2016-11-22,126617.72,37.02,14.5,14.9,1.5,Y
2016-11-23,118119.01,41.91,11.0,16.8,16.9,Y
2016-11-24,120308.54,38.06,10.3,17.0,21.6,Y
2016-11-25,116011.56,27.62,10.9,17.9,15.7,Y
2016-11-26,104700.06,23.79,12.2,17.4,18.8,Y
2016-11-27,102718.9,37.0,11.6,16.3,10.1,Y
2016-11-28,118666.37,65.39,12.2,19.6,24.4,Y
2016-11-29,119169.17,63.43,10.4,20.0,31.0,Y
2016-11-30,121067.59,76.03,13.3,18.9,9.6,Y
2016-12-01,113024.02,56.01,12.9,21.9,28.0,Y
2016-12-02,109318.36,41.5,13.0,21.6,29.7,Y
2016-12-03,98899.5,29.2,9.9,23.9,31.2,Y
2016-12-04,97300.36,43.73,12.7,31.7,14.1,Y
2016-12-05,109670.0,25.29,16.9,21.5,21.6,Y
2016-12-06,111228.06,48.41,12.8,20.8,24.2,Y
2016-12-07,112738.08,44.72,10.5,28.3,30.8,Y
2016-12-08,105445.65,25.85,15.4,23.2,11.6,Y
2016-12-09,105664.09,25.12,10.0,17.3,23.2,Y
2016-12-10,98622.86,19.31,11.2,18.8,24.2,Y
2016-12-11,93673.19,16.4,12.9,19.3,27.0,Y
2016-12-12,120390.11,45.16,10.7,32.8,30.0,Y
2016-12-13,128831.65,44.69,16.5,36.3,14.1,Y
2016-12-14,111423.76,19.92,15.7,19.3,21.3,Y
2016-12-15,107072.36,31.15,11.7,18.6,30.8,Y
2016-12-16,113698.06,48.86,9.7,25.5,20.5,Y
2016-12-17,90227.48,23.58,15.1,20.9,22.5,Y
2016-12-18,90911.08,26.49,10.0,17.5,30.3,Y
2016-12-19,109260.31,28.68,8.8,30.2,29.3,Y
2016-12-20,106451.26,16.13,14.4,21.5,26.0,N
2016-12-21,104389.51,21.35,13.5,19.9,28.8,N
2016-12-22,105513.24,20.98,14.6,20.0,29.6,N
2016-12-23,112247.94,24.33,12.5,26.3,28.7,N
2016-12-24,114843.88,34.69,16.2,34.9,26.3,N
2016-12-25,114468.17,28.65,16.4,36.3,32.3,N
2016-12-26,106284.83,22.91,25.4,29.3,10.2,N
2016-12-27,99701.43,23.81,18.0,29.8,5.8,N
2016-12-28,123693.52,40.28,20.3,38.2,15.1,N
2016-12-29,135571.79,47.15,27.0,33.5,15.7,N
2016-12-30,112141.83,24.07,20.1,27.8,28.8,N
2016-12-31,95728.15,17.6,17.3,23.8,30.8,N
2017-01-01,89403.15,25.85,16.8,21.1,8.5,N
2017-01-02,86507.47,30.62,14.8,17.8,7.8,N
2017-01-03,97564.74,28.69,14.6,19.5,25.9,N
2017-01-04,116606.79,56.97,13.3,29.3,31.6,N
2017-01-05,128079.85,73.46,18.5,31.7,29.7,N
2017-01-06,136308.73,97.7,18.3,35.2,30.1,N
2017-01-07,134955.02,77.6,20.9,36.7,28.5,N
2017-01-08,122777.02,69.22,28.0,33.1,29.3,N
2017-01-09,116211.99,68.1,18.5,24.4,14.3,N
2017-01-10,120366.32,72.81,17.7,26.2,28.6,N
2017-01-11,111595.86,65.74,16.6,24.3,25.9,N
2017-01-12,118783.94,70.49,14.9,26.5,30.7,N
2017-01-13,111341.67,70.01,17.5,28.8,1.3,N
2017-01-14,88996.63,42.29,15.2,23.5,16.5,N
2017-01-15,90294.0,55.44,15.2,21.5,22.7,N
2017-01-16,120928.71,108.17,12.2,32.7,30.5,N
2017-01-17,140517.65,129.24,16.4,37.8,25.5,N
2017-01-18,111211.35,75.17,15.6,20.8,27.5,N
2017-01-19,112371.41,62.89,11.0,23.4,29.7,N
2017-01-20,107937.68,38.99,16.1,20.8,13.2,N
2017-01-21,96779.07,46.48,15.3,22.6,25.1,N
2017-01-22,103291.61,60.78,12.7,29.6,30.3,N
2017-01-23,141332.05,79.11,17.8,36.7,19.2,N
2017-01-24,115664.16,59.82,19.1,22.0,27.6,N
2017-01-25,111936.7,58.88,13.5,21.1,29.8,N
2017-01-26,98590.06,37.84,16.4,21.2,16.9,N
2017-01-27,112513.82,69.66,17.0,23.6,29.3,N
2017-01-28,108336.53,74.06,15.0,29.2,29.2,N
2017-01-29,109020.58,76.59,15.1,27.0,29.4,N
2017-01-30,124292.95,96.17,17.8,30.0,3.7,N
2017-01-31,112863.01,58.79,16.5,22.1,26.8,Y
2017-02-01,114133.73,66.86,14.3,20.6,9.3,Y
2017-02-02,110669.27,82.47,14.2,24.1,28.2,Y
2017-02-03,117452.27,87.11,15.4,27.6,28.1,Y
2017-02-04,117361.7,80.82,14.6,35.9,27.3,Y
2017-02-05,110384.28,113.87,18.5,30.7,9.3,Y
2017-02-06,108761.37,92.1,15.1,18.0,3.9,Y
2017-02-07,111543.81,69.07,15.4,27.6,27.9,Y
2017-02-08,142213.66,135.06,16.5,36.0,27.7,Y
2017-02-09,155060.61,156.7,20.3,36.0,24.4,Y
2017-02-10,138793.59,213.34,18.7,27.1,21.3,Y
2017-02-11,111983.51,97.61,18.5,24.6,21.0,Y
2017-02-12,89003.15,19.87,15.1,19.9,12.6,Y
2017-02-13,104844.1,69.04,14.0,21.0,20.5,Y
2017-02-14,111613.05,90.69,14.5,19.5,15.6,Y
2017-02-15,116299.39,79.04,10.0,31.5,26.0,Y
2017-02-16,119947.59,112.89,14.9,23.6,23.2,Y
2017-02-17,111885.97,93.73,13.7,25.5,18.4,Y
2017-02-18,95623.35,49.82,13.3,18.9,16.1,Y
2017-02-19,91280.02,53.12,11.7,17.3,9.9,Y
2017-02-20,105341.86,93.73,11.6,20.3,22.4,Y
2017-02-21,112351.47,103.25,10.1,24.0,25.0,Y
2017-02-22,116690.17,78.06,12.8,33.3,23.1,Y
2017-02-23,117948.68,102.36,15.9,25.0,23.5,Y
2017-02-24,111229.52,98.21,15.8,20.0,13.2,Y
2017-02-25,95046.91,45.61,13.7,19.4,23.9,Y
2017-02-26,100495.61,56.03,13.2,29.8,24.2,Y
2017-02-27,131090.78,96.55,15.6,33.1,23.9,Y
2017-02-28,140167.5,99.95,17.3,33.6,23.6,Y
2017-03-01,137291.97,86.0,16.6,30.5,23.7,Y
2017-03-02,127633.28,85.5,17.7,23.3,22.0,Y
2017-03-03,124311.33,73.93,18.1,28.6,18.1,Y
2017-03-04,116083.29,77.6,16.1,27.4,23.0,Y
2017-03-05,103539.02,45.46,17.6,25.4,16.8,Y
2017-03-06,116447.86,56.63,17.7,27.4,22.3,Y
2017-03-07,117931.46,57.52,15.0,28.2,22.4,Y
2017-03-08,124370.76,73.92,14.2,31.5,22.1,Y
2017-03-09,129649.25,83.89,15.0,32.3,21.1,Y
2017-03-10,125346.08,82.03,18.5,23.8,19.4,Y
2017-03-11,108816.81,50.76,18.0,26.4,13.9,Y
2017-03-12,102617.51,42.48,17.9,27.1,19.6,Y
2017-03-13,104468.9,66.84,15.7,24.3,20.7,Y
2017-03-14,133227.78,101.44,18.8,32.7,20.8,Y
2017-03-15,139672.84,102.01,20.8,33.2,18.9,Y
2017-03-16,124255.98,87.89,21.7,23.0,4.8,Y
2017-03-17,111612.07,70.75,15.8,22.1,20.1,Y
2017-03-18,107731.78,68.88,12.4,30.8,19.9,Y
2017-03-19,113593.82,121.12,14.5,33.5,19.7,Y
2017-03-20,131980.98,184.82,19.3,28.0,11.3,Y
2017-03-21,127625.36,112.9,19.9,26.1,6.1,Y
2017-03-22,114696.37,77.0,17.8,21.8,7.3,Y
2017-03-23,111632.84,97.82,16.2,25.1,17.2,Y
2017-03-24,115411.41,118.45,13.9,24.7,16.1,Y
2017-03-25,107465.98,138.79,15.3,29.7,13.5,Y
2017-03-26,104189.1,147.48,19.3,26.7,14.6,Y
2017-03-27,116237.22,118.56,19.3,31.9,7.6,Y
2017-03-28,111032.98,121.91,11.9,24.3,17.8,Y
2017-03-29,109640.33,133.8,13.9,27.2,14.7,Y
2017-03-30,107491.87,115.19,10.2,17.9,13.0,Y
2017-03-31,110662.25,145.22,10.1,17.9,12.3,N
2017-04-01,97402.26,99.25,10.0,19.0,13.5,N
2017-04-02,94477.1,92.92,11.7,18.2,10.1,N
2017-04-03,107895.52,106.45,8.2,21.5,16.8,N
2017-04-04,113138.67,122.66,10.0,24.4,16.4,N
2017-04-05,114191.35,142.28,11.0,25.4,15.8,N
2017-04-06,114817.31,126.18,12.0,26.6,13.5,N
2017-04-07,110160.02,101.33,12.7,26.2,15.6,N
2017-04-08,99084.74,95.87,18.6,28.1,13.8,N
2017-04-09,96041.9,74.59,11.7,15.2,6.5,N
2017-04-10,113287.06,111.8,9.0,17.0,3.0,N
2017-04-11,114159.96,130.04,12.3,18.5,13.5,N
2017-04-12,114336.0,126.57,10.8,19.3,14.0,N
2017-04-13,112704.04,117.54,10.9,22.2,13.9,N
2017-04-14,97436.41,109.77,13.0,17.9,8.9,N
2017-04-15,99608.57,116.78,11.8,17.3,9.7,N
2017-04-16,96594.74,95.65,9.9,22.6,10.1,N
2017-04-17,99945.5,104.58,11.1,18.3,10.9,N
2017-04-18,111955.18,112.82,9.5,20.4,13.7,N
2017-04-19,114436.97,101.31,13.0,26.9,12.7,Y
2017-04-20,112816.68,104.08,14.6,26.5,12.4,Y
2017-04-21,114522.44,133.23,16.5,20.9,3.6,Y
2017-04-22,102528.4,111.67,16.9,22.5,11.8,Y
2017-04-23,97356.56,90.73,14.4,21.8,11.9,Y
2017-04-24,109421.82,113.26,15.9,24.7,9.9,Y
2017-04-25,101548.74,86.79,16.2,17.7,5.8,Y
2017-04-26,116795.24,100.7,10.1,14.5,6.4,Y
2017-04-27,126329.53,145.68,8.3,15.6,7.1,Y
2017-04-28,120144.19,120.81,9.4,19.8,6.0,Y
2017-04-29,104864.05,100.82,14.9,18.1,7.9,Y
2017-04-30,103756.53,109.58,13.6,17.8,7.3,Y
2017-05-01,115103.77,99.16,13.6,20.4,8.7,Y
2017-05-02,120718.64,109.92,10.4,15.2,9.4,Y
2017-05-03,129196.44,128.64,7.4,15.3,10.8,Y
2017-05-04,127260.05,123.47,5.8,16.9,12.0,Y
2017-05-05,123150.38,108.29,6.2,20.5,10.6,Y
2017-05-06,105013.07,81.78,9.6,20.0,6.1,Y
2017-05-07,107424.07,104.91,8.9,14.8,9.4,Y
2017-05-08,125858.27,132.97,10.1,15.8,7.2,Y
2017-05-09,126760.71,138.99,10.9,15.9,7.3,Y
2017-05-10,125747.73,149.62,8.1,17.7,11.3,Y
2017-05-11,128753.13,170.29,6.1,16.5,8.6,Y
2017-05-12,123523.0,129.31,5.9,19.5,9.9,Y
2017-05-13,109477.42,130.32,8.4,15.6,10.1,Y
2017-05-14,107497.03,126.92,6.4,15.1,7.7,Y
2017-05-15,125871.92,134.64,6.3,16.9,8.2,Y
2017-05-16,127820.72,128.31,5.6,18.2,9.0,Y
2017-05-17,125072.68,123.83,7.6,17.0,3.8,Y
2017-05-18,122910.48,107.84,10.7,20.2,9.8,Y
2017-05-19,123351.45,96.44,10.2,17.8,2.5,Y
2017-05-20,109111.62,88.14,10.2,19.3,9.8,Y
2017-05-21,105912.16,76.78,10.8,18.7,6.8,Y
2017-05-22,113551.04,72.93,10.4,20.3,10.1,Y
2017-05-23,119127.2,96.84,12.8,19.3,7.4,Y
2017-05-24,121571.97,103.24,11.7,17.1,8.0,Y
2017-05-25,124010.03,108.52,13.7,18.5,5.7,Y
2017-05-26,123130.6,94.7,13.1,18.0,8.2,Y
2017-05-27,104643.67,60.86,11.9,17.8,8.3,Y
2017-05-28,110029.55,72.34,10.2,15.3,7.6,Y
2017-05-29,130516.1,96.08,7.7,14.8,8.0,Y
2017-05-30,132762.38,95.71,9.3,13.1,6.9,Y
2017-05-31,139030.79,120.65,6.7,13.0,8.5,Y
2017-06-01,140202.73,113.31,7.9,13.9,4.7,Y
2017-06-02,136856.8,96.84,8.0,14.7,7.3,Y
2017-06-03,122161.4,107.25,9.9,14.3,8.3,Y
2017-06-04,118953.95,109.74,4.4,15.8,9.3,Y
2017-06-05,132877.45,101.13,5.6,17.5,5.0,Y
2017-06-06,133274.53,97.89,8.7,13.9,6.3,Y
2017-06-07,136116.12,105.7,5.9,14.3,9.2,Y
2017-06-08,139511.78,110.13,3.6,15.0,7.2,Y
2017-06-09,130994.54,99.98,6.6,15.0,7.8,Y
2017-06-10,120698.91,97.62,7.0,15.8,8.9,Y
2017-06-11,113374.46,87.88,3.4,15.5,8.6,Y
2017-06-12,117691.68,101.71,6.0,15.9,5.1,Y
2017-06-13,135184.95,109.95,8.8,15.1,6.6,Y
2017-06-14,136253.42,93.59,4.0,17.4,8.9,Y
2017-06-15,135303.26,102.84,7.7,19.0,7.4,Y
2017-06-16,135269.63,107.36,6.6,17.1,8.9,Y
2017-06-17,121178.68,104.29,4.2,15.5,9.2,Y
2017-06-18,116112.74,93.62,5.4,16.3,7.9,Y
2017-06-19,134925.74,95.97,7.1,16.1,6.0,Y
2017-06-20,131996.97,85.8,6.4,15.8,9.2,Y
2017-06-21,139814.3,106.97,7.8,13.5,5.0,Y
2017-06-22,140348.57,94.86,6.7,14.1,6.7,Y
2017-06-23,132029.57,80.27,7.4,14.9,8.2,Y
2017-06-24,122393.32,84.97,8.3,12.3,7.3,Y
2017-06-25,118103.86,72.87,8.6,14.3,5.3,Y
2017-06-26,138040.38,104.32,8.8,12.6,7.8,Y
2017-06-27,144526.63,100.2,6.0,12.1,4.4,Y
2017-06-28,141351.89,98.54,6.8,14.1,5.4,Y
2017-06-29,138124.06,102.53,9.2,13.7,5.0,Y
2017-06-30,139275.78,124.68,7.1,12.3,8.4,N
2017-07-01,125949.5,114.76,1.1,12.7,9.3,N
2017-07-02,120137.45,110.11,0.8,14.3,9.2,N
2017-07-03,139765.32,150.61,3.8,13.9,3.9,N
2017-07-04,134029.8,132.55,9.0,16.2,6.4,N
2017-07-05,134084.66,146.18,10.1,15.8,6.5,N
2017-07-06,137899.71,141.68,4.8,15.0,8.7,N
2017-07-07,134078.07,131.27,8.0,14.2,9.4,N
2017-07-08,123687.97,129.14,5.3,13.5,5.1,N
2017-07-09,116064.03,115.13,7.3,14.6,7.3,N
2017-07-10,133132.32,123.97,7.0,16.0,5.7,N
2017-07-11,137352.78,148.68,6.9,14.3,9.7,N
2017-07-12,138152.1,117.95,3.2,15.1,9.8,N
2017-07-13,134622.39,106.15,4.8,13.3,5.5,N
2017-07-14,131387.74,111.39,9.9,15.9,8.6,N
2017-07-15,124486.7,136.11,4.5,12.0,9.4,N
2017-07-16,119927.64,102.15,3.0,12.5,7.8,N
2017-07-17,131868.24,99.85,5.7,15.3,6.3,N
2017-07-18,136121.84,110.0,9.7,14.5,5.8,Y
2017-07-19,133906.26,109.56,8.9,13.2,7.7,Y
2017-07-20,139316.29,133.74,7.9,10.7,5.9,Y
2017-07-21,140073.89,130.19,3.3,13.8,10.3,Y
2017-07-22,122397.13,91.66,5.4,12.4,7.0,Y
2017-07-23,118007.67,107.89,8.4,14.1,5.4,Y
2017-07-24,136330.59,122.65,8.1,16.1,8.3,Y
2017-07-25,129699.27,113.03,9.8,17.2,9.0,Y
2017-07-26,133198.34,117.28,10.9,15.0,8.7,Y
2017-07-27,136003.92,117.32,4.4,14.2,8.7,Y
2017-07-28,130432.05,111.31,6.2,14.3,9.8,Y
2017-07-29,111331.24,93.45,9.7,17.9,10.1,Y
2017-07-30,107580.5,91.42,11.3,18.1,8.3,Y
2017-07-31,132276.88,137.48,6.7,14.8,11.5,Y
2017-08-01,137617.88,137.98,3.5,15.5,11.5,Y
2017-08-02,140729.18,113.49,3.4,12.9,7.5,Y
2017-08-03,151355.43,169.23,3.1,9.0,4.4,Y
2017-08-04,141647.89,110.35,4.3,12.1,7.2,Y
2017-08-05,116696.45,82.77,8.8,14.2,11.7,Y
2017-08-06,117351.14,86.2,9.0,13.0,8.2,Y
2017-08-07,138963.18,111.49,7.7,12.3,7.3,Y
2017-08-08,139108.43,111.55,7.9,15.0,7.5,Y
2017-08-09,130044.38,105.28,8.9,16.8,11.5,Y
2017-08-10,122361.93,86.92,11.4,18.8,8.4,Y
2017-08-11,122862.35,78.93,10.3,16.4,9.3,Y
2017-08-12,113669.45,77.12,10.3,17.9,9.9,Y
2017-08-13,106274.56,68.29,9.4,18.7,11.1,Y
2017-08-14,121533.96,101.4,12.3,20.1,12.6,Y
2017-08-15,127193.3,99.09,10.4,17.5,3.2,Y
2017-08-16,121445.38,72.16,12.1,18.1,10.9,Y
2017-08-17,129223.8,73.71,9.3,15.6,9.1,Y
2017-08-18,133562.98,92.11,8.0,12.2,9.4,Y
2017-08-19,124852.67,97.97,5.9,11.8,11.6,Y
2017-08-20,119798.99,92.82,5.1,13.3,13.9,Y
2017-08-21,140410.3,108.91,6.8,12.7,7.9,Y
2017-08-22,133809.46,107.94,5.7,16.8,11.1,Y
2017-08-23,133056.82,106.65,8.3,18.1,9.7,Y
2017-08-24,135619.94,118.92,5.2,13.3,13.0,Y
2017-08-25,133666.57,120.17,4.9,15.0,13.3,Y
2017-08-26,117444.1,93.66,9.9,15.3,8.5,Y
2017-08-27,115177.94,93.12,5.8,10.7,11.8,Y
2017-08-28,139414.5,163.41,5.8,11.8,14.6,Y
2017-08-29,139814.04,143.85,5.4,12.9,9.1,Y
2017-08-30,137513.46,118.3,7.7,13.8,12.3,Y
2017-08-31,133982.25,115.43,4.0,16.7,15.9,Y
2017-09-01,128707.42,102.28,3.7,17.0,14.4,Y
2017-09-02,114098.12,89.33,7.3,18.4,6.3,Y
2017-09-03,103964.33,67.07,13.4,17.2,6.3,Y
2017-09-04,128001.06,93.83,8.8,13.7,13.4,Y
2017-09-05,137696.67,95.6,6.5,13.3,11.0,Y
2017-09-06,134819.94,101.02,6.7,15.1,11.0,Y
2017-09-07,133405.72,93.03,7.9,15.2,9.5,Y
2017-09-08,132543.1,102.42,8.0,13.5,13.1,Y
2017-09-09,120454.01,96.91,7.1,14.9,15.9,Y
2017-09-10,114584.06,91.88,5.3,16.1,12.3,Y
2017-09-11,127169.03,86.69,8.1,18.1,7.0,Y
2017-09-12,130906.89,94.77,12.2,19.9,3.5,Y
2017-09-13,127192.32,88.36,13.3,16.4,8.2,Y
2017-09-14,131986.8,89.57,5.8,15.3,10.8,Y
2017-09-15,128761.6,89.24,9.6,16.7,7.0,Y
2017-09-16,111301.56,89.61,7.4,13.3,16.7,Y
2017-09-17,104766.0,75.51,4.0,18.1,19.0,Y
2017-09-18,115123.54,79.78,10.5,22.0,15.7,Y
2017-09-19,124033.96,92.37,9.0,13.9,16.6,Y
2017-09-20,123461.38,82.6,6.0,19.2,17.3,Y
2017-09-21,119309.93,74.96,11.6,23.6,13.0,Y
2017-09-22,116611.25,75.29,12.8,25.6,15.6,N
2017-09-23,101012.29,63.02,14.8,30.6,17.3,N
2017-09-24,92608.24,43.2,12.9,19.9,12.0,N
2017-09-25,119126.48,71.24,10.3,14.2,10.9,N
2017-09-26,124452.94,79.8,5.0,15.1,20.4,N
2017-09-27,119028.07,72.55,9.6,24.6,11.7,N
2017-09-28,116655.85,61.65,10.4,18.5,12.8,N
2017-09-29,102847.26,42.63,10.6,18.4,14.5,N
2017-09-30,100701.82,47.31,11.0,15.4,16.1,N
2017-10-01,103556.74,58.99,9.7,17.2,9.2,N
2017-10-02,119226.42,74.5,9.5,16.4,16.4,N
2017-10-03,118856.42,79.06,6.8,22.3,21.8,N
2017-10-04,114604.62,71.11,8.5,20.8,21.6,N
2017-10-05,113134.58,65.32,11.7,19.4,10.4,N
2017-10-06,118359.28,53.43,10.1,15.0,16.8,N
2017-10-07,101974.6,38.89,7.2,23.7,17.3,N
2017-10-08,97053.55,56.16,11.1,25.3,19.5,N
2017-10-09,111432.36,68.88,14.0,18.7,16.7,N
2017-10-10,116556.42,77.45,8.0,18.8,23.6,Y
2017-10-11,114133.54,55.55,9.8,25.6,7.5,Y
2017-10-12,113957.74,56.96,10.5,19.2,15.6,Y
2017-10-13,117048.72,83.76,13.1,16.7,12.5,Y
2017-10-14,102037.16,85.4,8.2,16.1,23.6,Y
2017-10-15,98108.82,71.6,6.8,17.6,24.5,Y
2017-10-16,115907.4,84.01,11.3,28.6,23.8,Y
2017-10-17,117470.22,76.52,12.8,30.2,24.9,Y
2017-10-18,121087.1,92.33,14.5,30.9,25.1,Y
2017-10-19,118201.18,80.38,21.7,25.6,9.8,Y
2017-10-20,108412.67,72.72,11.3,16.2,24.0,Y
2017-10-21,102195.98,73.11,11.0,15.4,12.8,Y
2017-10-22,100571.04,76.33,11.1,16.0,13.0,Y
2017-10-23,115549.43,90.68,11.9,19.0,21.8,Y
2017-10-24,118010.31,91.93,12.1,20.5,18.7,Y
2017-10-25,115813.03,98.04,13.3,18.5,12.5,Y
2017-10-26,117333.44,89.91,12.9,16.8,12.2,Y
2017-10-27,112633.26,78.66,10.3,27.4,26.1,Y
2017-10-28,100746.42,81.09,15.0,21.4,16.8,Y
2017-10-29,92182.96,61.46,11.5,28.6,27.1,Y
2017-10-30,112227.65,77.42,8.8,17.0,17.0,Y
2017-10-31,116179.47,86.96,8.1,16.4,24.8,Y
2017-11-01,116632.09,87.03,11.9,18.0,14.2,Y
2017-11-02,120470.79,87.51,11.3,17.4,17.0,Y
2017-11-03,113451.99,76.93,9.4,16.6,20.5,Y
2017-11-04,101610.81,78.73,8.3,15.8,24.6,Y
2017-11-05,95368.16,77.64,6.4,17.6,24.1,Y
2017-11-06,104632.79,80.93,10.9,16.1,18.9,Y
2017-11-07,100592.3,78.32,10.0,15.8,18.8,Y
2017-11-08,111738.48,91.0,12.1,16.9,25.4,Y
2017-11-09,113539.94,85.58,8.7,21.8,28.8,Y
2017-11-10,115156.44,92.62,12.1,27.2,23.7,Y
2017-11-11,104194.34,83.49,14.8,24.7,28.8,Y
2017-11-12,98774.23,73.95,13.2,23.3,25.0,Y
2017-11-13,125795.84,102.55,13.7,33.0,29.5,Y
2017-11-14,135420.82,94.73,18.2,33.9,29.5,Y
2017-11-15,130385.05,90.97,21.5,31.4,16.9,Y
2017-11-16,116715.96,88.82,18.1,21.3,4.8,Y
2017-11-17,117797.62,99.45,16.4,26.8,22.9,Y
2017-11-18,106730.21,89.77,16.1,28.1,20.1,Y
2017-11-19,101256.78,81.88,15.1,29.3,27.5,Y
2017-11-20,128658.27,131.3,16.6,30.8,28.6,Y
2017-11-21,137151.5,152.75,17.8,32.9,29.5,Y
2017-11-22,138882.25,116.88,18.7,32.6,30.6,Y
2017-11-23,135162.12,105.27,16.2,31.9,18.9,Y
2017-11-24,133951.29,116.56,18.6,30.7,13.8,Y
2017-11-25,121219.6,99.01,19.3,32.5,17.0,Y
2017-11-27,115429.0,84.61,16.5,21.2,20.5,Y
2017-11-28,129798.47,130.5,13.7,31.0,31.1,Y
2017-11-29,151730.95,166.55,18.5,35.8,28.3,Y
2017-11-30,154632.34,131.49,22.5,34.9,23.1,Y
2017-12-01,125141.9,87.15,21.5,23.5,1.6,Y
2017-12-02,99234.22,66.26,14.7,16.4,0.7,Y
2017-12-03,92487.7,67.76,11.5,17.1,14.4,Y
2017-12-04,111625.98,84.04,12.4,17.5,7.9,Y
2017-12-05,113063.68,82.84,10.8,22.8,22.9,Y
2017-12-06,115383.13,89.56,13.6,21.3,23.6,Y
2017-12-07,115736.97,102.59,11.6,21.9,19.8,Y
2017-12-08,109568.47,87.47,11.4,18.7,28.5,Y
2017-12-09,99334.8,82.98,12.7,23.0,19.2,Y
2017-12-10,97715.01,81.09,14.5,22.2,31.4,Y
2017-12-11,114680.18,97.61,16.4,20.7,26.3,Y
2017-12-12,121945.18,105.0,15.8,26.4,31.3,Y
2017-12-13,146933.1,94.5,15.8,37.6,32.0,Y
2017-12-14,129280.81,101.87,20.5,23.1,21.7,Y
2017-12-15,120821.05,105.44,14.1,26.4,32.1,Y
2017-12-16,110154.36,99.48,13.8,24.6,31.0,Y
2017-12-17,107212.84,82.05,15.7,24.5,30.5,Y
2017-12-18,138949.67,117.27,17.1,33.0,22.1,Y
2017-12-19,142870.4,106.5,19.7,37.4,12.1,Y
2017-12-20,114916.99,78.74,15.8,24.5,19.0,Y
2017-12-21,114462.53,85.78,12.3,23.7,31.9,Y
2017-12-22,116428.79,81.6,13.6,27.7,26.6,N
2017-12-23,109364.01,79.9,14.7,30.2,21.2,N
2017-12-24,92856.23,58.94,15.8,19.4,25.7,N
2017-12-25,85094.37,44.9,15.1,21.4,29.0,N
2017-12-26,98638.86,72.85,12.5,30.5,31.9,N
2017-12-27,128753.76,113.65,17.3,34.5,30.6,N
2017-12-28,130699.15,109.49,24.0,32.8,13.5,N
2017-12-29,115572.04,93.83,18.6,24.4,9.3,N
2017-12-30,96358.98,59.48,15.6,21.3,13.6,N
2017-12-31,95700.48,61.49,12.0,25.7,31.7,N
2018-01-01,95959.68,71.82,16.6,25.3,31.4,N
2018-01-02,105277.85,69.39,16.4,21.8,29.7,N
2018-01-03,106373.83,67.24,14.6,21.0,27.2,N
2018-01-04,113337.68,78.74,14.1,23.6,31.8,N
2018-01-05,123247.74,90.83,14.7,30.7,31.7,N
2018-01-06,133705.84,75.59,18.8,41.7,31.5,N
2018-01-07,107142.82,80.98,18.7,21.8,11.0,N
2018-01-08,118832.07,87.93,17.3,21.9,17.5,N
2018-01-09,111361.05,76.72,15.7,22.5,30.0,N
2018-01-10,116530.04,80.21,13.6,25.6,23.5,N
2018-01-11,139607.9,87.8,15.5,34.5,28.6,N
2018-01-12,132022.87,94.0,20.4,30.0,1.7,N
2018-01-13,98977.05,73.28,16.0,20.9,10.7,N
2018-01-14,92021.68,66.66,12.7,19.5,27.5,N
2018-01-15,109389.1,86.38,14.6,20.9,21.1,N
2018-01-16,116074.03,92.84,12.9,26.9,31.1,N
2018-01-17,129286.37,100.28,12.4,30.3,30.9,N
2018-01-18,154648.07,1210.14,16.6,40.0,30.8,N
2018-01-19,165070.6,647.57,22.5,40.3,30.6,N
2018-01-20,124825.02,94.1,20.3,24.6,20.2,N
2018-01-21,127305.2,121.71,21.0,28.2,14.9,N
2018-01-22,137955.43,115.13,20.5,23.9,27.3,N
2018-01-23,128314.47,102.37,18.0,23.6,28.3,N
2018-01-24,128899.77,103.43,14.8,23.3,27.5,N
2018-01-25,139245.21,155.5,17.1,26.6,28.1,N
2018-01-26,128599.46,91.43,19.4,28.4,19.9,N
2018-01-27,139114.59,104.88,21.2,33.2,27.5,N
2018-01-28,159436.69,290.42,22.7,38.1,28.5,N
2018-01-29,160437.57,107.66,27.8,33.5,7.3,N
2018-01-30,115239.57,78.57,15.6,21.0,14.1,N
2018-01-31,108524.18,65.22,14.6,19.1,19.6,Y
2018-02-01,109949.21,72.41,12.1,22.5,28.9,Y
2018-02-02,112946.34,80.45,13.4,22.1,28.4,Y
2018-02-03,104947.32,86.52,15.8,28.1,26.7,Y
2018-02-04,106065.93,98.92,14.7,25.7,28.5,Y
2018-02-05,126465.96,103.83,17.0,25.7,24.0,Y
2018-02-06,137539.72,104.23,17.7,29.9,27.6,Y
2018-02-07,159307.32,624.26,18.7,37.4,27.1,Y
2018-02-08,149473.01,106.65,20.6,27.5,15.8,Y
2018-02-09,137101.87,113.71,20.4,24.9,17.2,Y
2018-02-10,118113.8,83.52,18.7,30.3,6.6,Y
2018-02-11,100440.29,66.27,15.5,21.2,18.5,Y
2018-02-12,116209.13,93.17,16.3,23.6,22.2,Y
2018-02-13,124882.72,99.61,13.6,29.0,26.0,Y
2018-02-14,115269.5,72.05,17.5,23.3,22.8,Y
2018-02-15,117260.24,83.19,13.5,24.2,18.4,Y
2018-02-16,114736.36,86.84,15.7,22.2,24.8,Y
2018-02-17,105799.94,82.76,12.4,25.3,24.1,Y
2018-02-18,105085.51,77.34,13.6,24.0,20.5,Y
2018-02-19,113116.42,74.68,17.6,25.4,20.9,Y
2018-02-20,120035.39,78.8,14.1,29.5,25.5,Y
2018-02-21,124481.42,84.56,16.0,29.3,16.0,Y
2018-02-22,133607.06,88.85,20.3,31.0,16.8,Y
2018-02-23,136328.34,85.71,21.2,33.5,13.4,Y
2018-02-24,119226.43,75.07,22.7,31.6,4.8,Y
2018-02-25,96305.07,56.0,16.2,19.8,10.0,Y
2018-02-26,117952.36,76.81,14.3,26.5,24.3,Y
2018-02-27,127894.29,73.64,14.9,31.3,24.0,Y
2018-02-28,123400.17,69.09,20.0,30.9,19.6,Y
2018-03-01,117346.26,78.6,16.2,20.5,17.7,Y
2018-03-02,119960.33,91.87,14.5,22.8,19.6,Y
2018-03-03,111096.3,80.62,13.9,32.7,21.8,Y
2018-03-04,101334.2,72.6,15.8,21.0,22.2,Y
2018-03-05,112527.28,70.62,14.9,21.1,16.6,Y
2018-03-06,113850.81,61.35,12.5,27.6,22.6,Y
2018-03-07,122717.5,73.27,14.4,28.5,22.4,Y
2018-03-08,128732.59,94.57,14.9,30.5,22.1,Y
2018-03-09,127805.49,99.17,14.6,28.8,21.9,Y
2018-03-10,120398.88,91.99,14.3,35.1,21.6,Y
2018-03-11,104486.18,74.15,17.0,22.8,14.3,Y
2018-03-12,97542.31,63.45,16.7,20.9,10.2,Y
2018-03-13,112663.62,77.09,14.6,20.5,18.8,Y
2018-03-14,114195.35,97.28,12.8,21.3,17.7,Y
2018-03-15,116045.27,101.69,15.3,20.8,13.9,Y
2018-03-16,116284.34,92.59,12.5,24.4,15.0,Y
2018-03-17,110715.12,75.23,15.4,32.0,15.1,Y
2018-03-18,97262.71,62.87,22.6,23.1,13.4,Y
2018-03-19,111617.95,77.17,13.2,28.0,17.8,Y
2018-03-20,110794.26,72.76,15.4,19.2,9.5,Y
2018-03-21,111254.32,71.2,11.2,25.1,18.3,Y
2018-03-22,115020.5,77.28,12.3,28.1,19.0,Y
2018-03-23,119298.32,78.64,15.2,29.4,18.8,Y
2018-03-24,112312.69,71.97,20.2,24.2,5.4,Y
2018-03-25,98918.52,40.26,17.8,25.4,11.6,Y
2018-03-26,112488.22,70.83,10.7,18.5,11.9,Y
2018-03-27,116809.37,64.57,9.6,22.6,14.0,Y
2018-03-28,117744.0,72.11,11.3,30.3,17.8,Y
2018-03-29,116457.26,79.37,16.5,21.8,14.2,N
2018-03-30,97070.34,69.45,12.2,23.3,14.3,N
2018-03-31,99687.64,81.41,13.2,22.4,16.7,N
2018-04-01,98817.03,73.97,13.0,27.7,11.0,N
2018-04-02,98258.25,62.41,14.9,20.9,14.4,N
2018-04-03,113381.53,80.11,13.4,19.8,13.9,N
2018-04-04,115974.61,90.07,13.3,20.6,16.6,N
2018-04-05,117551.7,86.89,13.3,18.7,9.0,N
2018-04-06,115979.07,85.69,13.8,21.2,14.8,N
2018-04-07,105938.48,84.9,9.8,21.6,16.0,N
2018-04-08,100571.16,58.24,11.8,29.9,14.7,N
2018-04-09,118702.93,91.69,15.9,25.7,13.6,N
2018-04-10,122423.01,76.33,14.8,28.8,5.9,N
2018-04-11,121944.99,75.04,18.1,27.3,10.9,N
2018-04-12,119876.63,77.71,15.9,26.5,7.4,N
2018-04-13,113609.76,69.76,11.9,25.9,14.4,N
2018-04-14,105135.3,37.74,13.5,16.1,3.1,N
2018-04-15,104123.39,31.68,9.7,19.1,4.9,N
2018-04-16,115694.64,69.36,13.1,21.0,7.1,N
2018-04-17,121092.85,86.53,13.2,16.6,8.9,Y
2018-04-18,120784.88,82.88,6.2,19.4,14.2,Y
2018-04-19,120448.94,93.53,11.0,22.3,13.0,Y
2018-04-20,118324.09,95.73,8.9,20.2,13.7,Y
2018-04-21,107479.26,74.44,11.9,22.8,11.3,Y
2018-04-22,103662.05,76.32,11.2,20.4,12.6,Y
2018-04-23,117799.97,72.74,11.9,26.9,13.0,Y
2018-04-24,117642.64,88.09,13.7,24.6,5.2,Y
2018-04-25,106654.96,77.46,15.7,20.1,7.7,Y
2018-04-26,117617.51,82.43,11.9,17.5,7.9,Y
2018-04-27,119079.46,78.21,11.6,17.8,8.8,Y
2018-04-28,108613.38,70.0,7.7,18.3,11.7,Y
2018-04-29,105277.72,64.16,10.5,18.0,9.6,Y
2018-04-30,121551.68,77.97,8.8,19.6,12.3,Y
2018-05-01,122642.23,73.97,7.2,23.4,12.3,Y
2018-05-02,118716.6,67.27,10.2,23.2,7.2,Y
2018-05-03,117357.84,52.77,14.5,24.4,4.4,Y
2018-05-04,116870.46,54.64,11.5,17.2,7.8,Y
2018-05-05,106893.0,58.57,12.1,21.6,6.5,Y
2018-05-06,105840.39,61.9,9.9,21.7,11.0,Y
2018-05-07,118254.55,49.42,12.0,19.5,6.2,Y
2018-05-08,122876.86,101.29,13.4,17.9,10.6,Y
2018-05-09,122721.46,127.59,8.0,18.4,7.5,Y
2018-05-10,128518.5,62.88,9.0,12.8,8.5,Y
2018-05-11,133467.37,63.67,7.4,15.1,3.7,Y
2018-05-12,111273.75,62.66,11.0,16.9,9.0,Y
2018-05-13,108729.71,65.51,13.0,16.2,10.8,Y
2018-05-14,129885.96,111.67,6.8,15.9,8.2,Y
2018-05-15,131900.52,97.88,8.9,14.6,4.6,Y
2018-05-16,133399.23,124.09,9.4,14.3,7.6,Y
2018-05-17,131757.16,108.95,11.7,15.0,6.9,Y
2018-05-18,127353.57,96.16,12.3,17.7,8.0,Y
2018-05-19,119262.14,93.62,10.6,15.5,6.5,Y
2018-05-20,112349.26,78.28,11.8,16.2,1.7,Y
2018-05-21,124046.8,82.72,12.6,16.7,5.0,Y
2018-05-22,126923.0,91.62,13.0,17.0,3.6,Y
2018-05-23,129352.83,118.69,11.8,15.3,6.5,Y
2018-05-24,129553.94,99.49,12.9,16.1,5.1,Y
2018-05-25,127957.57,92.99,9.4,14.9,9.5,Y
2018-05-26,115384.08,74.75,5.2,20.5,9.9,Y
2018-05-27,106044.51,54.19,7.3,20.7,8.0,Y
2018-05-28,119360.27,70.17,12.9,20.5,6.0,Y
2018-05-29,123142.76,81.98,13.7,17.9,8.1,Y
2018-05-30,127830.62,82.54,7.7,15.1,7.9,Y
2018-05-31,131159.95,90.36,9.6,14.8,7.6,Y
2018-06-01,135864.06,101.41,4.1,13.3,9.6,Y
2018-06-02,123226.08,99.85,3.5,13.6,9.6,Y
2018-06-03,121177.58,91.04,4.3,13.8,8.5,Y
2018-06-04,135385.41,120.25,4.5,14.4,9.3,Y
2018-06-05,132975.13,105.8,7.5,15.0,8.8,Y
2018-06-06,132038.42,106.23,5.6,19.1,9.4,Y
2018-06-07,128577.63,87.71,7.7,17.8,5.7,Y
2018-06-08,129910.02,130.08,12.4,13.6,3.3,Y
2018-06-09,120232.2,110.67,11.3,15.6,8.0,Y
2018-06-10,117037.87,75.52,4.1,15.3,9.3,Y
2018-06-11,113420.99,56.4,5.3,17.6,8.9,Y
2018-06-12,127261.29,78.29,7.9,16.6,6.7,Y
2018-06-13,131574.61,84.58,9.5,14.1,7.1,Y
2018-06-14,130544.49,72.49,8.6,14.5,7.8,Y
2018-06-15,133009.01,74.91,9.6,14.0,4.4,Y
2018-06-16,124351.23,81.8,6.9,13.1,7.1,Y
2018-06-17,120785.6,62.27,8.0,13.1,5.1,Y
2018-06-18,138518.73,112.5,9.5,12.0,5.9,Y
2018-06-19,143830.12,110.06,3.0,14.5,9.0,Y
2018-06-20,141305.88,91.29,4.3,15.3,8.0,Y
2018-06-21,143542.02,141.56,4.0,15.1,9.1,Y
2018-06-22,140296.4,131.56,4.3,15.0,8.5,Y
2018-06-23,132165.42,98.84,6.0,12.8,3.9,Y
2018-06-24,125850.58,95.16,9.0,13.1,5.7,Y
2018-06-25,141972.72,120.28,8.4,12.6,7.8,Y
2018-06-26,142842.4,102.35,8.4,14.1,6.6,Y
2018-06-27,148100.13,102.42,4.8,11.2,6.0,Y
2018-06-28,150445.47,112.8,5.3,10.6,5.2,Y
2018-06-29,139188.48,78.81,6.1,12.5,6.1,N
2018-06-30,125394.42,72.96,9.4,14.2,4.9,N
2018-07-01,124313.07,83.37,3.5,14.7,8.8,N
2018-07-02,140713.26,87.32,2.4,14.6,9.4,N
2018-07-03,135759.28,64.59,4.1,14.3,6.7,N
2018-07-04,128580.98,57.01,10.4,17.1,6.0,N
2018-07-05,125861.6,52.74,12.7,18.7,2.8,N
2018-07-06,124242.52,52.97,12.5,15.2,8.3,N
2018-07-07,119717.44,45.21,9.6,12.9,6.5,N
2018-07-08,114562.22,47.89,9.3,13.9,6.2,N
2018-07-09,133874.48,80.83,10.1,13.8,8.1,N
2018-07-10,140342.99,94.62,9.3,11.5,5.4,N
2018-07-11,143461.12,81.95,6.6,11.6,6.0,N
2018-07-12,145767.1,111.82,4.3,11.3,7.5,N
2018-07-13,140542.95,104.65,5.8,13.9,9.3,N
2018-07-14,124491.53,85.8,4.4,15.5,10.0,N
2018-07-15,119464.32,67.79,6.0,13.8,9.8,N
2018-07-16,137446.75,87.63,7.9,12.6,4.5,N
2018-07-17,131367.09,71.12,9.1,17.5,9.2,Y
2018-07-18,132856.72,72.34,6.2,15.2,10.3,Y
2018-07-19,133778.44,83.93,8.7,17.6,8.5,Y
2018-07-20,135728.41,88.91,7.2,12.1,7.2,Y
2018-07-21,125928.62,91.7,6.7,14.0,7.2,Y
2018-07-22,114186.8,73.14,8.0,14.8,10.5,Y
2018-07-23,134664.66,80.36,8.4,15.4,6.9,Y
2018-07-24,132967.19,71.12,8.6,15.6,7.1,Y
2018-07-25,135308.29,76.47,8.3,15.7,9.3,Y
2018-07-26,137634.12,86.41,7.7,15.1,8.9,Y
2018-07-27,130119.5,71.87,9.2,19.5,10.3,Y
2018-07-28,116942.94,57.98,8.4,18.6,9.3,Y
2018-07-29,111555.0,29.41,10.8,14.6,10.0,Y
2018-07-30,135422.13,60.04,8.2,12.6,7.3,Y
2018-07-31,129520.0,60.91,8.3,16.2,10.2,Y
2018-08-01,134004.96,78.76,9.9,14.8,11.4,Y
2018-08-02,129025.0,68.08,4.9,16.1,11.7,Y
2018-08-03,129740.31,79.41,7.8,18.4,6.3,Y
2018-08-04,116238.18,44.89,8.0,15.3,8.7,Y
2018-08-05,104912.38,37.44,10.6,17.6,11.2,Y
2018-08-06,127198.78,83.71,9.4,13.8,8.5,Y
2018-08-07,131851.02,75.54,7.3,14.8,9.6,Y
2018-08-08,131939.5,89.69,9.6,16.0,7.2,Y
2018-08-09,135670.99,82.76,5.6,15.4,8.6,Y
2018-08-10,121875.36,58.05,9.4,20.0,11.8,Y
2018-08-11,119988.74,64.6,8.1,14.7,7.4,Y
2018-08-12,115231.85,48.79,5.4,14.8,10.4,Y
2018-08-13,127541.57,79.76,7.9,14.9,8.6,Y
2018-08-14,121073.45,69.13,9.4,16.7,13.2,Y
2018-08-15,122602.12,67.8,11.5,18.4,10.1,Y
2018-08-16,131137.06,95.27,8.7,14.7,9.2,Y
2018-08-17,125189.54,77.62,7.7,15.9,12.2,Y
2018-08-18,116571.26,38.3,8.9,13.8,10.4,Y
2018-08-19,119707.93,50.45,6.7,11.9,9.3,Y
2018-08-20,138918.38,102.34,5.5,12.4,6.5,Y
2018-08-21,138424.25,119.23,8.6,12.4,7.7,Y
2018-08-22,136240.84,104.82,8.7,14.0,8.5,Y
2018-08-23,131956.72,89.58,5.6,16.0,11.1,Y
2018-08-24,130210.94,97.47,4.8,15.4,14.7,Y
2018-08-25,116471.77,118.49,3.9,15.2,14.9,Y
2018-08-26,111436.26,105.46,4.9,14.7,12.3,Y
2018-08-27,131280.85,105.01,6.8,12.9,12.4,Y
2018-08-28,139563.09,119.82,1.9,11.2,11.7,Y
2018-08-29,136032.16,118.38,0.8,12.5,15.5,Y
2018-08-30,139752.55,97.17,4.8,16.7,5.1,Y
2018-08-31,130466.92,122.43,8.9,16.0,6.8,Y
2018-09-01,116344.57,104.03,10.5,13.4,7.4,Y
2018-09-02,118402.9,137.13,5.0,12.3,11.2,Y
2018-09-03,131449.0,139.52,5.0,13.1,14.7,Y
2018-09-04,128192.08,119.57,3.4,19.5,14.7,Y
2018-09-05,118307.15,111.54,8.1,20.2,14.5,Y
2018-09-06,116467.37,138.91,13.8,20.6,9.5,Y
2018-09-07,123583.52,161.51,8.7,15.1,14.7,Y
2018-09-08,109948.62,109.29,4.2,17.5,16.2,Y
2018-09-09,107838.95,67.62,8.6,18.1,7.3,Y
2018-09-10,123132.62,92.62,13.4,18.0,10.2,Y
2018-09-11,111096.53,67.33,9.1,24.2,17.7,Y
2018-09-12,112935.04,83.69,11.7,18.5,15.8,Y
2018-09-13,117880.56,84.98,7.1,19.7,18.2,Y
2018-09-14,111213.15,35.22,10.9,22.7,18.2,Y
2018-09-15,108632.35,14.67,10.2,13.7,6.3,Y
2018-09-16,113030.0,81.64,5.5,14.0,15.3,Y
2018-09-17,118208.24,70.69,6.7,18.1,18.7,Y
2018-09-18,119622.29,85.45,11.0,20.3,8.0,Y
2018-09-19,123787.77,101.0,8.5,14.7,16.1,Y
2018-09-20,125335.57,115.43,3.8,17.4,18.5,Y
2018-09-21,120372.48,110.81,8.3,18.9,16.6,N
2018-09-22,107731.72,83.49,6.8,17.3,19.7,N
2018-09-23,107332.1,79.78,10.4,13.7,11.6,N
2018-09-24,119535.72,93.76,4.6,14.9,17.2,N
2018-09-25,124797.08,118.66,8.6,13.6,12.2,N
2018-09-26,119238.34,120.86,6.4,17.6,20.8,N
2018-09-27,110878.67,99.29,9.2,24.2,20.8,N
2018-09-28,108622.42,90.21,10.7,15.2,10.2,N
2018-09-29,109315.07,86.16,5.5,14.0,17.0,N
2018-09-30,106236.23,86.88,6.8,16.5,19.8,N
2018-10-01,114466.64,111.12,4.7,23.3,21.4,N
2018-10-02,114458.21,104.94,11.4,25.8,13.4,N
2018-10-03,115490.84,122.09,14.7,18.1,10.9,N
2018-10-04,115294.12,97.5,10.9,14.6,12.5,N
2018-10-05,112576.55,105.29,9.1,20.5,22.5,N
2018-10-06,102988.15,100.1,8.3,23.8,22.7,N
2018-10-07,100476.71,87.87,10.3,24.7,21.2,N
2018-10-08,113945.5,87.1,13.5,28.2,22.7,N
2018-10-11,110432.33,85.63,6.4,20.7,23.7,Y
2018-10-12,110457.34,88.47,8.7,22.7,23.9,Y
2018-10-13,96584.74,74.62,10.5,24.9,23.2,Y
2018-10-14,90918.62,56.86,12.4,27.3,22.1,Y
2018-10-15,108070.27,79.18,19.5,27.5,19.4,Y
2018-10-16,113889.41,89.03,20.0,23.1,6.1,Y
2018-10-17,112592.26,122.2,16.1,22.6,15.1,Y
2018-10-18,112806.58,165.78,14.7,20.7,10.5,Y
2018-10-19,107940.16,101.66,12.8,27.4,23.0,Y
2018-10-20,99368.85,96.29,11.7,16.1,9.8,Y
2018-10-21,98427.53,81.92,7.6,19.2,22.7,Y
2018-10-22,105893.62,84.18,8.9,27.0,25.7,Y
2018-10-23,109241.56,90.94,13.0,18.8,16.7,Y
2018-10-24,111423.36,93.34,9.2,15.5,19.7,Y
2018-10-25,112414.39,115.43,6.4,19.5,25.0,Y
2018-10-26,111145.12,111.2,9.6,18.3,23.7,Y
2018-10-27,97973.98,98.83,11.3,19.6,20.5,Y
2018-10-28,95624.02,110.22,9.3,15.9,22.8,Y
2018-10-29,110196.61,142.34,9.1,17.0,25.6,Y
2018-10-30,113459.02,149.08,8.3,25.2,25.8,Y
2018-10-31,114402.74,121.62,13.0,19.5,16.7,Y
2018-11-01,119350.66,101.79,12.8,34.3,14.2,Y
2018-11-02,116793.86,79.02,16.3,31.6,13.4,Y
2018-11-03,93859.28,74.73,12.6,20.9,19.9,Y
2018-11-04,96432.62,90.9,9.2,20.9,19.7,Y
2018-11-05,107014.08,104.63,14.5,28.6,15.8,Y
2018-11-06,100696.56,115.78,16.3,21.4,7.8,Y
2018-11-07,106387.2,95.57,11.1,17.2,18.2,Y
2018-11-08,109430.37,91.88,7.7,17.0,22.7,Y
2018-11-09,112506.95,101.73,8.0,20.0,14.8,Y
2018-11-10,100203.55,86.73,9.0,20.3,27.3,Y
2018-11-11,94602.89,76.67,9.3,19.6,29.1,Y
2018-11-12,114159.6,105.45,10.9,30.2,17.5,Y
2018-11-13,120185.26,111.57,16.9,30.5,18.4,Y
2018-11-14,116487.58,119.62,14.8,17.3,7.2,Y
2018-11-15,108628.34,96.5,13.7,18.1,23.8,Y
2018-11-16,107405.92,97.77,8.3,19.0,29.8,Y
2018-11-17,90498.92,83.27,9.6,18.1,29.9,Y
2018-11-18,92043.13,89.25,9.8,26.6,30.1,Y
2018-11-19,113978.54,104.47,15.4,30.9,27.5,Y
2018-11-20,118330.62,110.72,22.5,27.6,5.5,Y
2018-11-21,106618.19,100.43,12.3,23.2,24.2,Y
2018-11-22,107278.83,77.21,9.7,16.4,20.3,Y
2018-11-23,113582.6,93.53,11.0,14.5,3.5,Y
2018-11-24,101352.12,110.51,11.1,16.9,15.8,Y
2018-11-25,96240.41,116.46,12.7,18.8,20.5,Y
2018-11-26,110547.61,112.21,11.9,18.6,25.5,Y
2018-11-27,109706.42,109.76,14.4,20.0,23.3,Y
2018-11-28,106684.82,98.18,14.4,20.8,18.0,Y
2018-11-29,112586.74,116.33,13.9,18.7,21.1,Y
2018-11-30,110031.82,106.29,14.7,20.8,28.0,Y
2018-12-01,100725.24,71.1,10.3,31.7,30.8,Y
2018-12-02,88903.06,24.46,12.2,19.5,18.9,Y
2018-12-03,107666.3,71.13,13.3,23.6,13.4,Y
2018-12-04,111718.08,92.95,13.4,20.5,28.2,Y
2018-12-05,114225.12,86.81,13.4,25.2,31.1,Y
2018-12-06,135452.26,125.31,14.5,35.5,31.3,Y
2018-12-07,156648.41,177.86,25.1,38.0,27.1,Y
2018-12-08,121237.47,113.37,22.7,30.3,11.0,Y
2018-12-09,102161.12,80.19,16.0,20.1,11.8,Y
2018-12-10,110803.76,95.23,15.8,20.6,28.5,Y
2018-12-11,114413.78,118.64,13.0,23.6,31.6,Y
2018-12-12,129715.46,199.18,16.0,33.6,29.4,Y
2018-12-13,114986.33,101.86,16.9,21.1,6.0,Y
2018-12-14,110025.46,92.96,16.4,22.7,13.7,Y
2018-12-15,102577.14,101.63,17.2,24.8,17.5,Y
2018-12-16,99110.78,101.45,15.8,23.5,16.3,Y
2018-12-17,112804.4,101.4,15.6,21.8,23.2,Y
2018-12-18,113485.11,104.72,16.7,20.8,21.1,Y
2018-12-19,119907.24,117.71,16.8,26.9,16.6,Y
2018-12-20,111880.52,75.56,16.9,21.2,14.8,Y
2018-12-21,102075.92,65.93,15.4,20.9,9.6,N
2018-12-22,92725.74,69.25,14.1,19.1,27.8,N
2018-12-23,94938.4,65.61,11.5,26.9,32.3,N
2018-12-24,112358.82,96.82,14.3,34.2,32.3,N
2018-12-25,98191.66,55.24,15.8,23.9,32.2,N
2018-12-26,100017.2,77.58,13.3,23.8,32.3,N
2018-12-27,129749.14,102.31,16.2,37.4,29.3,N
2018-12-28,133831.37,121.46,21.9,36.4,19.1,N
2018-12-29,108290.11,91.72,21.0,23.9,5.7,N
2018-12-30,99613.86,84.17,18.2,22.7,9.9,N
2018-12-31,103381.92,84.9,17.3,23.5,31.3,N
2019-01-01,98933.06,78.56,15.5,26.2,31.7,N
2019-01-02,106470.68,92.2,18.4,22.2,26.3,N
2019-01-03,118789.6,127.38,15.9,29.5,27.6,N
2019-01-04,133288.46,121.02,18.0,42.6,27.4,N
2019-01-05,97262.79,83.49,17.4,21.2,12.9,N
2019-01-06,93606.22,65.77,14.6,22.1,30.9,N
2019-01-07,109874.9,85.08,17.1,23.1,30.2,N
2019-01-08,113446.1,104.91,16.7,24.1,28.9,N
2019-01-09,105483.44,91.85,16.1,20.5,28.4,N
2019-01-10,108078.7,96.41,13.5,21.4,25.8,N
2019-01-11,119728.64,116.31,12.9,30.4,31.5,N
2019-01-12,108628.96,89.0,17.7,24.7,28.6,N
2019-01-13,101853.24,75.27,14.4,30.5,31.3,N
2019-01-14,147070.54,188.2,18.7,32.3,31.1,N
2019-01-15,152496.25,222.44,19.4,30.4,22.3,N
2019-01-16,136971.76,178.08,19.8,26.7,17.5,N
2019-01-17,145211.49,175.35,20.7,32.5,6.0,N
2019-01-18,134898.21,137.85,22.3,28.7,2.6,N
2019-01-19,101692.45,80.79,16.5,23.5,30.2,N
2019-01-20,102283.13,86.61,15.2,22.9,29.2,N
2019-01-21,130517.97,176.69,18.4,25.1,28.2,N
2019-01-22,141444.78,278.78,19.0,26.8,29.3,N
2019-01-23,125501.15,154.47,18.7,23.9,27.4,N
2019-01-24,155891.34,4549.65,17.3,40.8,30.0,N
2019-01-25,168894.84,906.44,21.1,42.8,25.3,N
2019-01-26,114818.66,163.73,19.9,26.1,27.7,N
2019-01-27,99801.58,86.4,18.4,27.8,21.1,N
2019-01-28,112374.63,150.95,15.5,34.5,29.4,N
2019-01-29,138455.46,183.4,17.5,36.8,27.7,N
2019-01-30,142113.38,188.74,18.0,38.1,19.9,N
2019-01-31,110277.21,107.52,17.2,21.5,27.8,Y
2019-02-01,104422.79,117.68,12.6,24.2,28.8,Y
2019-02-02,124749.06,240.95,15.0,34.4,27.5,Y
2019-02-03,133287.59,186.92,19.1,38.2,26.1,Y
2019-02-04,119168.96,110.15,20.0,22.7,9.3,Y
2019-02-05,119702.04,92.7,17.7,26.9,14.6,Y
2019-02-06,140497.82,143.46,18.5,34.7,22.8,Y
2019-02-07,141593.55,147.69,20.7,28.3,25.1,Y
2019-02-08,117327.5,107.85,18.1,23.1,21.1,Y
2019-02-09,95668.77,44.18,14.6,19.7,13.6,Y
2019-02-10,94786.72,86.44,13.0,23.3,23.5,Y
2019-02-11,114085.64,97.72,14.4,27.5,18.6,Y
2019-02-12,107697.2,57.34,18.4,21.5,12.4,Y
2019-02-13,106692.85,85.98,11.8,19.2,23.7,Y
2019-02-14,107655.08,108.29,12.3,23.2,24.2,Y
2019-02-15,113910.46,114.77,14.8,22.8,23.1,Y
2019-02-16,106467.24,127.48,16.1,23.2,24.2,Y
2019-02-17,108470.93,110.49,15.0,29.0,20.0,Y
2019-02-18,116995.07,104.46,18.0,23.6,16.9,Y
2019-02-19,110531.6,105.1,13.7,20.2,21.4,Y
2019-02-20,108972.3,111.05,13.5,23.2,20.8,Y
2019-02-21,110235.34,114.36,14.0,20.4,16.2,Y
2019-02-22,109901.76,103.04,15.5,21.2,23.9,Y
2019-02-23,99890.25,77.03,16.4,25.8,24.0,Y
2019-02-24,106877.86,87.18,13.8,32.9,24.6,Y
2019-02-25,133476.61,139.96,18.0,34.2,24.4,Y
2019-02-26,123114.11,115.94,17.9,22.3,21.0,Y
2019-02-27,125272.27,123.79,12.9,25.7,24.0,Y
2019-02-28,150472.25,160.94,16.3,36.8,23.4,Y
2019-03-01,163682.04,1284.8,22.6,38.1,22.3,Y
2019-03-02,146265.12,132.49,22.3,36.3,23.4,Y
2019-03-03,138597.69,153.78,25.1,36.0,14.4,Y
2019-03-04,136528.81,135.21,19.0,24.6,21.8,Y
2019-03-05,126073.53,118.26,18.0,24.3,15.5,Y
2019-03-06,108723.62,75.98,13.2,17.2,19.5,Y
2019-03-07,114519.86,103.2,9.7,22.1,21.2,Y
2019-03-08,117281.2,106.94,11.3,26.8,10.2,Y
2019-03-09,106854.93,95.08,13.9,24.7,20.0,Y
2019-03-10,101994.06,74.37,14.3,23.7,10.1,Y
2019-03-11,103219.08,81.47,15.9,21.8,18.6,Y
2019-03-12,110086.7,76.97,15.8,19.2,10.8,Y
2019-03-13,114740.52,122.24,11.9,18.6,15.1,Y
2019-03-14,112785.78,126.79,12.1,20.8,20.6,Y
2019-03-15,111179.12,102.61,11.7,22.2,18.7,Y
2019-03-16,105119.48,95.25,12.2,25.6,20.1,Y
2019-03-17,105669.04,103.96,14.2,25.6,19.2,Y
2019-03-18,121954.38,111.15,16.5,28.2,18.9,Y
2019-03-19,123290.83,113.64,16.9,23.4,12.7,Y
2019-03-20,123994.3,127.28,19.3,23.4,11.1,Y
2019-03-21,124181.41,115.46,18.2,24.3,12.5,Y
2019-03-22,128305.64,111.24,18.7,28.6,15.3,Y
2019-03-23,109147.65,98.95,19.9,31.3,13.6,Y
2019-03-24,104226.83,97.86,16.5,29.3,16.9,Y
2019-03-25,107583.94,80.29,14.8,19.0,13.6,Y
2019-03-26,108840.18,95.57,12.3,20.3,15.9,Y
2019-03-27,113307.6,114.16,11.1,21.7,17.8,Y
2019-03-28,113923.16,108.46,11.6,27.9,17.8,Y
2019-03-29,110768.28,83.99,14.6,28.5,4.9,Y
2019-03-30,101262.66,85.17,9.1,15.6,11.4,Y
2019-03-31,101119.84,94.39,9.4,18.5,8.0,Y
2019-04-01,116817.43,131.33,13.0,17.1,6.6,Y
2019-04-02,114927.21,119.4,7.4,25.9,16.6,Y
2019-04-03,115188.76,112.91,9.4,24.7,10.9,Y
2019-04-04,113763.84,116.76,13.3,21.9,13.9,Y
2019-04-05,111484.73,98.53,14.4,28.5,15.3,N
2019-04-06,102229.65,103.27,16.5,20.1,12.4,N
2019-04-07,93590.43,86.8,9.5,26.5,15.9,N
2019-04-08,108543.64,113.13,12.5,23.1,9.0,N
2019-04-09,111999.04,106.34,11.1,16.3,13.9,N
2019-04-10,120858.98,121.88,10.7,15.8,4.8,N
2019-04-11,116890.61,126.89,11.3,17.3,14.4,N
2019-04-12,114848.77,128.72,6.7,24.9,15.3,N
2019-04-13,105963.56,122.44,10.5,20.7,10.0,N
2019-04-14,98680.0,111.73,11.8,22.5,14.4,N
2019-04-15,114194.96,113.11,12.9,27.4,10.9,N
2019-04-16,115392.88,100.01,17.1,30.3,14.4,N
2019-04-17,117281.13,100.11,22.1,30.0,12.8,N
2019-04-18,111360.07,84.83,13.2,17.7,12.8,N
2019-04-19,95967.4,78.14,8.6,22.1,14.0,N
2019-04-20,95654.36,66.87,10.2,30.2,13.9,N
2019-04-21,94810.66,80.08,14.8,27.0,7.5,N
2019-04-22,100246.51,95.11,13.7,17.6,6.0,N
2019-04-23,114240.88,89.63,11.1,18.5,8.0,N
2019-04-24,113264.23,86.75,14.6,23.2,8.2,Y
2019-04-25,98112.47,62.61,10.2,21.5,10.6,Y
2019-04-26,107226.59,60.92,11.9,15.8,6.9,Y
2019-04-27,105374.93,79.62,8.7,16.2,8.5,Y
2019-04-28,101057.43,86.02,12.4,17.4,5.2,Y
2019-04-29,118307.52,121.03,11.5,18.1,8.4,Y
2019-04-30,110515.6,96.95,7.9,23.1,11.7,Y
2019-05-01,111462.38,90.56,15.6,22.8,7.8,Y
2019-05-02,112948.4,103.59,17.1,20.2,6.2,Y
2019-05-03,110902.19,101.16,11.8,20.7,9.0,Y
2019-05-04,103616.14,103.38,13.0,16.4,8.2,Y
2019-05-05,104770.7,108.1,11.3,16.3,6.5,Y
2019-05-06,121535.48,112.51,11.7,16.7,8.5,Y
2019-05-07,116318.44,94.75,7.4,18.7,11.7,Y
2019-05-08,118801.84,114.53,10.3,17.4,7.3,Y
2019-05-09,122003.34,113.63,9.7,16.2,5.3,Y
2019-05-10,123850.86,93.14,10.2,14.2,2.8,Y
2019-05-11,113186.74,87.04,10.2,16.4,7.7,Y
2019-05-12,110416.88,87.38,12.2,17.7,6.6,Y
2019-05-13,119598.6,77.16,12.7,18.1,8.3,Y
2019-05-14,123005.31,89.82,11.3,20.2,9.0,Y
2019-05-15,126264.78,100.64,12.0,15.8,8.0,Y
2019-05-16,127389.48,98.94,10.5,16.1,9.8,Y
2019-05-17,126934.24,96.78,6.5,18.6,10.7,Y
2019-05-18,112990.63,86.44,6.2,21.5,10.6,Y
2019-05-19,104054.85,76.29,8.9,21.8,10.0,Y
2019-05-20,118733.42,93.34,12.0,19.6,3.1,Y
2019-05-21,121766.77,104.56,11.1,20.4,6.9,Y
2019-05-22,122015.59,115.89,10.7,22.3,10.3,Y
2019-05-23,119118.11,88.39,9.9,21.3,10.2,Y
2019-05-24,118924.76,91.55,13.8,20.2,4.4,Y
2019-05-25,104949.95,74.26,13.7,19.8,9.1,Y
2019-05-26,106153.43,63.9,9.5,15.1,8.6,Y
2019-05-27,130229.3,87.61,7.8,14.0,7.2,Y
2019-05-28,133799.65,79.96,8.2,15.7,3.3,Y
2019-05-29,136301.49,85.0,8.7,10.6,7.9,Y
2019-05-30,138857.13,100.02,6.7,13.3,5.8,Y
2019-05-31,133869.14,100.71,8.5,14.3,5.7,Y
2019-06-01,120653.44,113.24,11.7,14.6,5.8,Y
2019-06-02,118086.93,108.92,11.0,14.5,6.7,Y
2019-06-03,135437.85,115.73,8.2,12.0,3.8,Y
2019-06-04,136149.12,149.12,8.4,12.9,7.9,Y
2019-06-05,137844.82,155.99,8.6,13.0,5.7,Y
2019-06-06,134971.78,162.49,10.2,14.8,7.9,Y
2019-06-07,132003.44,139.2,11.7,16.6,8.0,Y
2019-06-08,117243.63,102.42,6.7,18.7,9.3,Y
2019-06-09,110669.42,69.56,7.8,18.0,8.0,Y
2019-06-10,108133.03,47.49,12.0,19.2,7.6,Y
2019-06-11,122760.92,73.08,9.6,17.9,9.2,Y
2019-06-12,128127.75,85.79,11.9,16.5,1.3,Y
2019-06-13,128535.19,79.52,8.8,17.4,8.9,Y
2019-06-14,128153.2,86.66,10.0,17.3,7.0,Y
2019-06-15,121097.85,104.43,9.0,15.2,6.4,Y
2019-06-16,116811.39,111.28,8.6,16.7,7.5,Y
2019-06-17,129972.91,108.75,6.3,17.9,8.6,Y
2019-06-18,137922.22,101.4,8.0,13.7,5.2,Y
2019-06-19,144737.12,157.03,6.6,11.9,7.0,Y
2019-06-20,148609.6,141.98,6.4,11.3,6.4,Y
2019-06-21,144504.33,123.81,6.5,12.6,8.5,Y
2019-06-22,132829.29,111.61,6.8,11.8,7.3,Y
2019-06-23,133525.32,127.6,3.6,9.6,5.9,Y
2019-06-24,146856.8,117.52,4.2,16.0,9.0,Y
2019-06-25,145807.25,124.05,3.5,17.0,8.9,Y
2019-06-26,139351.56,106.2,4.6,18.0,9.2,Y
2019-06-27,131023.66,77.67,5.9,17.5,9.2,Y
2019-06-28,123546.62,61.82,10.7,19.5,9.2,N
2019-06-29,117924.13,52.91,13.0,17.6,2.6,N
2019-06-30,116150.92,51.9,8.1,14.5,8.5,N
2019-07-01,130565.58,67.2,9.5,14.1,8.3,N
2019-07-02,135866.75,93.11,8.6,15.9,6.6,N
2019-07-03,137327.7,97.29,8.2,13.7,7.5,N
2019-07-04,135182.72,85.9,5.3,13.5,6.9,N
2019-07-05,132774.3,78.72,3.5,19.1,9.0,N
2019-07-06,114660.9,64.99,6.0,19.4,9.3,N
2019-07-07,114469.88,87.75,9.0,18.2,6.1,N
2019-07-08,127307.26,101.94,11.0,16.0,8.2,N
2019-07-09,133803.99,125.1,6.8,15.0,7.2,N
2019-07-10,127092.71,84.78,9.5,15.4,6.7,N
2019-07-11,133131.52,89.22,7.8,14.3,4.6,N
2019-07-12,128384.14,90.97,10.1,15.7,6.2,N
2019-07-13,123954.31,82.19,7.0,12.0,8.3,N
2019-07-14,123740.26,81.78,7.1,13.1,3.8,N
2019-07-15,131739.2,92.27,8.9,14.3,7.6,N
2019-07-16,132941.77,114.6,9.9,13.9,6.4,Y
2019-07-17,135339.82,91.55,9.7,13.7,3.6,Y
2019-07-18,134119.14,85.92,9.0,14.3,7.9,Y
2019-07-19,132101.86,101.57,7.5,15.7,9.6,Y
2019-07-20,111288.9,52.53,8.0,17.1,10.3,Y
2019-07-21,111293.15,60.16,11.3,16.6,8.1,Y
2019-07-22,123618.42,64.59,7.9,15.6,10.6,Y
2019-07-23,129008.62,69.86,9.9,15.2,8.2,Y
2019-07-24,135782.54,87.26,7.0,14.4,7.8,Y
2019-07-25,132940.63,84.08,9.2,14.8,5.2,Y
2019-07-26,136493.13,95.23,11.0,14.0,5.9,Y
2019-07-27,121958.69,94.38,9.8,15.3,8.7,Y
2019-07-28,118413.14,85.71,6.6,15.1,10.2,Y
2019-07-29,133205.18,95.87,8.9,14.6,9.9,Y
2019-07-30,138858.04,110.47,7.9,12.5,8.7,Y
2019-07-31,140275.83,153.27,3.0,12.5,11.3,Y
2019-08-01,137651.14,98.97,5.8,13.8,8.6,Y
2019-08-02,135633.89,106.57,9.7,12.7,7.4,Y
2019-08-03,119933.7,121.53,10.0,13.9,6.2,Y
2019-08-04,120350.22,127.88,9.2,13.1,7.2,Y
2019-08-05,125652.06,108.5,10.0,15.8,10.7,Y
2019-08-06,132120.39,89.43,9.1,13.5,4.5,Y
2019-08-07,136315.38,129.26,9.3,14.1,7.5,Y
2019-08-08,133004.73,95.45,6.7,13.9,9.6,Y
2019-08-09,142555.1,119.96,7.8,10.1,7.3,Y
2019-08-10,128554.61,94.67,5.2,12.5,6.6,Y
2019-08-11,121028.32,98.1,4.8,12.9,11.4,Y
2019-08-12,136683.4,163.36,6.3,12.0,9.9,Y
2019-08-13,141474.26,267.35,8.8,13.1,7.0,Y
2019-08-14,134681.44,123.85,9.1,13.8,6.7,Y
2019-08-15,128119.72,76.35,7.3,16.2,10.5,Y
2019-08-16,129781.16,100.01,10.6,16.9,6.3,Y
2019-08-17,115460.6,75.49,7.0,16.5,13.4,Y
2019-08-18,110816.38,52.02,8.8,19.4,9.3,Y
2019-08-19,131067.25,81.72,5.8,12.3,12.8,Y
2019-08-20,131438.55,61.93,7.6,17.0,7.2,Y
2019-08-21,120747.08,54.39,11.5,16.6,11.5,Y
2019-08-22,127697.99,89.14,9.6,13.0,11.3,Y
2019-08-23,126763.36,91.1,3.8,15.1,14.5,Y
2019-08-24,107303.48,55.15,7.9,18.0,13.0,Y
2019-08-25,113980.3,119.31,6.5,12.9,13.9,Y
2019-08-26,132704.36,142.18,5.3,14.4,14.7,Y
2019-08-27,130964.88,131.11,4.2,15.3,12.9,Y
2019-08-28,137660.94,140.94,8.3,13.4,5.0,Y
2019-08-29,134233.34,135.25,6.1,13.0,13.2,Y
2019-08-30,131871.08,185.21,2.3,15.3,15.6,Y
2019-08-31,107616.03,79.35,5.0,18.2,15.8,Y
2019-09-01,106779.48,75.51,11.1,19.6,9.4,Y
2019-09-02,121697.38,92.69,10.2,17.6,13.8,Y
2019-09-03,118871.21,114.89,9.2,19.6,16.4,Y
2019-09-04,122652.81,144.39,8.2,18.7,15.1,Y
2019-09-05,120223.17,99.35,8.7,21.2,14.8,Y
2019-09-06,122222.69,67.97,11.3,16.0,10.4,Y
2019-09-07,115200.19,73.47,8.8,12.9,11.3,Y
2019-09-08,116999.07,65.38,8.2,15.1,9.5,Y
2019-09-09,130448.12,92.61,6.8,12.8,14.4,Y
2019-09-10,131665.01,150.03,7.7,14.8,16.1,Y
2019-09-11,121100.04,83.05,5.0,20.8,17.8,Y
2019-09-12,118723.07,76.53,11.1,20.8,11.8,Y
2019-09-13,120349.02,108.21,7.7,18.6,14.0,Y
2019-09-14,103500.96,106.46,9.3,20.0,18.3,Y
2019-09-15,105149.02,87.63,12.4,21.8,8.4,Y
2019-09-16,119362.24,137.47,9.7,12.8,17.7,Y
2019-09-17,124129.44,149.6,3.6,14.8,19.0,Y
2019-09-18,119715.7,151.26,4.3,18.9,19.2,Y
2019-09-19,108102.56,82.44,8.2,24.0,19.4,Y
2019-09-20,107222.34,106.28,15.7,26.2,14.4,N
2019-09-21,101348.35,112.26,14.5,19.4,10.5,N
2019-09-22,102386.53,103.23,7.9,15.5,13.6,N
2019-09-23,121862.89,109.73,8.9,15.2,13.9,N
2019-09-24,125787.33,148.23,8.3,15.1,13.3,N
2019-09-25,124302.93,192.49,8.7,16.6,13.1,N
2019-09-26,117320.18,139.5,8.3,20.3,19.6,N
2019-09-27,106043.02,69.64,12.3,18.8,7.4,N
2019-09-28,108762.31,132.26,7.2,14.9,17.7,N
2019-09-29,104804.09,90.4,9.1,15.8,19.0,N
2019-09-30,121770.82,107.82,10.1,14.1,14.4,N
2019-10-01,117265.28,121.39,4.2,20.5,21.7,N
2019-10-02,110760.82,108.66,9.3,26.5,18.5,N
2019-10-03,109312.85,108.84,15.1,29.7,22.0,N
2019-10-04,117512.56,136.36,12.5,15.2,11.0,N
2019-10-05,101386.01,88.05,7.6,24.3,17.4,N
2019-10-06,93011.34,54.72,12.9,24.8,17.4,N
2019-10-07,113296.31,112.08,11.6,16.4,15.1,N
2019-10-08,117504.78,130.67,9.5,14.2,17.0,Y
2019-10-09,122771.82,131.59,8.5,15.0,19.3,Y
2019-10-10,123692.08,167.98,10.2,14.7,12.6,Y
2019-10-11,115250.5,114.7,9.5,18.9,17.5,Y
2019-10-12,101053.36,93.12,8.2,20.4,20.1,Y
2019-10-13,94744.7,90.16,9.4,23.1,19.6,Y
2019-10-14,110290.12,119.01,13.6,26.7,20.2,Y
2019-10-15,112052.12,123.26,13.0,18.0,20.6,Y
2019-10-16,117533.72,116.34,13.3,20.4,11.4,Y
2019-10-17,116690.04,92.5,9.5,15.2,9.6,Y
2019-10-18,109857.48,76.32,7.3,22.1,23.2,Y
2019-10-19,102032.5,67.01,9.4,15.3,15.8,Y
2019-10-20,102684.52,87.53,10.0,16.4,14.7,Y
2019-10-21,114502.07,111.67,11.5,17.0,19.6,Y
2019-10-22,114108.54,111.45,11.9,19.6,23.7,Y
2019-10-23,114281.62,99.74,8.2,27.9,26.0,Y
2019-10-24,115442.66,82.37,13.0,33.8,26.1,Y
2019-10-25,109130.77,70.88,16.8,21.6,10.0,Y
2019-10-26,96698.28,44.85,9.6,15.5,17.2,Y
2019-10-27,102830.56,87.81,10.3,17.0,10.1,Y
2019-10-28,112634.64,104.09,8.7,21.6,26.3,Y
2019-10-29,111887.4,130.2,9.7,30.5,27.0,Y
2019-10-30,117375.73,130.32,13.8,25.1,27.2,Y
2019-10-31,121752.88,89.66,14.2,33.7,25.5,Y
2019-11-01,130510.91,90.32,20.0,34.3,22.8,Y
2019-11-02,105806.82,90.8,15.8,18.9,2.2,Y
2019-11-03,96867.02,72.4,12.8,20.7,7.8,Y
2019-11-04,107279.84,79.1,9.5,16.2,11.2,Y
2019-11-05,96817.0,66.48,7.7,19.6,27.4,Y
2019-11-06,104381.38,58.45,10.5,24.1,19.9,Y
2019-11-07,115132.64,63.9,11.5,17.7,8.3,Y
2019-11-08,113954.78,81.08,10.3,15.0,16.1,Y
2019-11-09,108924.79,70.47,7.6,14.2,9.8,Y
2019-11-10,101550.04,86.64,10.8,18.1,13.5,Y
2019-11-11,106758.95,66.49,10.0,29.6,27.4,Y
2019-11-12,104303.46,57.07,11.5,17.4,12.7,Y
2019-11-13,112573.54,64.52,9.1,17.3,12.0,Y
2019-11-14,109828.93,74.44,12.1,22.4,19.7,Y
2019-11-15,110954.75,72.07,13.0,18.5,12.4,Y
2019-11-16,97646.12,67.19,9.2,17.2,23.9,Y
2019-11-17,96742.49,66.41,10.8,16.2,24.1,Y
2019-11-18,109148.25,72.28,8.5,26.9,29.9,Y
2019-11-19,112033.87,81.96,11.4,18.6,27.9,Y
2019-11-20,119736.12,83.76,9.4,34.7,30.1,Y
2019-11-21,131312.0,72.82,14.0,40.9,18.8,Y
2019-11-22,109049.37,65.41,13.6,20.0,28.3,Y
2019-11-23,97245.76,49.79,10.1,23.8,24.6,Y
2019-11-24,96778.25,60.76,11.9,23.7,30.6,Y
2019-11-25,113899.3,71.0,11.4,27.4,18.0,Y
2019-11-26,107629.16,47.35,11.4,16.4,22.2,Y
2019-11-27,108417.7,59.04,8.6,24.8,31.0,Y
2019-11-28,112735.88,70.2,11.4,21.1,30.7,Y
2019-11-29,114799.91,79.61,11.9,19.7,21.9,Y
2019-11-30,98959.56,51.06,10.3,18.4,26.7,Y
2019-12-01,100233.98,33.15,12.2,16.8,9.8,Y
2019-12-02,110609.4,29.07,9.8,15.5,18.2,Y
2019-12-03,109094.04,19.17,11.0,22.2,19.2,Y
2019-12-04,107400.7,39.42,12.1,23.0,20.3,Y
2019-12-05,107891.69,45.83,12.3,23.9,20.4,Y
2019-12-06,105028.98,41.38,13.3,20.8,18.2,Y
2019-12-07,95436.3,47.12,11.2,21.0,30.3,Y
2019-12-08,97577.42,43.69,13.8,27.6,30.8,Y
2019-12-09,127910.84,62.72,16.3,38.0,28.6,Y
2019-12-10,109548.62,48.34,14.3,17.2,22.2,Y
2019-12-11,109060.38,57.73,13.4,18.1,21.8,Y
2019-12-12,108599.07,41.65,13.4,18.4,22.7,Y
2019-12-13,107070.61,58.52,11.4,20.9,24.8,Y
2019-12-14,101239.24,65.77,14.1,20.1,10.4,Y
2019-12-15,98723.45,50.94,15.1,21.7,16.4,Y
2019-12-16,114400.06,73.6,13.0,22.6,21.7,Y
2019-12-17,123999.07,83.08,12.6,26.3,29.5,Y
2019-12-18,146990.89,95.8,15.9,40.1,29.3,Y
2019-12-19,125050.61,71.95,17.2,23.3,29.3,Y
2019-12-20,150553.4,243.81,13.7,43.5,31.4,N
2019-12-21,100632.48,44.94,16.9,20.2,28.3,N
2019-12-22,90145.61,34.68,13.1,19.6,31.5,N
2019-12-23,101818.02,47.2,12.1,20.0,29.2,N
2019-12-24,102168.93,57.33,14.1,24.5,31.4,N
2019-12-25,98312.74,42.26,14.0,27.9,32.0,N
2019-12-26,96120.52,41.26,16.5,20.5,26.2,N
2019-12-27,107256.06,56.12,13.6,23.9,31.6,N
2019-12-28,113521.68,63.3,16.7,28.4,20.6,N
2019-12-29,118293.52,87.69,16.8,33.2,31.9,N
2019-12-30,140410.13,295.83,19.7,40.8,18.8,N
2019-12-31,95410.39,46.25,15.3,21.2,29.3,N
2020-01-01,89077.85,50.92,11.8,24.9,31.6,N
2020-01-02,102988.18,69.55,12.8,25.0,31.6,N
2020-01-03,118922.22,65.44,13.7,36.6,30.7,N
2020-01-04,102245.61,28.04,18.6,26.8,22.8,N
2020-01-05,95671.2,18.88,12.7,16.7,5.1,N
2020-01-06,110253.59,56.1,11.9,18.0,2.7,N
2020-01-07,109336.56,59.42,12.6,20.1,7.7,N
2020-01-08,110038.62,53.31,16.8,23.8,26.9,N
2020-01-09,127365.59,86.98,17.9,31.9,29.8,N
2020-01-10,122533.88,65.49,20.1,32.9,10.1,N
2020-01-11,91886.6,22.78,13.5,19.3,18.2,N
2020-01-12,91797.6,45.63,14.2,19.9,21.9,N
2020-01-13,119653.94,76.95,12.7,32.2,28.1,N
2020-01-14,137302.61,88.85,16.7,33.8,27.4,N
2020-01-15,137408.22,63.73,19.5,36.8,20.8,N
2020-01-16,109669.64,33.4,15.7,19.6,18.6,N
2020-01-17,108108.18,39.5,14.4,24.8,24.4,N
2020-01-18,105946.34,52.05,13.9,29.4,27.2,N
2020-01-19,106921.56,60.35,17.5,25.5,23.9,N
2020-01-20,116291.54,45.36,19.1,21.8,8.8,N
2020-01-21,112128.2,53.56,14.8,23.5,28.4,N
2020-01-22,119287.15,45.16,14.1,31.7,12.4,N
2020-01-23,112254.83,-1.76,12.9,22.6,13.4,N
2020-01-24,109316.38,49.48,11.7,24.1,20.6,N
2020-01-25,102445.88,50.13,13.0,27.4,30.0,N
2020-01-26,101233.21,51.42,15.8,23.6,24.0,N
2020-01-27,103134.46,54.45,12.8,23.1,26.1,N
2020-01-28,116190.55,67.17,13.6,25.4,26.5,N
2020-01-29,129812.92,78.27,15.2,31.5,29.5,N
2020-01-30,154816.49,1044.45,16.4,39.4,29.3,Y
2020-01-31,170653.84,2809.44,21.5,42.9,18.3,Y
2020-02-01,131856.31,86.91,23.5,29.3,1.8,Y
2020-02-02,97609.06,14.24,14.2,25.1,21.0,Y
2020-02-03,105004.91,15.31,13.2,17.7,22.7,Y
2020-02-04,107034.07,25.21,11.3,19.7,28.6,Y
2020-02-05,108988.44,42.12,10.8,20.1,27.1,Y
2020-02-06,120569.46,42.77,13.7,25.5,25.0,Y
2020-02-07,120734.85,45.33,16.5,23.2,18.4,Y
2020-02-08,107864.44,28.57,17.4,29.4,27.5,Y
2020-02-09,103857.11,21.56,19.6,28.2,19.9,Y
2020-02-10,122975.46,50.81,18.5,27.7,15.0,Y
2020-02-11,127110.58,61.29,19.5,25.9,19.1,Y
2020-02-12,124618.57,53.24,19.1,27.7,17.3,Y
2020-02-13,139137.19,79.02,19.4,31.7,26.7,Y
2020-02-14,139855.63,79.5,20.3,33.7,10.6,Y
2020-02-15,108300.64,55.67,18.9,19.3,2.4,Y
2020-02-16,100904.27,47.0,16.9,26.4,23.8,Y
2020-02-17,123351.84,64.11,15.2,25.6,26.4,Y
2020-02-18,119178.12,60.6,17.6,21.8,7.3,Y
2020-02-19,109375.22,51.44,13.3,19.7,12.9,Y
2020-02-20,112202.15,58.36,14.2,18.7,15.2,Y
2020-02-21,108949.06,48.66,13.5,19.6,17.1,Y
2020-02-22,96922.02,42.24,11.4,21.1,25.4,Y
2020-02-23,106129.66,51.32,13.3,34.0,21.6,Y
2020-02-24,122619.06,57.23,16.8,23.7,5.4,Y
2020-02-25,123558.42,60.55,18.4,31.6,10.6,Y
2020-02-26,108371.12,45.06,16.2,19.2,19.3,Y
2020-02-27,108675.4,48.54,11.0,19.7,11.1,Y
2020-02-28,110006.97,50.31,13.1,20.1,17.6,Y
2020-02-29,100380.94,51.29,14.7,22.4,22.8,Y
2020-03-01,101413.14,43.75,13.2,32.1,20.8,Y
2020-03-02,106359.96,52.73,14.2,18.4,21.1,Y
2020-03-03,108746.37,49.78,14.7,19.5,15.9,Y
2020-03-04,117505.62,58.52,13.6,23.5,7.1,Y
2020-03-05,119734.64,57.04,15.4,20.3,4.3,Y
2020-03-06,111322.32,53.74,15.9,19.0,12.7,Y
2020-03-07,96850.78,28.02,15.4,20.0,17.1,Y
2020-03-08,92553.29,17.92,13.9,22.4,19.5,Y
2020-03-09,94641.7,22.04,12.3,21.0,19.7,Y
2020-03-10,112142.54,48.06,10.3,22.3,21.9,Y
2020-03-11,118830.14,44.37,12.6,29.5,15.7,Y
2020-03-12,120272.77,39.13,16.6,29.5,19.5,Y
2020-03-13,115075.81,40.13,19.1,26.8,7.3,Y
2020-03-14,96016.19,29.14,13.1,17.9,12.3,Y
2020-03-15,97664.94,31.66,12.7,18.8,10.2,Y
2020-03-16,110586.82,46.67,9.3,26.5,20.6,Y
2020-03-17,115254.18,52.45,11.6,28.2,19.9,Y
2020-03-18,121127.14,51.29,17.7,28.3,9.1,Y
2020-03-19,127266.86,47.56,18.7,30.4,8.2,Y
2020-03-20,111547.6,40.76,16.1,22.7,12.6,Y
2020-03-21,103999.34,47.46,14.6,18.4,10.8,Y
2020-03-22,97449.68,34.62,12.1,18.3,15.2,Y
2020-03-23,112906.94,44.64,12.7,17.1,9.9,Y
2020-03-24,114935.54,49.45,8.5,17.9,15.8,N
2020-03-25,113147.82,43.72,10.8,17.5,7.6,N
2020-03-26,110088.01,45.52,13.7,19.8,15.5,N
2020-03-27,111958.24,49.32,13.6,27.6,17.8,N
2020-03-28,97923.72,47.96,14.8,27.5,16.9,N
2020-03-29,95953.2,42.34,16.5,26.4,9.5,N
2020-03-30,107687.51,57.5,15.9,21.7,13.3,N
2020-03-31,109043.86,57.69,12.2,21.4,16.9,N
2020-04-01,110991.62,62.97,11.0,23.1,15.2,N
2020-04-02,116302.66,61.54,12.4,20.7,4.2,N
2020-04-03,104294.57,48.64,13.7,23.2,12.0,N
2020-04-04,101854.16,38.38,12.8,16.6,6.1,N
2020-04-05,105098.02,23.78,9.5,16.9,4.5,N
2020-04-06,118074.57,64.76,10.7,16.5,11.5,N
2020-04-07,118404.46,55.23,11.9,16.4,9.5,N
2020-04-08,108404.01,44.73,11.7,18.6,10.7,N
2020-04-09,108587.52,43.74,8.9,21.2,15.8,N
2020-04-10,94831.23,38.44,12.7,22.0,9.5,N
2020-04-11,92097.07,19.93,13.0,15.7,11.3,N
2020-04-12,101760.09,45.98,11.0,15.3,7.7,N
2020-04-13,100025.9,56.66,12.2,18.3,14.3,N
2020-04-14,107849.83,40.84,12.1,23.4,11.1,N
2020-04-15,104547.34,27.71,15.6,23.5,11.8,N
2020-04-16,106527.94,29.8,15.4,21.5,11.3,N
2020-04-17,106943.49,30.78,11.4,18.4,10.1,N
2020-04-18,106888.54,42.66,12.9,16.4,7.9,N
2020-04-19,100737.84,35.7,11.2,19.4,11.3,N
2020-04-20,109168.6,25.62,12.0,20.8,8.1,N
2020-04-21,111417.63,33.04,8.5,19.6,9.8,N
2020-04-22,113506.01,37.88,12.8,18.2,8.8,N
2020-04-23,112872.88,20.5,9.6,19.7,9.7,N
2020-04-24,106565.29,26.64,15.1,22.3,12.7,N
2020-04-25,96845.12,17.64,10.5,21.7,10.4,N
2020-04-26,96572.94,13.56,15.4,17.7,6.6,N
2020-04-27,113471.83,33.03,8.1,18.1,12.5,N
2020-04-28,112124.06,19.57,7.1,18.9,10.4,N
2020-04-29,121307.84,32.27,11.2,19.8,3.6,N
2020-04-30,121353.33,30.41,8.9,15.5,5.4,N
2020-05-01,127238.88,24.12,7.6,13.0,5.1,N
2020-05-02,111665.73,22.88,8.3,14.2,6.2,N
2020-05-03,109669.35,36.49,9.8,15.0,8.3,N
2020-05-04,126892.26,53.06,9.4,14.8,7.0,N
2020-05-05,118839.1,33.52,8.0,19.5,11.6,N
2020-05-06,113214.27,17.06,10.2,20.1,9.7,N
2020-05-07,109642.75,15.24,15.1,21.1,6.2,N
2020-05-08,107914.05,30.7,12.6,19.6,10.7,N
2020-05-09,107786.25,22.46,12.6,14.0,5.4,N
2020-05-10,107555.19,36.46,7.2,14.5,9.0,N
2020-05-11,122550.94,37.86,7.8,17.1,7.5,N
2020-05-12,120767.8,29.43,10.3,14.8,8.5,N
2020-05-13,127145.14,43.44,10.4,14.5,8.9,N
2020-05-14,129285.09,48.12,6.6,14.7,9.8,N
2020-05-15,129112.45,51.08,4.5,15.3,10.8,N
2020-05-16,110420.89,46.53,4.5,18.0,10.7,N
2020-05-17,109774.43,47.16,5.1,18.5,10.6,N
2020-05-18,120076.64,44.49,5.5,19.4,10.5,N
2020-05-19,119789.97,44.37,8.1,17.7,4.9,N
2020-05-20,119803.98,40.06,10.3,15.8,7.8,N
2020-05-21,127563.61,58.07,9.4,13.7,6.6,N
2020-05-22,130472.2,69.66,9.1,13.6,7.8,N
2020-05-23,115234.32,40.61,9.4,13.5,5.8,N
2020-05-24,109579.82,39.99,10.9,13.8,7.9,N
2020-05-25,125532.58,46.78,5.5,16.0,10.0,N
2020-05-26,126788.84,46.71,5.4,18.5,9.4,N
2020-05-27,124189.8,50.44,5.9,17.1,7.8,Y
2020-05-28,124062.49,65.36,12.1,17.6,6.7,Y
2020-05-29,120072.09,50.14,7.2,17.1,9.6,Y
2020-05-30,102231.77,21.76,8.1,17.1,9.3,Y
2020-05-31,102684.59,30.3,12.4,17.8,8.0,Y
2020-06-01,132039.71,35.15,9.3,11.2,2.6,Y
2020-06-02,132710.36,40.3,8.4,15.6,4.9,Y
2020-06-03,130801.82,46.18,10.5,14.1,7.3,Y
2020-06-04,133322.02,52.41,9.3,13.8,9.3,Y
2020-06-05,137368.46,62.03,4.1,14.6,9.4,Y
2020-06-06,126427.92,51.81,6.0,13.3,6.6,Y
2020-06-07,119524.41,52.57,7.9,11.8,6.3,Y
2020-06-08,124792.97,64.94,4.5,12.6,8.8,Y
2020-06-09,141571.3,134.75,2.0,15.3,9.3,Y
2020-06-10,137795.8,121.18,3.9,16.7,8.8,Y
2020-06-11,141444.44,99.91,4.5,16.9,9.1,Y
2020-06-12,134684.59,50.25,4.2,15.3,9.2,Y
2020-06-13,117394.45,31.45,5.7,16.4,3.4,Y
2020-06-14,107553.0,24.88,10.4,15.2,8.0,Y
2020-06-15,121221.46,26.01,11.6,18.4,8.0,Y
2020-06-16,124473.67,34.23,13.0,17.9,6.7,Y
2020-06-17,133969.69,66.78,10.2,14.6,8.5,Y
2020-06-18,130437.32,35.14,4.6,16.9,9.1,Y
2020-06-19,120149.43,30.52,6.4,17.8,8.6,Y
2020-06-20,109644.7,34.06,12.8,16.9,8.5,Y
2020-06-21,121528.38,36.99,6.9,12.0,4.9,Y
2020-06-22,136373.43,45.9,8.1,13.0,5.5,Y
2020-06-23,131904.74,48.99,9.0,14.4,8.4,Y
2020-06-24,133100.9,56.72,10.1,14.9,8.0,Y
2020-06-25,131466.24,39.91,10.2,15.9,5.0,Y
2020-06-26,136872.56,55.54,7.9,13.8,8.8,N
2020-06-27,126938.54,48.3,6.2,13.1,7.9,N
2020-06-28,125830.75,49.2,1.7,12.5,9.3,N
2020-06-29,141431.99,42.72,2.2,15.4,9.3,N
2020-06-30,137644.86,32.46,3.0,15.2,7.7,N
2020-07-01,126614.72,33.16,9.8,17.4,9.1,N
2020-07-02,131372.71,37.37,10.2,15.1,7.3,N
2020-07-03,143010.27,43.51,7.7,10.3,4.1,N
2020-07-04,125400.27,50.03,6.5,14.5,5.7,N
2020-07-05,118507.76,50.79,8.9,12.5,6.5,N
2020-07-06,136255.34,75.96,8.1,13.1,5.8,N
2020-07-07,140264.52,88.34,8.9,11.8,4.8,N
2020-07-08,138627.11,80.39,4.9,15.7,9.4,N
2020-07-09,135266.16,70.72,5.7,17.2,8.5,N
2020-07-10,134041.23,67.74,6.4,16.9,7.9,N
2020-07-11,130088.95,81.93,7.3,11.4,3.3,N
2020-07-12,118837.05,61.72,9.0,14.2,8.3,N
2020-07-13,130119.41,61.12,8.7,15.1,7.4,N
2020-07-14,133668.94,61.11,7.7,14.2,7.6,Y
2020-07-15,135296.8,68.57,6.2,14.7,9.4,Y
2020-07-16,143158.89,86.66,4.2,11.5,8.7,Y
2020-07-17,143109.35,73.82,3.1,12.8,7.4,Y
2020-07-18,125303.88,43.53,4.0,12.5,8.3,Y
2020-07-19,114065.32,31.21,8.2,15.3,7.6,Y
2020-07-20,132894.41,58.02,7.6,13.8,8.2,Y
2020-07-21,140086.11,95.14,7.2,12.9,8.1,Y
2020-07-22,138666.11,93.88,8.1,13.3,8.4,Y
2020-07-23,142476.36,103.92,8.1,12.0,7.5,Y
2020-07-24,133822.7,61.45,6.1,13.5,10.5,Y
2020-07-25,128417.22,72.08,4.3,12.2,9.6,Y
2020-07-26,123014.56,69.92,5.0,12.8,7.2,Y
2020-07-27,132571.33,59.49,7.4,13.5,7.3,Y
2020-07-28,132720.39,59.04,9.6,15.6,8.0,Y
2020-07-29,130547.73,67.53,8.6,16.3,9.0,Y
2020-07-30,132583.64,63.22,8.0,14.2,11.3,Y
2020-07-31,132105.75,73.08,3.4,17.1,11.3,Y
2020-08-01,111590.65,47.92,5.7,16.4,11.1,Y
2020-08-02,109935.34,50.25,9.0,18.2,11.7,Y
2020-08-03,127930.36,47.69,7.5,16.0,10.2,Y
2020-08-04,140042.15,49.19,5.1,10.5,10.0,N
2020-08-05,140205.3,55.46,4.7,11.3,9.6,N
2020-08-06,140835.17,69.43,5.5,12.8,10.8,N
2020-08-07,144062.61,60.12,3.3,12.7,5.8,N
2020-08-08,121119.26,53.52,4.7,14.9,7.2,N
2020-08-09,111165.96,45.52,8.9,15.8,10.2,N
2020-08-10,125959.75,53.42,5.7,14.8,12.7,N
2020-08-11,130141.22,42.33,4.3,15.8,10.3,N
2020-08-12,127945.31,58.63,9.4,15.9,10.0,N
2020-08-13,121914.44,52.32,11.4,18.1,11.0,N
2020-08-14,124640.09,69.84,10.7,18.1,7.0,N
2020-08-15,113755.18,52.52,7.4,14.9,13.0,N
2020-08-16,111034.74,58.43,10.7,15.0,9.9,N
2020-08-17,121520.57,60.71,9.5,16.3,10.4,N
2020-08-18,119321.86,44.02,10.0,17.2,11.2,N
2020-08-19,129884.75,62.12,9.7,12.7,7.9,N
2020-08-20,123490.86,54.11,9.6,15.7,9.6,N
2020-08-21,125707.04,48.51,8.5,14.1,12.2,N
2020-08-22,127131.37,56.07,5.8,11.1,3.8,N
2020-08-23,117125.06,53.94,6.8,11.5,8.6,N
2020-08-24,134984.79,134.49,6.3,12.4,12.8,N
2020-08-25,138437.86,82.74,3.6,13.0,11.2,N
2020-08-26,129322.31,90.67,6.1,14.5,12.8,N
2020-08-27,119044.42,45.56,8.8,20.7,13.1,N
2020-08-28,118809.08,61.61,8.5,17.6,15.1,N
2020-08-29,100166.88,15.29,9.2,19.3,15.6,N
2020-08-30,98917.18,9.42,12.0,19.8,9.0,N
2020-08-31,121605.4,58.55,6.9,12.5,13.5,N
2020-09-01,119645.18,52.28,6.6,15.7,15.9,N
2020-09-02,113547.67,31.77,8.6,22.0,12.1,N
2020-09-03,109327.46,25.57,12.9,19.9,13.5,N
2020-09-04,114865.64,37.04,9.0,17.3,12.7,N
2020-09-05,105534.01,49.74,9.7,16.6,15.0,N
2020-09-06,95865.14,26.52,6.9,19.2,16.9,N
2020-09-07,99778.2,18.91,8.8,22.9,17.1,N
2020-09-08,112421.09,35.9,16.6,19.9,4.8,N
2020-09-09,112140.47,37.02,8.1,15.6,14.8,N
2020-09-10,109328.34,31.15,5.4,21.4,17.5,N
2020-09-11,106643.05,22.39,10.4,19.4,13.4,N
2020-09-12,111644.6,34.26,13.3,16.0,4.0,N
2020-09-13,96225.91,28.33,11.9,17.2,16.5,N
2020-09-14,107196.61,41.85,11.1,16.6,18.1,N
2020-09-15,113008.77,44.31,7.4,15.8,18.3,N
2020-09-16,110807.72,34.97,7.1,22.8,17.4,N
2020-09-17,115643.44,34.7,11.8,15.5,9.4,N
2020-09-18,112335.7,40.84,8.4,18.7,13.6,N
2020-09-19,93384.0,24.27,11.3,26.3,17.1,N
2020-09-20,86891.23,23.05,17.1,22.0,16.7,N
2020-09-21,100977.95,34.25,16.6,19.8,13.0,N
2020-09-22,103200.64,25.93,12.3,18.9,16.8,N
2020-09-23,112412.44,34.21,10.6,15.1,12.3,N
2020-09-24,117535.71,51.78,8.2,15.0,13.9,N
2020-09-25,126354.68,53.43,7.2,11.9,7.2,N
2020-09-26,106694.96,33.44,6.2,13.4,15.0,N
2020-09-27,101703.49,57.92,8.8,13.4,20.9,N
2020-09-28,114651.14,59.75,6.5,13.6,18.3,N
2020-09-29,112076.46,42.12,4.3,21.0,18.4,N
2020-09-30,113620.21,38.06,10.7,19.4,13.0,N
2020-10-01,106641.79,34.65,9.4,19.5,21.2,N
2020-10-02,99585.83,-6.08,12.8,26.0,22.0,N
2020-10-03,92277.02,-1.98,17.4,29.4,19.8,N
2020-10-04,94081.56,25.01,13.5,29.5,8.4,N
2020-10-05,113610.03,36.76,9.1,12.7,7.3,N
2020-10-06,122607.56,75.77,8.9,12.6,5.8,N
