MonthDay,Month,Year,demand,RRP,min_temperature,max_temperature,solar_exposure,school_day
1,1,2015,112371.30,34.06,12.0,20.0,29.4,N
2,1,2015,129649.26,26.32,16.5,25.0,26.0,N
3,1,2015,123014.56,26.97,15.0,23.0,29.7,N
4,1,2015,148612.67,34.06,18.7,27.4,27.6,N
5,1,2015,136872.88,32.41,17.1,24.1,30.3,N
6,1,2015,123400.17,21.02,18.7,24.9,28.0,N
7,1,2015,139137.19,31.21,18.7,31.7,28.3,N
8,1,2015,141424.38,53.31,21.1,38.3,27.3,N
9,1,2015,130119.5,38.2,14.6,23.1,29.3,N
10,1,2015,132066.0,34.06,17.6,26.5,26.3,N
11,1,2015,98873.19,24.66,10.3,27.6,30.6,N
12,1,2015,101233.79,29.14,15.8,29.4,29.4,N
13,1,2015,101793.02,22.39,17.4,26.5,30.1,N
14,1,2015,125513.68,39.09,18.7,36.9,29.7,N
15,1,2015,109611.22,17.97,15.4,21.0,25.6,N
16,1,2015,116817.15,25.6,12.7,31.5,31.3,N
17,1,2015,121605.42,43.24,16.2,24.5,22.8,N
18,1,2015,131431.08,20.85,16.0,26.5,25.1,N
19,1,2015,140921.62,36.17,20.3,30.4,28.9,N
20,1,2015,125030.76,50.81,15.3,32.8,30.0,N
21,1,2015,131273.98,27.28,19.6,21.8,24.4,N
22,1,2015,97553.74,21.03,14.6,17.0,8.4,N
23,1,2015,142939.1,41.12,18.2,33.7,19.6,Y
24,1,2015,120272.77,21.44,16.9,25.7,18.6,N
25,1,2015,104418.48,23.0,16.6,22.0,29.4,Y
26,1,2015,116683.52,37.84,16.7,20.8,16.9,N
27,1,2015,128831.57,25.69,16.1,20.8,28.1,Y
28,1,2015,125501.49,28.57,18.0,26.5,13.5,N
29,1,2015,116473.27,22.01,13.6,17.0,7.2,N
30,1,2015,131395.2,32.98,18.7,26.1,25.1,N
31,1,2015,123775.64,33.68,15.6,23.5,31.9,N
1,2,2015,119169.72,28.68,14.7,29.8,25.0,Y
2,2,2015,124072.84,22.11,14.7,21.1,22.7,Y
3,2,2015,124468.15,31.07,16.0,27.1,25.1,Y
4,2,2015,136903.3,20.23,18.8,33.5,20.7,Y
5,2,2015,133787.63,43.56,20.7,28.8,25.1,Y
6,2,2015,126989.0,25.85,18.1,33.8,25.0,Y
7,2,2015,131842.24,31.15,14.8,25.5,20.3,Y
8,2,2015,136872.91,33.56,18.2,23.6,27.3,Y
9,2,2015,133462.61,25.85,18.7,29.1,28.8,Y
10,2,2015,105946.34,14.22,16.5,17.4,23.7,Y
11,2,2015,125964.68,29.41,15.7,20.2,25.9,Y
12,2,2015,122334.64,33.03,13.3,21.3,21.6,Y
13,2,2015,125928.42,26.02,12.3,28.5,26.0,Y
14,2,2015,127934.51,25.26,15.2,21.5,23.6,Y
15,2,2015,131838.95,48.34,13.8,32.3,31.2,Y
16,2,2015,125949.5,24.11,16.6,25.2,22.2,Y
17,2,2015,108282.48,21.36,12.7,20.3,21.8,Y
18,2,2015,121046.8,23.58,16.4,24.7,22.2,Y
19,2,2015,130182.93,18.39,14.3,23.8,21.8,Y
20,2,2015,131168.69,29.46,18.1,29.3,5.4,Y
21,2,2015,125964.49,30.24,14.4,27.3,23.1,Y
22,2,2015,112374.posure,36.86,15.4,20.5,26.0,Y
23,2,2015,125964.68,33.06,16.2,28.3,25.0,Y
24,2,2015,135616.25,41.7,14.0,21.4,27.4,Y
25,2,2015,124434.24,36.37,12.5,25.6,24.0,Y
26,2,2015,103831.82,28.69,16.4,20.8,16.4,Y
27,2,2015,122233.26,34.22,15.2,20.1,24.4,Y
28,2,2015,129322.31,29.6,19.5,21.2,11.8,Y
1,3,2015,113740.0,22.41,11.5,14.7,11.2,Y
2,3,2015,119226.98,22.39,11.3,20.1,21.8,Y
3,3,2015,123775.86,39.24,13.6,19.9,20.0,Y
4,3,2015,126842.89,27.54,16.4,21.1,18.3,Y
5,3,2015,100178.63,20.42,13.0,20.2,19.3,Y
6,3,2015,125972.76,28.49,18.5,27.3,19.6,Y
7,3,2015,122830.04,32.89,12.4,27.1,19.1,Y
8,3,2015,121178.28,39.13,18.4,35.4,20.1,Y
9,3,2015,121135.71,31.84,13.2,21.4,16.1,Y
10,3,2015,129327.36,33.6,14.5,24.0,14.9,Y
11,3,2015,117537.34,24.59,13.6,28.6,21.7,Y
12,3,2015,123791.48,27.11,15.9,21.2,19.9,Y
13,3,2015,125928.76,23.78,13.0,17.7,20.5,Y
14,3,2015,138699.38,20.92,15.8,31.5,15.8,Y
15,3,2015,125400.06,29.76,16.1,24.9,15.9,Y
16,3,2015,110151.15,24.07,12.8,27.1,17.1,N
17,3,2015,103999.46,27.47,15.5,21.2,19.8,Y
18,3,2015,122664.31,25.21,15.2,23.9,13.6,Y
19,3,2015,117707.27,26.82,10.3,26.4,19.6,Y
20,3,2015,127533.96,33.6,7.7,13.5,10.0,Y
21,3,2015,116690.98,27.75,14.8,20.5,14.6,Y
22,3,2015,126690.02,48.34,15.4,26.5,19.8,Y
23,3,2015,122771.21,29.12,14.1,25.7,9.9,Y
24,3,2015,121028.87,46.71,14.4,23.3,22.6,Y
25,3,2015,122575.79,34.48,14.5,26.4,19.3,Y
26,3,2015,132569.74,26.91,19.3,26.4,17.4,Y
27,3,2015,126750.78,34.44,14.4,22.7,21.1,N
28,3,2015,124370.72,28.69,27.2,28.5,22.3,Y
29,3,2015,126692.87,21.03,15.0,22.3,23.8,Y
30,3,2015,121752.15,29.12,16.0,26.2,10.9,Y
31,3,2015,106684.96,26.69,12.3,24.6,22.0,Y
1,4,2015,106528.29,25.85,12.0,18.7,11.7,N
2,4,2015,104346.64,24.81,11.5,21.1,12.2,N
3,4,2015,125786.55,39.13,13.8,18.4,9.7,N
4,4,2015,125850.6,22.39,7.9,23.9,13.3,Y
5,4,2015,128535.33,27.59,12.6,26.3,16.4,Y
6,4,2015,133969.14,39.12,15.9,24.8,13.4,N
7,4,2015,132831.13,39.13,8.1,15.9,12.7,Y
8,4,2015,103685.51,19.78,10.2,20.0,14.5,N
9,4,2015,98917.06,36.72,8.7,19.5,16.3,N
10,4,2015,125858.58,26.14,11.0,17.5,16.1,Y
11,4,2015,139450.62,38.2,8.5,13.0,8.8,Y
12,4,2015,123434.71,40.98,11.9,16.0,10.2,N
13,4,2015,109364.64,23.05,11.0,17.9,11.7,N
14,4,2015,138418.72,38.89,7.6,14.2,7.1,N
15,4,2015,104947.88,18.98,9.5,21.7,8.1,N
16,4,2015,138931.35,29.08,13.0,17.3,5.7,N
17,4,2015,122850.98,29.09,13.0,16.7,7.9,Y
18,4,2015,122646.42,27.4,10.5,15.9,12.5,N
19,4,2015,108818.77,22.39,9.9,21.8,13.7,N
20,4,2015,133414.42,29.95,8.7,15.1,3.6,Y
21,4,2015,131292.85,31.6,9.6,15.0,10.8,Y
22,4,2015,117327.84,27.88,12.9,21.5,14.5,Y
23,4,2015,127594.54,33.97,9.5,20.1,11.0,N
24,4,2015,92097.07,21.03,12.7,19.9,8.2,N
25,4,2015,130137.16,39.14,9.9,16.1,16.0,Y
26,4,2015,122369.39,31.38,7.5,21.9,10.4,N
27,4,2015,110807.72,30.22,9.4,19.0,9.7,Y
28,4,2015,124587.9,25.85,11.3,16.9,5.1,Y
29,4,2015,131169.79,33.69,8.2,17.7,7.6,N
30,4,2015,116260.74,27.41,7.8,18.2,13.9,N
1,5,2015,125728.38,54.14,12.9,20.6,9.5,Y
2,5,2015,122830.11,32.09,13.3,20.8,9.2,Y
3,5,2015,121021.46,38.97,12.3,18.8,3.6,Y
4,5,2015,119988.84,37.48,10.2,16.8,8.6,Y
5,5,2015,118683.56,29.02,7.8,14.0,8.7,Y
6,5,2015,133718.66,30.78,11.4,16.6,8.0,Y
7,5,2015,142642.02,37.48,7.0,15.3,7.3,Y
8,5,2015,138868.09,29.29,11.5,15.1,7.8,Y
9,5,2015,134919.95,29.0,10.6,17.8,8.9,Y
10,5,2015,118404.46,23.06,7.4,15.6,8.2,Y
11,5,2015,120173.75,29.8,7.7,20.5,8.0,Y
12,5,2015,120396.36,33.03,8.8,16.1,7.3,Y
13,5,2015,120470.43,36.79,6.2,14.3,7.2,Y
14,5,2015,132965.8,31.68,5.6,17.1,14.0,Y
15,5,2015,132957.13,36.72,7.5,14.3,7.4,Y
16,5,2015,122710.46,37.32,13.2,20.8,3.6,N
17,5,2015,136340.8,33.6,6.3,17.8,8.3,Y
18,5,2015,127912.43,27.59,11.0,18.2,8.1,Y
19,5,2015,138931.0,34.81,8.3,20.8,6.1,Y
20,5,2015,121571.77,30.64,8.3,16.4,5.8,Y
21,5,2015,132213.02,29.02,7.6,13.6,8.2,Y
22,5,2015,120766.18,37.4,11.4,19.4,8.2,Y
23,5,2015,122875.92,22.39,8.2,15.1,7.2,Y
24,5,2015,116999.17,19.27,10.0,16.2,2.2,Y
25,5,2015,141437.76,39.51,6.1,13.1,8.1,Y
26,5,2015,126617.68,28.82,13.5,19.1,9.6,Y
27,5,2015,146941.64,29.8,9.7,12.9,5.7,Y
28,5,2015,124072.76,36.99,8.8,16.9,5.4,Y
29,5,2015,135410.02,37.93,6.9,13.8,8.3,Y
30,5,2015,113669.64,30.19,10.5,19.6,7.9,Y
31,5,2015,126692.93,27.54,9.7,18.1,12.2,Y
1,6,2015,137028.42,39.12,9.7,13.7,6.4,Y
2,6,2015,117282.77,25.21,10.6,14.1,5.3,Y
3,6,2015,131332.79,21.02,9.2,13.2,5.4,Y
4,6,2015,123351.3,25.14,10.0,13.0,5.2,Y
5,6,2015,137524.03,39.83,6.6,19.0,10.1,Y
6,6,2015,141137.84,29.87,4.4,11.1,7.9,Y
7,6,2015,136884.09,30.52,8.6,13.0,5.5,Y
8,6,2015,127901.43,29.78,12.1,17.6,7.3,Y
9,6,2015,141474.72,38.53,8.1,12.2,5.8,Y
10,6,2015,126064.9,36.09,4.0,13.4,5.6,Y
11,6,2015,142642.63,36.72,7.8,15.9,6.2,Y
12,6,2015,139233.34,36.91,8.3,13.6,7.3,Y
13,6,2015,130171.78,42.6,7.7,17.0,7.9,Y
14,6,2015,145934.12,37.24,4.2,14.4,9.1,Y
15,6,2015,131138.42,35.11,12.3,17.3,4.5,Y
16,6,2015,115643.67,27.0,9.7,13.3,8.0,Y
17,6,2015,131365.02,26.93,9.6,15.2,7.0,Y
18,6,2015,135757.87,36.75,6.8,13.0,9.3,Y
19,6,2015,140795.8,37.6,8.5,11.5,4.7,Y
20,6,2015,138069.63,30.68,8.4,12.8,5.6,Y
21,6,2015,142417.85,42.34,7.1,15.0,8.5,Y
22,6,2015,136340.32,30.12,7.8,14.6,8.0,Y
23,6,2015,128582.72,30.67,10.4,15.8,5.8,Y
24,6,2015,132718.36,29.5,8.3,19.0,5.0,Y
25,6,2015,123618.42,28.69,6.2,12.3,8.0,Y
26,6,2015,140741.16,38.74,10.7,15.2,5.8,Y
27,6,2015,143170.94,35.97,4.4,17.3,5.9,N
28,6,2015,141994.89,36.46,10.4,12.3,3.7,Y
29,6,2015,140348.78,35.24,7.1,13.9,2.7,Y
30,6,2015,141444.48,37.02,6.5,17.5,6.7,Y
1,7,2015,140437.86,30.24,4.7,10.6,3.3,Y
2,7,2015,142625.99,38.89,8.9,12.5,7.3,Y
3,7,2015,142341.99,37.84,7.2,12.3,7.6,N
4,7,2015,141451.8,39.13,8.5,12.2,7.2,N
5,7,2015,132856.72,37.13,8.5,13.1,7.0,N
6,7,2015,140922.93,38.89,6.7,11.9,7.3,N
7,7,2015,145728.41,39.09,8.0,12.7,8.0,Y
8,7,2015,132856.39,39.77,9.9,13.9,3.2,Y
9,7,2015,141190.25,38.97,5.7,12.6,8.8,N
10,7,2015,136884.54,36.09,8.5,13.7,7.9,Y
11,7,2015,134819.94,39.13,8.5,12.3,7.4,Y
12,7,2015,127973.68,26.69,3.0,13.7,9.3,Y
13,7,2015,146444.1,37.97,8.2,12.8,4.8,Y
14,7,2015,114584.37,27.6,6.5,14.3,8.3,Y
15,7,2015,148534.12,32.88,6.9,12.3,7.3,N
16,7,2015,138920.0,59.04,7.3,11.8,7.9,Y
17,7,2015,142335.52,28.09,9.6,15.6,4.4,N
18,7,2015,137550.46,40.15,8.9,13.3,3.6,Y
19,7,2015,150303.59,44.97,6.3,14.1,9.4,N
20,7,2015,120137.85,57.43,7.9,12.7,7.9,Y
21,7,2015,138023.38,37.02,6.7,14.8,9.7,Y
22,7,2015,138918.06,39.81,8.0,15.8,8.9,Y
23,7,2015,143500.78,33.56,5.1,16.7,9.4,Y
24,7,2015,125830.61,45.56,8.7,14.3,9.4,Y
25,7,2015,143462.53,39.91,8.7,14.5,7.3,N
26,7,2015,121616.64,22.39,6.7,19.1,11.5,Y
27,7,2015,141994.38,41.37,8.8,13.5,3.6,Y
28,7,2015,1247.61,55.74,11.4,16.0,6.5,Y
29,7,2015,133822.84,13.49,6.6,12.0,7.6,N
30,7,2015,121918.8,37.49,8.8,14.2,7.1,Y
31,7,2015,1312.54,37.02,11.5,13.1,7.6,Y
1,8,2015,100048.,24.58,11.3,18.4,14.4,Y
2,8,2015,131471.71,36.73,6.1,14.1,11.1,Y
3,8,2015,140437.12,37.88,8.8,13.1,7.8,Y
4,8,2015,136330.98,54.51,7.6,12.5,5.4,Y
5,8,2015,136696.37,32.56,8.8,14.0,7.9,Y
6,8,2015,141611.49,40.92,7.8,13.8,7.4,Y
7,8,2015,133838.41,30.18,5.9,15.7,9.9,Y
8,8,2015,131856.95,40.63,10.2,18.8,11.7,Y
9,8,2015,131372.56,50.33,7.3,16.2,8.0,N
10,8,2015,142641.99,42.12,3.6,13.5,10.6,Y
11,8,2015,116060.92,44.73,10.3,14.0,11.6,Y
12,8,2015,138040.5,49.37,9.7,12.7,8.3,Y
13,8,2015,134848.82,35.72,6.9,13.3,7.7,Y
14,8,2015,140786..29,31.88,4.3,14.1,4.5,Y
15,8,2015,137514.3,48.67,10.8,13.8,11.0,Y
16,8,2015,136872.56,36.4,9.3,12.1,6.1,Y
17,8,2015,128837.84,28.96,10.2,16.3,16.2,Y
18,8,2015,131080.14,30.8,13.1,15.9,9.0,Y
19,8,2015,137866.73,49.48,7.6,12.3,15.8,Y
20,8,2015,137511.71,28.8,9.6,11.8,6.5,Y
21,8,2015,125400.73,33.12,6.1,16.8,13.0,Y
22,8,2015,120164.22,34.68,8.2,18.4,13.7,Y
23,8,2015,141432.59,32.76,4.3,12.3,9.5,Y
24,8,2015,124912.72,38.55,4.9,12.3,8.2,Y
25,8,2015,128602.59,31.07,9.9,20.1,11.0,Y
26,8,2015,142625.93,33.03,7.7,12.3,5.9,Y
27,8,2015,132978.77,41.43,10.3,13.8,10.3,Y
28,8,2015,131916.23,55.23,5.6,13.3,11.7,Y
29,8,2015,133969.80,39.75,10.1,14.4,11.9,Y
30,8,2015,137695.36,40.3,5.2,12.7,12.7,Y
31,8,2015,132553.22,48.79,11.4,16.4,14.2,N
1,9,2015,133799.65,29.19,8.7,15.9,13.0,N
2,9,2015,123615.28,33.03,9.7,24.2,18.1,Y
3,9,2015,122575.22,29.07,10.5,18.1,12.8,Y
4,9,2015,124391.09,28.8,11.1,16.0,7.2,N
5,9,2015,133306.35,37.03,9.6,9.9,7.2,Y
6,9,2015,105941.16,24.46,11.9,22.7,15.7,N
7,9,2015,107834.48,25.21,15.2,17.1,7.0,N
8,9,2015,131280.16,32.38,10.8,13.3,13.8,Y
9,9,2015,131919.88,36.94,8.9,15.1,14.2,Y
10,9,2015,121667.5,51.38,9.0,16.1,11.1,Y
11,9,2015,101300.78,37.03,11.7,18.2,11.5,Y
12,9,2015,126934.68,33.03,11.3,16.4,16.5,Y
13,9,2015,125050.38,32.35,8.8,14.9,14.5,N
14,9,2015,134056.8,36.71,7.1,15.5,9.4,Y
15,9,2015,120308.66,24.45,10.3,13.7,7.0,Y
16,9,2015,91786.72,19.42,11.9,19.4,15.8,N
17,9,2015,108290.31,26.92,6.4,18.8,17.4,N
18,9,2015,124,40.47,12.5,16.3,14.0,N
19,9,2015,125972.68,69.55,8.0,13.2,13.5,Y
20,9,2015,122899.23,19.99,7.5,17.3,21.4,Y
21,9,2015,120128.77,33.9,5.2,17.1,16.5,Y
22,9,2015,141605.8,62.32,7.9,12.9,10.5,N
23,9,2015,120448.12,31.38,10.1,14.5,12.8,N
24,9,2015,136121.42,45.98,7.9,15.3,8.5,Y
25,9,2015,132822.13,38.47,8.8,13.4,15.7,Y
26,9,2015,124081.38,30.55,8.4,18.2,14.4,Y
27,9,2015,135611.78,49.13,7.7,13.8,14.0,N
28,9,2015,121073.84,35.18,4.3,13.1,13.0,Y
29,9,2015,111262.12,30.63,9.1,18.7,15.6,N
30,9,2015,131448.55,37.35,7.7,14.7,11.5,N
1,10,2015,123421.64,0.06,15.4,33.2,20.3,Y
2,10,2015,131916.3,39.09,10.8,16.6,7.4,Y
3,10,2015,121545.48,19.91,12.9,28.8,23.4,N
4,10,2015,102279.31,26.58,10.9,18.4,21.8,Y
5,10,2015,121697.38,29.07,15.6,17.6,13.8,Y
6,10,2015,120789.0,36.72,12.1,17.9,12.3,Y
7,10,2015,125959.46,30.02,13.3,33.1,20.8,Y
8,10,2015,127307.54,29.44,11.9,26.6,25.0,Y
9,10,2015,109800.9,25.14,13.5,21.1,22.7,Y
10,10,2015,143539.72,38.61,9.6,15.9,12.0,Y
11,10,2015,97580.35,23.29,7.3,16.9,20.9,Y
12,10,2015,129322.69,31.07,12.7,16.9,18.0,Y
13,10,2015,104303.89,31.79,14.7,18.1,7.7,Y
14,10,2015,127900.68,28.59,18.7,27.7,23.0,Y
15,10,2015,122764.92,33.99,8.2,16.6,21.0,Y
16,10,2015,103999.34,14.09,12.6,16.7,23.0,Y
17,10,2015,138052.16,46.64,15.5,16.9,19.6,Y
18,10,2015,120196.22,29.23,16.6,33.7,22.3,Y
19,10,2015,102647.06,15.8,9.0,25.0,19.0,Y
20,10,2015,124686.44,35.12,9.8,18.4,9.3,Y
21,10,2015,106709.54,29.73,8.1,22.2,27.1,Y
22,10,2015,122847.34,32.02,13.4,34.7,18.5,Y
23,10,2015,125850.58,39.14,16.4,32.0,21.6,N
24,10,2015,122222.22,29.43,11.3,16.2,13.4,Y
25,10,2015,120177.86,31.0,8.4,25.0,25.4,Y
26,10,2015,112094.98,36.01,14.8,22.4,16.3,Y
27,10,2015,107616.39,47.03,10.0,26.9,24.3,Y
28,10,2015,121119.08,36.09,5.1,18.8,23.1,Y
29,10,2015,125972.33,36.89,12.9,14.7,6.9,N
30,10,2015,109609.3,30.22,9.0,16.8,12.3,Y
31,10,2015,109357.34,24.62,10.3,18.5,13.1,Y
1,11,2015,126538.17,29.44,14.7,20.1,28.3,Y
2,11,2015,102741.96,29.41,13.7,17.2,24.2,Y
3,11,2015,115142.54,51.42,8.1,16.0,27.1,Y
4,11,2015,126537.06,25.91,18.8,28.4,16.9,Y
5,11,2015,124464.42,33.56,9.8,21.7,25.5,Y
6,11,2015,121537.65,36.24,8.5,14.9,2.5,Y
7,11,2015,125793.38,36.73,11.8,25.5,25.4,Y
8,11,2015,122748.6,41.85,11.9,27.6,29.7,Y
9,11,2015,106593.16,40.85,8.2,18.7,28.7,Y
10,11,2015,136884.0,40.37,4.8,14.8,13.0,Y
11,11,2015,120420.5,33.75,8.1,15.1,16.1,Y
12,11,2015,93673.53,19.6,11.3,23.3,28.1,Y
13,11,2015,118404.01,31.76,16.8,21.8,22.8,Y
14,11,2015,107583.3,32.88,8.8,20.6,13.1,Y
15,11,2015,113968.5,32.46,13.3,23.9,25.0,Y
16,11,2015,121528.32,33.05,11.3,17.6,7.0,Y
17,11,2015,125420.54,30.2,11.9,17.6,27.6,Y
18,11,2015,108675.0,48.9,8.9,15.8,25.0,Y
19,11,2015,123793.09,29.08,7.8,16.4,14.4,Y
20,11,2015,123763.84,33.76,10.2,29.6,28.3,Y
21,11,2015,122625.64,36.93,8.9,17.1,27.4,Y
22,11,2015,138308.54,36.79,9.1,14.8,2.9,Y
23,11,2015,127530.0,37.48,14.8,26.6,13.5,Y
24,11,2015,121693.28,43.89,12.7,20.1,29.8,Y
25,11,2015,1214074.09,39.65,8.1,20.1,23.6,Y
26,11,2015,120,37.09,9.5,18.4,22.6,Y
27,11,2015,113562.68,40.46,11.9,30.5,13.1,Y
28,11,2015,116773.73,31.88,9.1,17.9,19.6,Y
29,11,2015,131065.31,39.13,12.2,20.0,29.3,Y
30,11,2015,115430.62,31.59,12.8,19.8,27.1,Y
1,12,2015,96394.79,21.42,12.5,24.4,30.7,N
2,12,2015,110611.78,30.09,10.0,20.3,27.5,N
3,12,2015,120232.6,28.69,16.4,21.6,26.3,Y
4,12,2015,127840.38,37.34,13.5,24.6,28.6,Y
5,12,2015,121593.69,26.56,13.6,21.5,6.2,Y
6,12,2015,115878.04,29.5,12.2,21.4,25.8,Y
7,12,2015,117580.56,30.55,12.3,23.4,32.6,Y
8,12,2015,117921.84,58.03,11.4,19.5,20.8,Y
9,12,2015,141683.65,39.8,17.3,26.1,31.2,N
10,12,2015,97225.72,18.23,15.3,23.1,22.0,N
11,12,2015,125946.62,78.65,14.7,32.5,32.3,N
12,12,2015,126942.94,26.58,14.7,27.5,31.3,Y
13,12,2015,96431.94,21.35,12.6,20.7,29.3,Y
14,12,2015,111423.88,43.97,12.3,20.9,29.0,Y
15,12,2015,140410.66,39.14,15.9,31.9,32.1,N
16,12,2015,103049.66,32.93,15.3,20.4,25.1,N
17,12,2015,98857.13,24.66,12.8,20.9,32.3,Y
18,12,2015,107616.55,39.14,10.3,23.2,30.3,Y
19,12,2015,121221.46,35.22,14.5,17.5,30.1,Y
20,12,2015,119919.4,30.05,16.9,20.2,32.2,N
21,12,2015,98622.28,21.27,15.8,23.4,30.2,N
22,12,2015,125946.8,43.24,10.4,21.6,32.0,Y
23,12,2015,97512.19,29.41,14.9,20.4,14.2,Y
24,12,2015,120505.01,42.12,14.3,35.8,32.7,Y
25,12,2015,92097.85,17.32,14.4,23.8,24.3,N
26,12,2015,114867.24,47.16,13.6,20.7,23.2,Y
27,12,2015,116817.03,24.88,13.0,26.3,32.8,N
28,12,2015,126773.49,47.0,12.9,27.0,32.0,Y
29,12,2015,127264.49,59.82,17.7,36.0,31.6,N
30,12,2015,107418.44,45.52,14.9,26.4,29.3,N
31,12,2015,99865.03,14.13,16.4,21.0,26.1,N
1,1,2016,120152.64,27.54,18.1,24.3,14.8,N
2,1,2016,105277.61,30.41,14.4,22.7,24.2,N
3,1,2016,132837.68,26.04,19.7,26.9,30.0,N
4,1,2016,122810.02,26.1,16.6,23.5,28.5,N
5,1,2016,114097.07,26.01,14.4,28.9,29.4,N
6,1,2016,124302.91,40.63,16.6,21.7,28.6,N
7,1,2016,112371.21,25.91,16.5,21.8,26.3,N
8,1,2016,116811.39,31.3,14.7,23.1,26.3,N
9,1,2016,126528.87,28.66,15.3,31.7,27.7,N
10,1,2016,106679.85,12.4,15.0,19.0,15.3,N
11,1,2016,133422.95,,20.1,30.8,2.6,N
12,1,2016,109901.22,69.79,12.6,23.6,30.4,N
13,1,2016,97728.87,31.79,11.3,29.5,23.3,N
14,1,2016,106888.58,22.01,16.2,21.2,10.3,N
15,1,2016,113469.74,27.62,17.9,29.1,25.1,N
16,1,2016,98873.45,25.86,16.4,19.6,27.6,N
17,1,2016,104330.81,25.85,11.9,24.0,27.6,N
18,1,2016,108918.18,25.98,15.5,21.7,25.3,Y
19,1,2016,119178.94,30.24,14.5,19.8,9.2,N
20,1,2016,111270.76,30.78,13.7,20.8,29.8,N
21,1,2016,103759.68,29.07,12.4,20.9,29.7,N
22,1,2016,139316.29,94.63,20.3,27.7,32.9,N
23,1,2016,122775.28,31.82,16.3,31.6,26.7,N
24,1,2016,119789.97,34.27,14.5,21.2,26.4,N
25,1,2016,151432.62,102.53,17.0,37.2,30.4,N
26,1,2016,125801.69,43.69,14.0,33.1,30.6,N
27,1,2016,107731.82,24.68,13.2,21.8,31.3,N
28,1,2016,132816.13,32.76,9.6,15.6,5.9,N
29,1,2016,122368.16,60.58,18.1,25.2,29.1,N
30,1,2016,105911.78,23.56,14.2,19.7,26.3,N
31,1,2016,125959.76,56.12,16.4,23.2,28.3,N
1,2,2016,121106.26,101.45,18.2,26.7,23.1,Y
2,2,2016,133869.13,28.24,18.7,32.5,24.3,Y
3,2,2016,124481.42,23.97,17.0,27.6,28.6,Y
4,2,2016,97333.86,27.42,15.2,27.4,27.4,Y
5,2,2016,122375.46,31.36,13.2,22.0,26.8,Y
6,2,2016,124317.42,43.33,15.2,20.7,1.9,Y
7,2,2016,131372.73,44.93,18.0,30.7,27.5,Y
8,2,2016,121178.22,27.4,18.6,29.3,23.5,Y
9,2,2016,122775.46,62.89,22.1,28.8,19.1,Y
10,2,2016,125865.62,24.19,15.7,31.3,25.4,Y
11,2,2016,120840.09,33.46,16.2,23.5,23.5,Y
12,2,2016,142300.17,38.56,19.3,27.3,27.6,Y
13,2,2016,118832.34,44.72,14.2,23.1,23.4,Y
14,2,2016,131871.06,37.37,17.7,25.9,30.4,Y
15,2,2016,1314,43.09,20.3,29.4,13.6,Y
16,2,2016,116690.04,29.15,14.2,23.7,14.8,Y
17,2,2016,112421.15,28.96,12.5,20.1,18.9,Y
18,2,2016,118324.44,43.33,14.0,26.2,27.6,Y
19,2,2016,131831.65,26.1,20.3,21.4,25.1,Y
20,2,2016,134056.8,32.11,16.2,23.2,23.6,Y
21,2,2016,133472.44,27.61,18.3,25.7,23.1,Y
22,2,2016,120747.87,32.35,18.0,29.4,14.8,Y
23,2,2016,123608.28,41.28,18.0,22.6,23.4,Y
24,2,2016,106418.62,25.35,15.0,22.7,23.1,Y
25,2,2016,127821.56,33.68,13.6,25.0,27.5,Y
26,2,2016,111907.24,38.97.85,14.7,21.3,25.9,Y
27,2,2016,136060.05,33.75,15.1,30.3,27.1,Y
28,2,2016,128599.22,36.56,15.6,22.8,28.5,Y
29,2,2016,134873.58,43.75,16.6,25.9,19.1,Y
1,3,2016,123740.57,33.99,12.4,27.9,18.5,Y
2,3,2016,127975.11,33.41,12.6,23.7,21.1,Y
3,3,2016,105935.74,30.14,14.7,17.9,12.0,Y
4,3,2016,131771.7,28.42,14.7,26.3,16.6,Y
5,3,2016,129322.69,91.87,13.0,25.5,7.5,Y
6,3,2016,116011.66,33.54,18.8,21.9,17.2,Y
7,3,2016,105928.05,31.43,16.5,18.6,22.3,Y
8,3,2016,113610.46,34.22,11.6,20.9,23.6,Y
9,3,2016,117243.63,55.33,13.0,20.1,21.1,Y
10,3,2016,127817.57,29.34,14.0,23.1,22.8,Y
11,3,2016,137899.79,32.02,19.9,28.2,21.3,Y
12,3,2016,123601.64,45.52,15.4,23.9,20.4,Y
13,3,2016,102717.6,49.82,12.6,26.1,15.8,Y
14,3,2016,121542.52,36.04,12.8,29.5,19.6,Y
15,3,2016,122810.57,49.42,12.0,27.6,19.6,Y
16,3,2016,131271.82,37.43,18.8,25.7,20.8,Y
17,3,2016,120828.94,36.25,15.9,29.5,15.9,Y
18,3,2016,102085.45,49.49,13.8,22.6,27.7,Y
19,3,2016,120421.46,29.07,14.1,20.3,16.4,Y
20,3,2016,125657.12,28.8,14.3,19.9,21.8,Y
21,3,2016,139814.94,78.74,19.3,29.0,18.1,Y
22,3,2016,123575.82,43.56,12.7,27.2,18.8,Y
23,3,2016,123247.07,60.04,13.0,22.3,20.6,Y
24,3,2016,107820.5,66.86,11.4,20.0,14.2,Y
25,3,2016,124033.96,33.99,13.9,29.5,16.7,N
26,3,2016,122975.28,38.89,15.5,29.9,18.4,Y
27,3,2016,135022.68,49.44,20.1,30.2,19.6,Y
28,3,2016,102647.06,23.81,13.9,22.4,19.1,Y
29,3,2016,122950.81,58.71,15.3,21.9,12.3,Y
30,3,2016,111294.94,57.92,11.7,18.1,12.7,Y
31,3,2016,103685.64,40.31,12.5,22.2,16.3,Y
1,4,2016,100764.04,27.0,11.3,18.7,11.7,Y
2,4,2016,127209.13,48.37,10.1,18.1,14.8,N
3,4,2016,98622.96,23.91,13.6,19.2,9.4,Y
4,4,2016,115907.07,22.39,8.9,22.7,14.6,Y
5,4,2016,118894.3,27.43,15.8,18.5,7.5,Y
6,4,2016,118837.07,47.89,12.1,25.7,13.5,Y
7,4,2016,102583.46,37.74,13.0,21.7,14.8,N
8,4,2016,98891.45,48.06,14.4,29.5,14.8,N
9,4,2016,102647.9,117.33,16.6,21.8,7.9,Y
10,4,2016,128753.55,86.44,11.8,28.7,15.2,Y
11,4,2016,121467.72,62.97,15.7,19.2,9.3,N
12,4,2016,116302.81,65.66,12.5,27.6,15.5,N
13,4,2016,132869.41,38.06,9.7,14.8,12.6,N
14,4,2016,113610.78,48.06,13.0,25.7,7.9,N
15,4,2016,136037.24,37.41,9.9,15.9,9.2,Y
16,4,2016,103687.7,25.21,12.3,19.4,9.5,Y
17,4,2016,120137.,45.26,10.2,15.7,11.3,Y
18,4,2016,110547.6,40.84,8.9,21.4,12.7,Y
19,4,2016,98622.9,62.72,11.0,20.4,13.6,N
20,4,2016,123740.16,48.79,9.6,23.9,10.8,Y
21,4,2016,132353.32,79.73,17.1,24.3,6.8,Y
22,4,2016,113945.74,47.31,13.8,23.5,15.1,Y
23,4,2016,121674.46,43.44,10.2,18.9,10.8,Y
24,4,2016,104922.94,13.9,13.0,19.5,9.4,Y
25,4,2016,124097.4,48.79,7.6,17.0,8.8,N
26,4,2016,126897.59,101.57,9.7,26.9,14.8,Y
27,4,2016,135434.61,60.03,9.5,15.2,6.9,Y
28,4,2016,131382.23,115.43,10.2,15.9,10.5,Y
29,4,2016,125965.56,45.56,11.0,16.1,8.6,N
30,4,2016,114831.82,22.58,13.3,23.5,14.9,N
1,5,2016,135828.53,87.88,7.9,15.8,8.6,Y
2,5,2016,147070.54,37.96,6.1,9.6,3.9,Y
3,5,2016,137793.14,81.95,11.3,16.2,7.2,Y
4,5,2016,137514.62,60.64,10.7,13.8,6.6,Y
5,5,2016,118perature,50.96,4.7,15.0,7.9,Y
6,5,2016,122850.99,22.39,12.2,18.9,6.0,Y
7,5,2016,131730.49,39.57,9.1,16.6,6.5,Y
8,5,2016,121757.8,43.74,7.0,20.5,10.2,Y
9,5,2016,114191.2,27.59,12.6,20.3,9.2,Y
10,5,2016,125934.68,38.53,11.9,14.0,7.1,Y
11,5,2016,123740.16,38.89,11.3,15.3,7.9,N
12,5,2016,102684.0,15.8,9.6,21.3,10.9,Y
13,5,2016,119904.74,58.74,8.7,17.0,7.7,Y
14,5,2016,132857.13,95.67,7.3,13.4,8.2,Y
15,5,2016,137028.72,35.7,8.3,13.7,7.3,Y
16,5,2016,131367.97,54.39,9.1,15.9,8.7,Y
17,5,2016,121087.6,29.8,14.0,19.5,6.8,Y
18,5,2016,120793.32,29.9,8.6,15.6,6.5,Y
19,5,2016,132869.79,37.97,8.6,17.2,7.4,Y
20,5,2016,113434.51,39.12,12.5,17.7,3.7,Y
21,5,2016,130935.88,39.83,7.4,15.5,9.7,N
22,5,2016,118507.86,58.99,9.9,16.6,8.0,Y
23,5,2016,122625.9,36.56,12.6,20.6,10.2,Y
24,5,2016,122764.26,53.94,12.1,18.5,5.3,Y
25,5,2016,134984.57,99.0,8.0,15.9,10.8,Y
26,5,2016,114936.5,30.55,8.5,15.7,10.2,Y
27,5,2016,143205.31,99.85,6.4,14.8,8.3,Y
28,5,2016,126740.7,,11.3,15.9,6.8,Y
29,5,2016,138614.62,47.74,9.7,14.1,8.0,Y
30,5,2016,119014.45,46.81,6.5,16.2,8.4,Y
31,5,2016,121571.51,49.79,12.6,16.7,8.3,Y
1,6,2016,131838.54,81.72,10.3,14.2,7.9,Y
2,6,2016,140922.87,36.17,6.3,14.1,8.2,Y
3,6,2016,132856.28,101.13,8.4,15.0,6.6,Y
4,6,2016,120144.1,124.09,3.6,14.7,9.3,Y
5,6,2016,136240.88,78.32,8.1,14.5,8.3,Y
6,6,2016,132732.36,85.9,5.0,13.9,7.9,Y
7,6,2016,135306.13,45.97,10.0,14.9,8.9,Y
8,6,2016,138424.2,48.71,10.9,15.3,8.0,Y
9,6,2016,132854.13,99.61,5.7,15.0,6.6,Y
10,6,2016,141309.88,40.58,10.0,17.1,4.8,Y
11,6,2016,130174.61,45.33,6.3,14.6,8.0,Y
12,6,2016,117300.86,61.82,10.0,15.3,5.9,Y
13,6,2016,129310.05,62.87,7.8,13.1,4.3,Y
14,6,2016,136884.54,37.02,7.1,12.9,6.0,Y
15,6,2016,131270.54,55.23,9.1,15.7,7.5,Y
16,6,2016,119464.32,33.9,12.9,17.4,8.6,Y
17,6,2016,132571.26,99.4,10.4,14.5,6.3,Y
18,6,2016,136850.78,62.97,9.6,13.8,7.6,Y
19,6,2016,133103.59,79.61,6.6,14.1,7.9,Y
20,6,2016,121521.68,111.47,2.3,14.9,9.0,Y
21,6,2016,132977.05,52.64,10.3,13.8,6.2,Y
22,6,2016,133422.44,60.91,10.6,14.7,5.9,Y
23,6,2016,131367.02,29.09,8.0,14.4,8.5,Y
24,6,2016,138793.03,62.13,8.7,11.1,7.4,Y
25,6,2016,135339.29,60.63,9.5,17.2,8.6,Y
26,6,2016,144737.76,109.49,4.6,11.1,8.4,Y
27,6,2016,131138.08,53.91,12.3,18.3,5.2,Y
28,6,2016,131466.81,110.99,8.4,15.8,8.0,Y
29,6,2016,135422.85,29.41,10.4,15.8,7.0,Y
30,6,2016,131159.68,95.31,9.5,12.6,4.5,Y
1,7,2016,138424.34,48.79,8.7,14.5,9.5,Y
2,7,2016,146926.2,51.44,7.9,10.8,6.4,Y
3,7,2016,131737.45,52.11,9.6,13.4,6.7,N
4,7,2016,137857.66,78.29,8.4,17.0,10.9,Y
5,7,2016,138418.14,111.45,7.6,14.6,8.9,N
6,7,2016,136690.54,48.5,10.2,15.5,8.5,Y
7,7,2016,125807.1,109.56,4.3,14.7,9.3,Y
8,7,2016,123434.17,39.12,7.2,11.7,8.3,Y
9,7,2016,131871.7,47.18,7.0,15.3,8.1,Y
10,7,2016,136331.42,36.73,8.8,14.2,8.2,Y
11,7,2016,131654.85,114.93,5.1,12.3,7.3,Y
12,7,2016,120464.31,32.88,10.1,18.2,10.5,N
13,7,2016,133874.48,141.98,9.4,12.7,6.3,N
14,7,2016,124730.36,44.94,8.1,13.0,12.8,N
15,7,2016,142641.35,37.43,0.8,10.6,5.8,Y
16,7,2016,126696.72,48.79,9.4,12.7,8.9,N
17,7,2016,137738.95,79.6,7.6,11.6,5.4,Y
18,7,2016,124473.58,40.78,10.0,13.5,9.4,N
19,7,2016,133799.94,28.2,5.9,13.9,5.2,N
20,7,2016,139506.95,45.31,8.2,14.0,7.2,N
21,7,2016,144031.72,50.13,6.2,15.0,9.1,N
22,7,2016,133131.32,35.78,7.3,12.8,7.9,Y
23,7,2016,121264.19,81.96,6.7,10.6,6.0,Y
24,7,2016,138931.73,51.8,7.2,17.0,7.3,Y
25,7,2016,143060.12,50.56,8.0,11.8,4.8,Y
26,7,2016,131367.34,47.35,10.7,16.9,8.2,Y
27,7,2016,131613.38,62.6,7.7,11.2,7.6,N
28,7,2016,131924.83,114.11,9.4,16.0,12.8,N
29,7,2016,130715.06,38.97,7.1,14.0,10.4,Y
30,7,2016,123601.28,78.27,8.8,16.0,4.2,N
31,7,2016,142545.1,37.37,7.5,12.3,8.0,N
1,8,2016,115064.58,33.9,8.9,15.8,11.8,Y
2,8,2016,132088.66,36.76,9.7,14.2,9.0,Y
3,8,2016,132857.13,42.23,10.5,15.7,15.8,Y
4,8,2016,127900.06,45.52,3.4,12.6,5.9,Y
5,8,2016,121032.84,28.51,10.0,22.6,15.8,Y
6,8,2016,131380.09,48.71,6.1,15.9,9.0,Y
7,8,2016,143977.3,106.97,6.6,14.3,9.0,Y
8,8,2016,130964.09,33.47,8.8,15.2,11.2,Y
9,8,2016,137680.95,52.32,7.4,12.4,9.9,N
10,8,2016,131916.36,58.79,7.8,13.1,11.9,Y
11,8,2016,131875.79,64.76,2.0,13.5,12.5,Y
12,8,2016,104770.62,43.09,9.0,17.5,14.2,Y
13,8,2016,131874.67,38.56,8.1,14.4,9.6,Y
14,8,2016,123521.43,33.69,10.0,15.8,12.4,Y
15,8,2016,131787.45,38.71,8.6,15.0,11.3,Y
16,8,2016,135437.16,73.47,8.3,13.6,11.3,Y
17,8,2016,127208.57,58.52,9.7,20.5,11.3,Y
18,8,2016,142476.61,44.69,7.0,12.3,7.0,Y
19,8,2016,141462.24,44.86,7.6,14.3,11.1,Y
20,8,2016,131069.67,29.55,4.4,14.5,11.3,Y
21,8,2016,132856.72,43.89,7.8,12.3,13.9,Y
22,8,2016,138455.46,38.97,9.6,12.5,6.4,Y
23,8,2016,136318.38,65.32,9.5,13.8,7.9,Y
24,8,2016,123400.17,37.44,10.3,18.7,6.4,Y
25,8,2016,141137.18,48.41,8.5,12.9,11.6,Y
26,8,2016,136883.66,49.79,7.3,14.8,10.6,Y
27,8,2016,142625.64,35.12,9.6,14.3,10.3,Y
28,8,2016,116064.03,52.52,12.3,17.4,11.9,Y
29,8,2016,142812.13,58.15,6.9,12.6,12.4,Y
30,8,2016,124791.26,48.89,12.5,21.3,14.4,Y
31,8,2016,132072.79,60.6,11.7,15.7,7.3,Y
1,9,2016,132076.88,44.89,8.7,15.0,9.7,N
2,9,2016,120772.88,38.89,13.3,16.0,8.4,Y
3,9,2016,107786.9,25.85,13.5,19.6,7.9,Y
4,9,2016,130171.26,55.56,10.0,16.1,13.5,N
5,9,2016,103500.76,62.72,10.3,18.4,10.4,Y
6,9,2016,118842.31,30.68,8.7,19.1,16.9,N
7,9,2016,113539.99,25.12,6.6,19.7,16.0,Y
8,9,2016,131822.43,49.45,11.7,16.5,11.3,Y
9,9,2016,136690.02,101.19,9.0,15.2,7.5,Y
10,9,2016,122830.31,33.75,10.0,16.0,11.8,N
11,9,2016,116045.29,38.71,15.4,26.5,13.9,N
12,9,2016,119938.48,37.88,6.6,15.4,17.4,Y
13,9,2016,124064.49,52.57,9.8,18.4,13.9,Y
14,9,2016,131819.72,79.41,5.2,16.0,13.4,Y
15,9,2016,121916.57,33.15,12.8,18.7,13.0,Y
16,9,2016,120921.0,45.51,7.7,20.0,17.7,Y
17,9,2016,122054.55,41.15,13.2,19.4,16.4,Y
18,9,2016,127945.43,41.91,11.0,18.4,12.5,N
19,9,2016,114529.71,40.91,9.6,18.4,11.3,N
20,9,2016,134029.82,54.84,10.7,15.6,12.6,Y
21,9,2016,131819.94,73.14,10.1,15.0,14.5,Y
22,9,2016,137513.34,48.75,10.8,15.8,13.0,Y
23,9,2016,109800.48,34.56,12.0,26.7,19.7,N
24,9,2016,1059day,24.45,13.0,22.8,16.0,Y
25,9,2016,125965.74,35.22,10.2,15.0,11.9,N
26,9,2016,138931.0,47.4,6.5,19.8,21.7,Y
27,9,2016,124468.5,56.72,7.9,18.5,20.8,N
28,9,2016,125018.36,48.65,13.5,16.9,12.3,Y
29,9,2016,130565.01,66.61,6.7,16.7,16.6,N
30,9,2016,121228.64,32.82,8.4,18.6,7.8,Y
1,10,2016,109322.29,26.56,9.1,20.5,28.6,Y
2,10,2016,109551.08,25.85,10.3,16.1,8.0,Y
3,10,2016,120435.84,30.41,11.9,25.9,18.8,Y
4,10,2016,127522.93,27.54,9.3,18.0,14.0,Y
5,10,2016,128296.8,37.66,10.0,14.9,11.5,Y
6,10,2016,122347.49,27.46,10.7,16.7,17.3,Y
7,10,2016,127531.42,36.73,9.4,16.0,19.1,Y
8,10,2016,128599.5,38.81,12.3,18.1,17.4,Y
9,10,2016,116655.15,24.46,11.1,19.6,16.8,Y
10,10,2016,119742.48,44.73,8.9,19.8,18.9,Y
11,10,2016,108746.34,41.34,16.4,21.5,19.5,Y
12,10,2016,112351.24,53.43,12.6,19.8,14.6,Y
13,10,2016,123615.38,134.79,3.7,16.2,15.9,Y
14,10,2016,121073.98,29.24,13.3,26.5,22.8,Y
15,10,2016,105747.34,30.4,11.7,20.7,23.6,Y
16,10,2016,100818.62,33.32,10.3,14.3,22.2,Y
17,10,2016,117028.34,35.06,10.7,18.2,19.5,Y
18,10,2016,116690.78,29.15,13.1,29.5,14.8,Y
19,10,2016,108728.88,24.12,8.4,17.1,20.3,Y
20,10,2016,97722.02,22.39,10.1,24.7,20.5,Y
21,10,2016,131073.66,27.37,14.5,30.3,21.5,Y
22,10,2016,119702.95,36.04,9.4,19.0,23.0,Y
23,10,2016,119948.28,35.22,13.5,16.5,26.0,Y
24,10,2016,128522.86,48.34,6.4,18.0,19.6,Y
25,10,2016,100904.0,32.11,13.3,16.9,16.8,Y
26,10,2016,116788.84,37.24,9.6,15.6,15.9,Y
27,10,2016,112785.36,45.21,12.9,17.4,19.5,Y
28,10,2016,121036.64,34.28,9.9,16.1,16.4,Y
29,10,2016,116690.04,43.75,10.5,15.9,9.4,Y
30,10,2016,121177.58,41.8,11.3,26.9,25.6,Y
31,10,2016,100904.48,19.92,9.5,19.6,23.1,Y
1,11,2016,119907.16,22.39,16.7,19.9,15.8,Y
2,11,2016,124468.9,35.27,16.6,19.5,23.5,Y
3,11,2016,125796.7,24.27,11.4,16.2,15.4,Y
4,11,2016,122771.5,49.48,15.6,21.9,21.2,Y
5,11,2016,109316.64,23.81,12.3,20.1,28.1,Y
6,11,2016,105219.82,22.39,11.5,17.6,28.0,Y
7,11,2016,116424.98,48.16,11.8,17.6,10.1,Y
8,11,2016,127945.36,41.99,10.1,14.4,9.0,Y
9,11,2016,125967.25,42.34,14.7,24.6,30.4,Y
10,11,2016,106813.56,30.18,11.2,20.4,24.1,Y
11,11,2016,120767.92,45.36,14.4,18.0,18.4,Y
12,11,2016,122634.53,40.98,10.1,18.8,8.3,Y
13,11,2016,135420.99,45.23,16.6,31.2,29.2,Y
14,11,2016,131820.63,59.85,18.3,32.3,2.6,Y
15,11,2016,109364.67,39.14,11.5,26.4,24.2,Y
16,11,2016,125021.68,37.32,16.1,21.0,28.8,Y
17,11,2016,121742.89,40.75,9.6,16.4,12.8,Y
18,11,2016,99617.62,31.88,11.9,19.9,14.8,Y
19,11,2016,127957.38,28.3,16.0,20.3,22.1,Y
20,11,2016,97,17.92,11.9,16.9,23.6,Y
21,11,2016,115256.54,22.03,11.0,17.1,24.0,Y
22,11,2016,121424.42,30.49,10.2,16.2,20.8,Y
23,11,2016,121228.71,33.32,12.8,16.6,27.0,Y
24,11,2016,101818.09,41.91,11.3,16.1,14.6,Y
25,11,2016,126817.6,41.22,12.4,19.0,11.9,Y
26,11,2016,132854.13,53.42,18.7,33.3,25.3,Y
27,11,2016,105534.68,54.45,9.3,22.2,29.3,N
28,11,2016,122452.42,27.6,13.0,23.5,20.2,Y
29,11,2016,107853.52,25.98,13.0,29.3,31.6,Y
30,11,2016,127238.16,40.13,13.5,17.5,9.2,Y
1,12,2016,118840.2,29.25,20.0,23.2,29.4,Y
2,12,2016,122968.45,28.33,13.3,19.5,19.5,Y
3,12,2016,104468.9,28.55,12.3,19.8,23.9,N
4,12,2016,123734.24,32.76,15.5,21.1,28.3,N
5,12,2016,99761.81,23.08,11.4,21.6,25.4,Y
6,12,2016,99697.81,33.27,16.8,21.8,29.9,N
7,12,2016,116673.61,33.15,13.0,27.6,28.4,Y
8,12,2016,100170.05,21.98,15.1,20.9,13.9,Y
9,12,2016,112904.48,33.05,15.1,19.4,18.2,Y
10,12,2016,98918.05,35.42,15.3,23.4,28.8,N
11,12,2016,127945.68,43.83,13.4,24.6,32.6,N
12,12,2016,107618.42,23.46,10.7,17.5,28.5,Y
13,12,2016,113583.52,25.85,13.0,23.9,32.3,Y
14,12,2016,108729.45,49.79,13.3,17.3,28.8,Y
15,12,2016,128815.01,41.56,15.8,31.5,31.3,Y
16,12,2016,96942.82,51.31,15.2,19.2,13.5,N
17,12,2016,122642.21,36.17,15.4,26.7,31.7,Y
18,12,2016,109322.18,23.85,12.6,21.0,25.1,Y
19,12,2016,106451.26,34.68,15.2,30.2,17.0,N
20,12,2016,136519.02,49.79,15.6,25.9,25.5,Y
21,12,2016,123968.5,24.11,18.4,24.3,22.8,Y
22,12,2016,107196.01,33.32,11.7,21.2,25.1,Y
23,12,2016,133955.69,23.66,16.0,33.9,28.8,N
24,12,2016,121073.53,34.81,12.8,20.3,32.0,N
25,12,2016,109060.92,24.55,15.6,20.1,15.9,Y
26,12,2016,106867.5,39.12,13.4,20.0,25.4,Y
27,12,2016,112088.59,44.52,18.1,22.6,18.3,Y
28,12,2016,122875.81,41.63,15.0,21.2,11.0,Y
29,12,2016,120118.73,41.13,15.4,20.8,31.2,Y
30,12,2016,101703.65,21.21,17.2,23.4,22.0,Y
31,12,2016,97402.15,35.48,12.8,18.2,18.1,Y
1,1,2017,111632.84,76.59,18.1,29.0,25.4,N
2,1,2017,106560.94,79.04,16.5,25.7,16.5,N
3,1,2017,108330.68,38.76,14.6,20.0,23.6,N
4,1,2017,102647.3,64.59,17.4,24.3,25.5,N
5,1,2017,92277.02,65.77,18.7,21.0,23.9,N
6,1,2017,132725.32,94.7,22.3,30.4,14.4,N
7,1,2017,135005.37,80.79,17.3,30.8,31.5,N
8,1,2017,97262.87,69.84,14.8,20.7,28.4,N
9,1,2017,119722.29,104.09,18.2,26.3,28.0,N
10,1,2017,116330.34,84.01,14.1,23.8,31.5,N
11,1,2017,113062.17,65.96,10.0,22.0,15.0,N
12,1,2017,109949.95,79.76,16.1,23.6,29.5,N
13,1,2017,138931.0,112.5,20.4,23.5,22.5,Y
14,1,2017,135510.79,49.74,21.9,25.5,16.5,N
15,1,2017,116042.25,62.85,15.4,20.8,10.8,N
16,1,2017,106247.94,79.18,20.7,22.6,25.4,N
17,1,2017,142471.26,45.52,17.8,33.8,29.5,N
18,1,2017,116210.04,64.6,16.6,23.9,20.3,Y
19,1,2017,113945.5,82.88,11.6,29.4,24.9,N
20,1,2017,98918.3,34.29,14.5,18.7,25.0,N
21,1,2017,101994.06,87.1,16.3,23.8,29.5,N
22,1,2017,102880.16,69.66,14.0,24.2,30.1,Y
23,1,2017,139455.37,77.6,20.9,23.1,3.6,N
24,1,2017,98991.26,73.12,16.2,21.8,16.7,N
25,1,2017,98899.9,50.81,17.3,25.6,23.5,N
26,1,2017,110124.74,82.74,17.7,21.1,27.4,N
27,1,2017,122720.5,79.04,17.7,25.0,32.0,N
28,1,2017,112141.21,86.66,16.7,22.1,31.6,N
29,1,2017,99801.02,76.53,18.6,25.8,31.3,N
30,1,2017,103381.59,61.65,17.8,23.6,30.3,N
31,1,2017,119933.82,83.64,18.2,17.6,10.6,N
1,2,2017,137070.6,121.71,16.6,33.3,22.0,Y
2,2,2017,123775.11,81.98,17.7,23.8,20.5,Y
3,2,2017,115064.24,74.07,14.7,25.7,21.3,Y
4,2,2017,106579.48,91.32,16.9,25.3,22.3,Y
5,2,2017,109060.37,113.77,13.5,25.5,20.0,Y
6,2,2017,121681.46,69.66,13.7,27.2,25.4,Y
7,2,2017,125840.75,102.34,17.8,36.4,27.4,Y
8,2,2017,104436.57,80.13,15.8,25.4,16.7,Y
9,2,2017,113910.48,86.98,17.0,22.8,25.8,Y
10,2,2017,102279.13,57.19,12.8,22.3,26.0,Y
11,2,2017,103487.51,74.37,18.3,22.4,15.6,Y
12,2,2017,112358.83,72.07,14.9,21.2,20.8,Y
13,2,2017,113666.64,116.68,14.1,19.5,24.5,Y
14,2,2017,108949.06,78.64,19.7,20.1,25.8,Y
15,2,2017,111098.51,56.12,13.5,18.1,13.4,Y
16,2,2017,125663.18,69.92,20.3,26.3,23.8,Y
17,2,2017,128531.5,80.84,15.0,24.6,24.7,Y
18,2,2017,119907.24,75.04,18.5,22.2,16.6,Y
19,2,2017,117048.17,80.98,15.2,25.4,22.2,Y
20,2,2017,109312.58,75.77,14.9,26.3,23.2,Y
21,2,2017,112804.2,77.21,12.2,21.4,23.6,Y
22,2,2017,122664.31,,15.4,36.5,23.2,Y
23,2,2017,138681.67,113.45,13.5,34.9,26.3,Y
24,2,2017,152419.3,103.27,12.5,24.6,21.5,Y
25,2,2017,133845.65,78.27,20.5,25.4,3.6,Y
26,2,2017,99701.43,76.33,16.6,20.2,23.2,Y
27,2,2017,109316.35,57.52,12.2,23.3,28.4,Y
28,2,2017,107957.68,70.96,11.0,31.7,23.6,Y
1,3,2017,109349.14,73.95,15.3,25.0,18.0,N
2,3,2017,127302.58,96.85,18.1,32.5,20.2,Y
3,3,2017,121683.65,78.32,12.8,22.0,17.4,Y
4,3,2017,117524.33,97.61,13.6,20.9,15.9,Y
5,3,2017,108675.22,78.74,10.4,20.7,9.3,Y
6,3,2017,102684.3,77.29,15.0,25.4,20.5,Y
7,3,2017,106888.84,66.87,9.5,24.8,19.7,Y
8,3,2017,102029.64,55.45,14.2,23.5,22.4,Y
9,3,2017,122875.82,107.66,9.7,27.4,19.6,Y
10,3,2017,107544.18,101.63,13.0,18.9,13.2,Y
11,3,2017,107937.84,86.2,11.4,18.1,12.4,Y
12,3,2017,123583.69,58.52,14.7,19.8,13.9,Y
13,3,2017,102740.44,95.41,16.4,23.4,10.7,Y
14,3,2017,120152.22,78.27,11.9,26.0,19.6,Y
15,3,2017,101692.45,93.62,16.5,25.6,19.5,Y
16,3,2017,106854.43,76.97,17.3,21.7,13.9,Y
17,3,2017,100571.04,74.35,16.1,25.4,12.3,Y
18,3,2017,113964.03,77.29,16.3,20.9,19.5,Y
19,3,2017,108972.76,111.32,12.8,23.3,20.8,Y
20,3,2017,110932.16,103.25,15.8,21.2,20.6,Y
21,3,2017,99874.06,78.25,11.3,19.1,19.4,Y
22,3,2017,97523.01,79.11,14.8,21.5,20.7,Y
23,3,2017,95959.56,87.98,14.7,18.2,14.4,Y
24,3,2017,116210.59,101.94,15.6,27.9,19.6,Y
25,3,2017,108972.76,74.83,17.5,22.0,16.2,Y
26,3,2017,98817.74,64.46,9.4,19.6,12.6,Y
27,3,2017,110277.82,101.57,11.7,17.1,6.0,Y
28,3,2017,102684.06,118.56,12.8,22.3,16.5,Y
29,3,2017,104475.28,101.57,14.2,20.0,18.2,Y
30,3,2017,107664.88,138.11,13.0,26.2,19.9,Y
31,3,2017,136673.84,94.0,18.1,25.4,14.8,Y
1,4,2017,117346.26,118.69,10.1,17.9,13.3,N
2,4,2017,105948.68,90.63,16.3,20.7,13.4,Y
3,4,2017,106238.26,76.32,8.9,23.9,14.8,Y
4,4,2017,103616.64,108.92,10.2,24.7,14.8,N
5,4,2017,107544.3,74.44,12.3,20.5,11.7,Y
6,4,2017,100571.04,74.66,12.7,25.5,15.9,N
7,4,2017,133878.25,128.64,7.9,14.0,8.7,Y
8,4,2017,97723.62,117.68,10.9,22.5,12.1,N
9,4,2017,127958.27,128.64,7.3,18.7,12.6,N
10,4,2017,107226.34,76.03,9.5,15.1,14.8,Y
11,4,2017,28733.26,97.59,13.6,21.4,11.5,Y
12,4,2017,118404.01,114.82,11.6,21.0,14.8,Y
13,4,2017,114336.0,116.56,13.3,22.2,10.5,Y
14,4,2017,102038.86,80.19,7.3,17.2,14.4,Y
15,4,2017,117542.4,103.53,14.1,22.7,12.3,N
16,4,2017,109312.07,95.11,13.3,22.2,14.9,Y
17,4,2017,99368.83,113.31,12.6,26.3,10.3,N
18,4,2017,110978.34,91.11,9.3,19.3,10.0,N
19,4,2017,114832.57,100.71,10.0,18.1,7.1,Y
20,4,2017,112804.09,111.56,14.8,20.0,8.2,Y
21,4,2017,107470.92,117.27,12.7,25.5,8.9,N
22,4,2017,105912.56,77.21,13.2,29.5,13.3,N
23,4,2017,118832.07,138.46,11.7,24.7,13.5,N
24,4,2017,117370.96,100.22,11.9,16.4,12.3,N
25,4,2017,110287.08,85.94,12.9,23.6,12.6,Y
26,4,2017,112099.04,85.08,13.7,26.6,16.0,Y
27,4,2017,107231.94,117.48,10.3,17.4,9.2,N
28,4,2017,109640.0,92.92,14.3,26.9,11.9,N
29,4,2017,103490.92,98.92,11.5,20.3,16.4,N
30,4,2017,114133.54,84.04,8.7,22.6,13.5,Y
1,5,2017,118404.46,89.09,12.8,17.1,5.2,Y
2,5,2017,111293.38,121.63,5.1,17.4,9.0,Y
3,5,2017,122671.26,113.46,8.7,17.1,5.1,Y
4,5,2017,121787.8,95.97,7.2,23.7,10.7,Y
5,5,2017,136316.38,100.11,5.6,15.8,7.0,N
6,5,2017,132957.57,102.42,8.2,15.0,9.2,Y
7,5,2017,123142.89,100.11,6.9,14.4,7.8,Y
8,5,2017,123400.93,108.84,13.4,18.0,7.6,Y
9,5,2017,126431.82,84.98,9.0,17.3,10.2,Y
10,5,2017,96531.8,79.51,5.8,17.2,9.7,Y
11,5,2017,119820.71,95.57,13.1,19.4,7.3,Y
12,5,2017,129781.16,99.85,10.2,15.9,8.9,Y
13,5,2017,129327.38,100.11,11.8,18.0,6.6,Y
14,5,2017,121721.6,101.28,7.5,18.1,9.0,Y
15,5,2017,121551.62,101.94,12.7,19.6,8.0,Y
16,5,2017,110811.88,77.22,11.6,17.9,8.5,Y
17,5,2017,131958.85,110.72,12.9,16.6,5.4,Y
18,5,2017,127817.31,86.92,11.8,15.8,5.1,Y
19,5,2017,111229.18,102.53,7.9,20.0,9.2,Y
20,5,2017,134841.16,98.08,8.1,13.5,6.5,Y
21,5,2017,119927.29,,7.7,17.3,7.3,Y
22,5,2017,108628.34,126.92,15.1,18.5,7.9,Y
23,5,2017,123692.26,107.36,9.7,16.6,6.3,Y
24,5,2017,124317.44,97.17,10.2,17.8,8.0,Y
25,5,2017,101878.61,102.42,10.7,15.3,8.0,Y
26,5,2017,122794.7,108.84,11.1,17.1,8.2,Y
27,5,2017,118783.05,79.98,13.0,20.8,10.2,Y
28,5,2017,122760.9,118.2,10.2,15.2,7.0,Y
29,5,2017,126813.51,102.42,15.9,21.0,8.4,Y
30,5,2017,137753.78,129.57,9.7,18.1,9.5,Y
31,5,2017,137724.97,89.43,10.1,13.1,6.7,Y
1,6,2017,136070.54,111.67,5.3,14.3,9.2,Y
2,6,2017,114485.64,85.58,8.9,19.2,8.0,Y
3,6,2017,132874.61,98.04,8.0,15.6,7.2,Y
4,6,2017,132964.74,100.11,6.9,14.8,8.8,Y
5,6,2017,124741.06,99.48,11.6,17.3,5.1,Y
6,6,2017,125050.22,111.13,1.8,12.7,8.1,Y
7,6,2017,139814.28,113.33,9.3,17.1,3.4,Y
8,6,2017,132989.05,97.84,6.8,14.0,7.2,Y
9,6,2017,131239.02,96.18,6.7,15.3,6.7,Y
10,6,2017,143496.96,114.79,4.3,14.3,8.3,Y
11,6,2017,105912.74,110.57,9.6,14.6,8.8,Y
12,6,2017,139869.89,95.26,5.6,13.1,8.0,Y
13,6,2017,136070.61,100.71,6.9,14.3,8.1,Y
14,6,2017,138899.04,100.04,9.9,14.3,8.5,Y
15,6,2017,124189.4,87.87,9.4,15.0,6.6,Y
16,6,2017,137640.88,111.66,8.9,15.0,7.7,Y
17,6,2017,132977.48,85.9,8.4,17.1,8.9,Y
18,6,2017,136856.94,99.16,9.4,14.8,7.2,Y
19,6,2017,137914.82,99.32,10.3,15.4,5.8,Y
20,6,2017,134029.16,130.2,6.0,16.5,8.2,Y
21,6,2017,115103.73,87.8,7.6,16.6,7.9,Y
22,6,2017,122452.31,111.31,5.0,16.4,5.7,Y
23,6,2017,132813.38,139.19,6.5,14.1,6.3,Y
24,6,2017,136368.56,134.68,8.1,13.8,7.3,Y
25,6,2017,136884.57,106.2,7.6,13.8,8.5,Y
26,6,2017,136333.8,109.73,7.8,16.7,8.6,Y
27,6,2017,123692.08,77.02,9.3,15.7,6.3,Y
28,6,2017,133828.13,102.55,5.4,17.1,9.3,Y
29,6,2017,138931.58,109.77,9.4,13.5,8.2,Y
30,6,2017,132717.7,102.42,6.9,17.4,9.2,Y
1,7,2017,118891.06,86.61,8.8,12.3,8.5,N
2,7,2017,133362.96,86.0,10.1,15.2,6.5,N
3,7,2017,131448.13,109.92,7.3,14.3,8.3,Y
4,7,2017,138,120.25,4.0,12.7,11.7,N
5,7,2017,138963.56,111.67,4.9,15.1,12.3,Y
6,7,2017,136308.5,110.12,8.7,14.1,7.9,Y
7,7,2017,132968.41,95.16,5.6,13.0,11.0,Y
8,7,2017,138924.71,84.04,10.0,14.6,8.0,Y
9,7,2017,120177.86,95.31,5.4,17.8,9.4,N
10,7,2017,137522.13,108.21,6.5,11.3,8.0,Y
11,7,2017,137720.86,117.56,4.4,15.2,9.3,Y
12,7,2017,131235.88,128.47,9.0,14.4,7.7,N
13,7,2017,136121.84,122.77,5.7,15.3,8.3,Y
14,7,2017,131271.09,124.64,4.3,12.6,7.9,N
15,7,2017,134919.2,115.94,8.6,14.1,8.1,N
16,7,2017,131730.96,90.97,9.8,13.3,7.6,N
17,7,2017,138124.71,97.85,5.4,12.3,8.5,Y
18,7,2017,135269.55,102.68,4.2,15.0,7.8,Y
19,7,2017,126775.22,101.66,7.3,13.3,5.0,Y
20,7,2017,123616.32,101.4,10.3,15.6,6.3,Y
21,7,2017,106044.14,93.83,9.6,16.7,7.9,Y
22,7,2017,124048.32,84.99,7.6,14.9,8.1,N
23,7,2017,122419.85,86.92,8.9,19.0,10.2,Y
24,7,2017,116321.74,110.22,8.9,16.0,7.9,N
25,7,2017,120795.0,94.1,9.7,12.6,5.2,Y
26,7,2017,122642.23,122.55,10.7,14.0,3.3,N
27,7,2017,137080.54,81.92,7.0,14.2,7.3,Y
28,7,2017,136690.71,91.61,8.7,15.8,6.7,Y
29,7,2017,127307.88,82.88,7.3,14.8,9.2,N
30,7,2017,113910.03,67.2,5.3,16.6,7.3,Y
31,7,2017,135728.32,106.65,9.0,14.5,5.0,Y
1,8,2017,122073.58,82.76,7.0,14.9,11.3,Y
2,8,2017,140470.82,117.95,0.8,12.9,5.7,Y
3,8,2017,131956.44,102.53,5.1,13.4,11.6,Y
4,8,2017,134819.94,113.71,7.9,13.8,10.1,N
5,8,2017,132029.8,110.81,10.5,13.6,9.0,Y
6,8,2017,132819.41,118.56,10.1,13.9,7.2,Y
7,8,2017,136121.84,132.13,9.8,15.1,7.8,Y
8,8,2017,125949.0,92.82,10.2,16.2,13.2,Y
9,8,2017,118704.82,89.35,7.9,18.5,8.8,Y
10,8,2017,131138.73,78.32,9.0,15.4,7.6,Y
11,8,2017,138918.03,90.9,6.0,12.8,9.6,Y
12,8,2017,126662.85,56.44,10.2,17.3,7.4,N
13,8,2017,139815.73,97.89,4.2,12.7,14.9,Y
14,8,2017,137871.25,87.39,7.7,15.8,11.0,Y
15,8,2017,137795.0,136.42,8.9,13.8,9.6,Y
16,8,2017,135620.39,91.9,9.6,15.2,7.2,Y
17,8,2017,137838.28,100.71,9.7,14.7,7.1,Y
18,8,2017,139422.69,52.73,9.1,13.9,5.3,Y
19,8,2017,140922.02,102.42,9.5,14.0,7.3,Y
20,8,2017,133835.89,101.0,7.2,14.1,10.8,Y
21,8,2017,123307.15,91.7,7.3,15.1,7.0,Y
22,8,2017,124488.77,111.73,6.5,22.2,10.2,Y
23,8,2017,141413.08,119.2,4.2,14.9,12.8,Y
24,8,2017,135619.94,102.28,8.2,17.2,13.0,Y
25,8,2017,137327.42,85.9,4.8,12.6,11.0,Y
26,8,2017,140400.26,118.69,5.8,12.8,9.2,Y
27,8,2017,1297.85,96.94,8.9,19.9,11.6,N
28,8,2017,136856.02,104.86,6.5,15.6,8.2,Y
29,8,2017,139417.22,84.61,7.9,13.9,13.8,Y
30,8,2017,137616.14,101.43,8.0,17.6,10.1,Y
31,8,2017,133951.13,115.13,5.8,13.6,13.5,Y
1,9,2017,119964.86,130.32,8.4,13.3,11.2,Y
2,9,2017,120764.06,103.27,14.3,20.9,10.8,Y
3,9,2017,121147.47,115.43,10.5,11.6,6.9,N
4,9,2017,121175.79,47.35,9.4,18.8,13.5,N
5,9,2017,132084.0,117.32,8.2,14.7,11.7,N
6,9,2017,119313.76,67.94,11.2,15.8,7.8,N
7,9,2017,135767.1,106.65,6.0,13.1,13.6,Y
8,9,2017,107638.48,79.06,10.6,21.1,17.6,Y
9,9,2017,127805.52,102.42,6.8,14.2,13.5,Y
10,9,2017,107865.29,77.21,8.5,17.0,19.6,Y
11,9,2017,124469.33,82.54,11.6,16.7,16.2,N
12,9,2017,122633.77,93.03,8.8,18.6,18.4,Y
13,9,2017,107405.92,104.85,7.6,16.8,13.7,Y
14,9,2017,127198.78,101.94,10.5,17.4,13.0,Y
15,9,2017,111213.24,67.04,13.0,18.7,11.9,N
16,9,2017,111555.0,62.96,11.4,15.5,15.0,Y
17,9,2017,119360.07,106.55,11.1,20.3,10.5,Y
18,9,2017,124317.32,101.82,5.5,13.4,17.4,Y
19,9,2017,137080.22,106.45,10.3,14.8,8.3,Y
20,9,2017,117048.62,79.41,9.4,14.3,13.0,Y
21,9,2017,109316.39,93.34,8.3,18.1,17.7,Y
22,9,2017,119977.63,72.63,9.2,19.0,13.4,Y
23,9,2017,127933.84,94.77,15.6,18.1,3.7,Y
24,9,2017,108744.39,111.38,8.0,18.1,16.4,Y
25,9,2017,109957.01,87.93,9.9,21.7,16.1,N
26,9,2017,125707.82,137.98,3.7,17.2,17.2,Y
27,9,2017,123381.42,92.6,13.0,16.0,17.0,Y
28,9,2017,119803.98,86.64,8.1,20.0,12.6,Y
29,9,2017,119734.64,102.42,16.7,20.3,3.5,Y
30,9,2017,123777.86,89.39,16.8,20.6,10.5,Y
1,10,2017,99845.42,85.58,10.7,22.1,20.1,Y
2,10,2017,116556.42,75.17,13.6,23.7,20.4,Y
3,10,2017,111032.85,99.49,13.8,30.8,18.0,Y
4,10,2017,123277.86,70.2,10.1,17.8,21.3,Y
5,10,2017,123964.68,53.06,9.7,20.4,20.8,N
6,10,2017,121613.67,101.41,13.6,24.6,21.8,Y
7,10,2017,959day,79.18,10.1,17.1,11.0,Y
8,10,2017,112140.67,78.51,10.5,15.1,10.9,Y
9,10,2017,102832.29,58.52,7.9,15.7,20.3,Y
10,10,2017,114133.54,115.13,13.6,23.8,11.9,Y
11,10,2017,117053.72,101.4,9.0,15.5,20.4,Y
12,10,2017,113945.5,82.54,10.5,16.5,15.2,Y
13,10,2017,97729.64,108.29,9.9,19.6,23.8,Y
14,10,2017,112906.26,102.35,15.3,20.7,8.6,N
15,10,2017,111254.33,111.0,11.9,29.5,32.9,Y
16,10,2017,124096.25,130.67,13.0,26.2,16.9,Y
17,10,2017,124317.46,82.47,10.5,16.2,16.1,Y
18,10,2017,122346.62,70.04,13.6,25.4,20.1,Y
19,10,2017,115879.07,112.82,12.5,23.4,21.1,Y
20,10,2017,112663.25,74.44,12.2,24.2,18.1,Y
21,10,2017,114455.08,87.38,11.9,18.5,17.7,Y
22,10,2017,99585.83,91.55,12.8,16.6,10.0,Y
23,10,2017,108613.34,48.34,12.1,24.0,25.4,N
24,10,2017,115384.41,106.94,8.7,15.9,25.4,Y
25,10,2017,95959.56,50.27,12.9,23.8,22.2,N
26,10,2017,115046.14,77.61,10.2,25.7,17.1,Y
27,10,2017,115064.49,75.78,9.6,19.6,25.9,Y
28,10,2017,111423.94,90.9,17.1,31.3,19.7,Y
29,10,2017,110034.12,77.62,8.4,15.5,18.0,Y
30,10,2017,106779.07,72.82,8.3,18.0,21.3,Y
31,10,2017,109316.38,76.16,13.0,18.5,19.8,Y
1,11,2017,119662.34,93.12,11.7,15.0,23.6,Y
2,11,2017,109049.92,87.03,11.0,18.5,24.0,Y
3,11,2017,103539.94,97.91,9.6,18.9,22.0,Y
4,11,2017,118074.64,79.97,9.1,14.6,18.6,Y
5,11,2017,103539.02,112.21,14.0,18.4,10.4,Y
6,11,2017,115907.5,99.48,14.4,27.6,28.0,Y
7,11,2017,113669.54,82.98,16.7,21.1,16.2,Y
8,11,2017,116291.98,106.94,12.3,17.3,22.0,Y
9,11,2017,111590.06,93.66,11.4,17.5,8.5,Y
10,11,2017,102161.53,90.97,9.1,17.5,18.8,Y
11,11,2017,94972.25,105.7,11.4,18.1,14.9,Y
12,11,2017,94744.1,78.73,11.8,18.8,21.1,Y
13,11,2017,99890.61,104.82,11.6,16.2,16.8,Y
14,11,2017,115200.19,73.46,12.4,17.3,25.0,Y
15,11,2017,135004.51,101.4,14.5,34.0,22.7,Y
16,11,2017,101352.24,96.84,14.6,17.2,17.2,Y
17,11,2017,113420.53,99.01,13.9,20.4,25.93,Y
18,11,2017,121228.56,92.62,13.0,27.9,22.7,Y
19,11,2017,116890.04,98.5,15.4,30.8,23.3,Y
20,11,2017,99613.25,81.96,13.4,19.2,28.5,Y
21,11,2017,98621.56,76.81,13.8,28.3,29.3,Y
22,11,2017,117863.15,87.88,11.9,25.5,30.0,Y
23,11,2017,109060.61,101.45,12.7,18.1,13.8,Y
24,11,2017,111617.91,94.88,17.3,24.6,4.2,Y
25,11,2017,100246.04,62.87,10.9,17.1,21.2,Y
27,11,2017,120152.75,94.2,11.1,28.3,20.3,Y
28,11,2017,98628.34,112.4,10.3,16.2,17.2,Y
29,11,2017,119718.48,41.92,8.6,24.1,31.5,Y
30,11,2017,112141.83,77.97,6.2,18.5,24.6,Y
1,12,2017,14042.13,87.27,15.4,35.7,28.8,Y
2,12,2017,95959.56,27.0,14.1,26.6,25.0,N
3,12,2017,95736.05,74.59,13.5,26.1,29.5,N
4,12,2017,115879.59,79.78,11.9,27.7,31.8,N
5,12,2017,119535.2,85.08,13.7,20.2,19.6,Y
6,12,2017,117625.36,108.29,12.5,21.1,31.5,Y
7,12,2017,112907.4,100.01,15.4,21.7,29.4,N
8,12,2017,105513.18,57.23,17.3,26.6,29.5,Y
9,12,2017,106116.42,87.18,13.0,15.9,4.8,N
10,12,2017,114670.34,96.41,15.4,24.5,32.3,Y
11,12,2017,117728.87,82.96,13.7,27.4,29.9,Y
12,12,2017,113261.26,55.41,16.4,30.2,30.5,N
13,12,2017,108260.18,104.82,13.8,23.4,31.3,Y
14,12,2017,102684.06,42.12,13.0,19.2,30.4,Y
15,12,2017,109322.86,37.32,16.4,21.4,17.8,Y
16,12,2017,97959.79,75.07,13.7,22.6,31.0,Y
17,12,2017,107583.13,102.42,13.0,23.4,24.4,Y
18,12,2017,124475.28,32.49,12.2,16.2,11.7,Y
19,12,2017,107731.72,82.79,14.0,20.1,27.7,Y
20,12,2017,119598.29,96.84,18.3,38.8,27.9,N
21,12,2017,97245.25,61.12,15.4,22.5,31.6,Y
22,12,2017,96853.8,97.86,13.5,20.8,29.4,Y
23,12,2017,114389.79,82.77,16.0,30.8,32.2,N
24,12,2017,116690.84,98.92,16.1,24.5,30.3,Y
25,12,2017,97738.86,78.32,11.4,19.6,29.8,Y
26,12,2017,111055.14,78.29,11.9,26.0,32.3,N
27,12,2017,105947.08,104.94,13.0,19.7,28.4,Y
28,12,2017,118417.6,79.37,18.5,21.3,30.9,Y
29,12,2017,98828.03,56.03,14.7,25.4,31.4,N
30,12,2017,114436.21,43.76,13.9,23.9,27.7,N
31,12,2017,118783.94,65.74,19.9,30.0,16.4,Y
1,1,2018,102245.93,84.03,16.6,21.6,25.1,N
2,1,2018,119722.15,66.76,18.3,21.6,27.6,N
3,1,2018,111211.25,121.71,14.2,26.0,21.9,N
4,1,2018,124770.72,103.92,16.7,30.5,22.0,N
5,1,2018,118891.84,84.9,18.3,21.8,30.0,N
6,1,2018,104818.66,76.72,16.5,24.6,31.6,N
7,1,2018,125072.98,77.35,16.4,21.3,31.6,N
8,1,2018,103046.34,85.18,13.9,21.2,26.4,N
9,1,2018,109327.7,78.29,18.7,24.9,31.2,N
10,1,2018,100725.04,78.29,12.7,20.6,24.4,N
11,1,2018,99801.27,84.08,18.4,22.7,23.0,N
12,1,2018,98857.07,69.66,16.2,21.7,28.6,N
13,1,2018,134971.33,97.95,19.6,30.8,17.3,N
14,1,2018,114955.22,98.83,11.7,25.3,29.3,N
15,1,2018,114928.34,104.47,21.4,26.0,27.4,N
16,1,2018,103693.74,47.47,15.0,25.4,31.5,N
17,1,2018,117922.85,69.2,16.5,29.4,24.9,N
18,1,2018,101386.13,58.03,14.3,23.6,32.1,N
19,1,2018,98959.47,86.09,14.5,22.4,29.4,N
20,1,2018,103388.45,92.5,16.5,26.1,31.7,N
21,1,2018,95959.56,69.25,14.5,29.4,29.2,N
22,1,2018,116606.79,96.84,12.3,22.8,31.3,N
23,1,2018,98918.06,77.21,16.7,23.9,27.3,N
24,1,2018,151270.59,62.87,19.1,35.7,30.3,N
25,1,2018,118783.24,101.13,15.0,31.2,29.7,N
26,1,2018,111028.88,102.94,16.5,23.5,30.7,N
27,1,2018,98621.31,45.29,15.6,21.7,28.4,N
28,1,2018,107579.44,69.66,15.5,20.2,6.6,N
29,1,2018,101548.74,86.73,15.2,31.7,30.3,N
30,1,2018,11676.73,99.76,11.2,26.1,30.9,N
31,1,2018,101974.52,69.25,12.6,29.2,27.8,N
1,2,2018,111064.47,73.93,13.0,29.3,20.8,Y
2,2,2018,118893.32,110.72,18.3,20.2,27.5,Y
3,2,2018,136690.76,113.49,20.5,27.8,22.8,Y
4,2,2018,120427.46,77.34,16.4,24.3,22.2,Y
5,2,2018,141444.66,99.0,15.8,34.7,28.7,Y
6,2,2018,132856.13,105.63,19.8,29.3,27.5,Y
7,2,2018,117505.34,90.8,15.1,26.0,24.3,Y
8,2,2018,141444.66,278.78,16.1,40.2,27.0,Y
9,2,2018,103396.19,111.67,18.1,29.3,22.3,Y
10,2,2018,109944.64,62.49,11.7,20.8,18.4,Y
11,2,2018,116311.22,80.21,15.8,24.9,24.0,Y
12,2,2018,116179.78,76.33,14.5,18.6,3.5,Y
13,2,2018,105956.59,70.88,14.2,21.2,20.9,Y
14,2,2018,110517.62,75.96,11.2,28.9,22.3,Y
15,2,2018,105946.57,76.78,19.8,27.0,10.7,Y
16,2,2018,98923.67,67.04,15.9,21.2,17.3,Y
17,2,2018,112974.6,116.39,12.6,20.0,28.8,Y
18,2,2018,119126.73,80.11,18.5,22.0,23.9,Y
19,2,2018,125072.27,79.61,17.4,23.8,25.7,Y
20,2,2018,121595.62,80.79,16.4,27.4,27.5,Y
21,2,2018,112335.7,90.6,16.7,18.4,7.9,Y
22,2,2018,108546.07,78.26,15.8,25.9,21.8,Y
23,2,2018,113551.71,85.9,15.5,28.5,23.3,Y
24,2,2018,101413.8,78.64,12.8,30.8,28.4,Y
25,2,2018,116291.78,85.63,17.8,31.9,24.0,Y
26,2,2018,97957.56,56.86,14.8,18.0,20.9,Y
27,2,2018,119950.37,85.55,17.3,26.4,8.7,Y
28,2,2018,104468.42,69.98,15.1,25.8,24.1,Y
1,3,2018,99624.22,81.72,14.4,29.5,22.5,N
2,3,2018,105946.42,93.62,13.5,18.8,18.2,Y
3,3,2018,113882.86,92.38,14.5,20.0,9.5,Y
4,3,2018,109349.45,56.4,12.3,25.7,19.5,Y
5,3,2018,99110.78,73.72,16.7,28.5,19.8,Y
6,3,2018,108524.18,96.08,13.1,20.4,15.7,Y
7,3,2018,115606.42,95.97,15.9,25.1,19.6,Y
8,3,2018,116,76.41,15.4,23.0,18.7,Y
9,3,2018,114194.96,93.34,13.6,20.6,19.8,Y
10,3,2018,109649.37,70.75,14.1,25.7,18.9,Y
11,3,2018,108723.72,121.03,15.3,30.1,19.3,Y
12,3,2018,117115.62,75.77,14.3,22.4,17.3,Y
13,3,2018,99680.4,86.33,13.3,19.6,22.5,Y
14,3,2018,109640.0,58.52,7.8,21.4,20.1,Y
15,3,2018,113582.82,104.91,15.9,23.9,21.4,Y
16,3,2018,109049.08,91.69,15.8,22.7,18.1,Y
17,3,2018,103999.34,76.33,10.8,22.8,18.9,Y
18,3,2018,108725.99,101.4,10.7,19.2,14.8,Y
19,3,2018,110384.28,91.55,8.7,21.0,16.8,Y
20,3,2018,107849.44,92.82,15.8,22.2,22.0,Y
21,3,2018,114916.31,104.91,13.2,25.4,15.9,Y
22,3,2018,112906.63,98.04,11.9,21.2,16.8,Y
23,3,2018,116690.17,71.2,16.4,20.8,13.8,Y
24,3,2018,108949.22,87.03,9.8,17.3,13.6,Y
25,3,2018,119927.27,72.72,11.2,20.7,16.1,Y
26,3,2018,105946.34,80.01,12.6,21.2,22.3,Y
27,3,2018,102084.0,62.54,16.4,21.8,21.1,N
28,3,2018,114085.46,69.45,13.6,20.7,14.2,Y
29,3,2018,112906.94,78.56,12.2,21.8,19.8,Y
30,3,2018,101334.3,91.72,15.8,22.8,12.2,Y
31,3,2018,128658.27,90.97,18.6,27.1,13.7,Y
1,4,2018,100495.61,116.38,14.1,19.5,8.0,N
2,4,2018,125394.39,86.29,7.9,19.3,18.8,Y
3,4,2018,115854.16,87.61,13.8,18.0,6.6,Y
4,4,2018,104949.34,77.12,13.0,20.1,15.9,N
5,4,2018,109965.64,91.81,12.9,21.8,12.0,Y
6,4,2018,114159.96,100.7,14.7,22.8,12.2,Y
7,4,2018,111548.74,101.29,7.8,17.5,6.0,Y
8,4,2018,109316.07,95.73,8.9,19.0,13.2,N
9,4,2018,107142.76,73.97,13.0,20.1,13.5,N
10,4,2018,100571.04,91.39,11.0,18.7,10.7,N
11,4,2018,112033.87,104.31,13.2,28.0,14.5,N
12,4,2018,108621.88,80.11,11.7,19.1,14.4,N
13,4,2018,102075.0,101.45,13.0,19.6,12.7,N
14,4,2018,126264.77,91.43,15.3,23.6,14.7,Y
15,4,2018,107937.05,86.66,13.0,19.8,12.9,N
16,4,2018,119715.2,93.12,11.9,17.6,11.7,Y
17,4,2018,123736.57,115.43,9.6,18.7,6.2,Y
18,4,2018,109147.74,98.08,11.0,18.5,8.8,N
19,4,2018,117040.68,101.57,10.7,15.3,10.1,Y
20,4,2018,109642.75,111.31,12.8,18.1,13.6,Y
21,4,2018,114159.9,82.76,14.8,22.4,16.8,N
22,4,2018,113666.86,82.54,14.5,19.3,8.3,Y
23,4,2018,98959.18,61.49,7.8,17.2,13.0,Y
24,4,2018,111289.41,103.18,10.9,20.0,14.0,N
25,4,2018,95959.56,81.96,12.7,17.2,7.3,N
26,4,2018,101853.24,67.97,13.7,17.7,6.5,Y
27,4,2018,116999.07,93.73,12.9,18.6,12.7,N
28,4,2018,116813.14,77.6,13.1,27.6,14.1,Y
29,4,2018,115854.39,80.98,14.2,20.0,10.9,N
30,4,2018,112573.22,108.29,13.2,19.5,12.7,Y
1,5,2018,117794.72,97.6,11.1,18.4,7.9,Y
2,5,2018,124487.45,83.96,7.2,14.3,6.8,Y
3,5,2018,130994.55,72.49,11.6,15.5,7.0,Y
4,5,2018,120795.0,73.08,9.4,16.0,10.9,Y
5,5,2018,127924.48,101.91,12.6,19.7,7.9,Y
6,5,2018,106044.64,86.2,11.2,17.7,9.2,Y
7,5,2018,111237.16,61.45,10.0,15.7,6.9,Y
8,5,2018,127608.48,99.48,10.7,18.2,3.8,Y
9,5,2018,100571.04,81.09,12.3,17.3,8.3,Y
10,5,2018,132725.53,86.44,7.5,15.6,7.0,Y
11,5,2018,117281.13,82.54,8.9,16.2,7.8,Y
12,5,2018,138621.29,101.66,5.7,13.9,8.1,Y
13,5,2018,122346.,86.79,6.8,17.1,7.9,Y
14,5,2018,125858.75,100.1,7.8,17.0,6.0,Y
15,5,2018,114081.46,99.42,7.5,14.2,8.3,Y
16,5,2018,123420.3,110.81,13.1,17.0,8.9,Y
17,5,2018,123790.86,104.29,10.4,14.2,6.0,Y
18,5,2018,127755.09,81.98,10.4,17.0,7.1,Y
19,5,2018,130907.09,83.76,11.1,17.0,8.3,Y
20,5,2018,113393.72,86.47,7.7,18.4,11.3,Y
21,5,2018,117551.13,106.28,15.4,17.3,7.8,Y
22,5,2018,105946.34,72.96,6.7,19.0,10.8,Y
23,5,2018,123692.08,89.33,8.1,13.6,3.6,Y
24,5,2018,125050.55,73.19,12.7,13.3,7.2,Y
25,5,2018,131372.88,107.85,5.8,15.5,9.4,Y
26,5,2018,136856.8,97.88,8.1,15.3,7.8,Y
27,5,2018,117731.72,83.49,13.7,20.1,3.9,Y
28,5,2018,141195.88,100.01,6.3,15.8,6.0,Y
29,5,2018,104486.72,101.82,14.4,17.8,10.7,Y
30,5,2018,107491.51,96.41,6.6,18.4,6.2,Y
31,5,2018,121714.72,99.75,5.0,17.8,9.4,Y
1,6,2018,109049.22,98.92,12.6,19.7,6.2,Y
2,6,2018,132829.78,92.82,5.5,15.6,7.3,Y
3,6,2018,119988.48,67.62,6.9,14.0,7.9,Y
4,6,2018,125850.58,78.76,6.6,14.2,9.6,Y
5,6,2018,136862.95,92.93,6.5,14.9,5.8,Y
6,6,2018,137838.94,95.08,8.3,14.5,8.7,Y
7,6,2018,138419.72,78.32,8.8,15.1,5.7,Y
8,6,2018,135410.36,89.91,7.3,14.0,9.2,Y
9,6,2018,128425.72,82.88,9.4,15.7,2.2,Y
10,6,2018,119491.32,85.69,12.8,16.1,7.8,Y
11,6,2018,124012.67,67.76,10.4,15.3,6.6,Y
12,6,2018,135306.57,104.29,8.7,13.6,5.7,Y
13,6,2018,1356.6,101.79,7.5,15.0,8.0,N
14,6,2018,122777.02,104.31,10.3,14.1,6.9,Y
15,6,2018,126923.0,68.6,10.5,15.1,6.9,Y
16,6,2018,115974.46,78.4,6.0,15.3,9.7,Y
17,6,2018,133851.13,78.32,6.6,11.5,6.9,Y
18,6,2018,127512.92,108.92,10.3,12.5,8.3,Y
19,6,2018,136690.92,110.31,7.8,17.1,5.9,Y
20,6,2018,141309.84,99.57,6.4,13.3,7.3,Y
21,6,2018,139275.78,102.42,4.3,12.7,9.2,Y
22,6,2018,135306.78,100.71,4.8,15.4,8.5,Y
23,6,2018,129358.33,77.28,4.5,17.8,9.1,Y
24,6,2018,136043.03,62.87,5.2,17.4,7.2,Y
25,6,2018,131730.91,81.78,5.7,13.8,8.1,Y
26,6,2018,126691.53,112.08,9.4,14.5,6.9,Y
27,6,2018,126750.48,93.53,5.9,14.6,9.3,Y
28,6,2018,118821.19,96.84,9.6,17.2,7.2,Y
29,6,2018,120137.16,83.27,6.6,14.9,8.6,Y
30,6,2018,125830.59,108.92,8.7,13.5,8.1,Y
1,7,2018,136872.56,91.0,5.8,14.5,9.5,N
2,7,2018,127850.95,110.15,9.6,14.8,8.1,N
3,7,2018,133764.66,64.59,8.8,15.2,7.0,N
4,7,2018,142625.21,110.81,3.0,15.1,9.0,Y
5,7,2018,124097.85,70.72,7.7,17.0,9.0,N
6,7,2018,136301.56,107.36,6.0,15.6,10.9,Y
7,7,2018,131956.5,85.18,7.8,15.8,9.8,N
8,7,2018,134983.3,101.41,9.2,13.7,3.3,Y
9,7,2018,120716.15,71.2,9.3,14.4,6.2,N
10,7,2018,120785.64,72.69,10.9,15.2,4.3,Y
11,7,2018,121528.32,73.14,6.6,14.0,7.3,N
12,7,2018,137618.77,79.52,8.2,13.0,9.0,Y
13,7,2018,135641.36,99.85,3.7,13.1,6.0,Y
14,7,2018,142717.36,102.36,4.8,12.0,9.2,Y
15,7,2018,136269.12,82.47,6.2,12.8,9.2,N
16,7,2018,141613.3,99.85,8.6,13.0,7.2,Y
17,7,2018,136330.39,119.57,7.4,15.7,8.5,Y
18,7,2018,133422.83,64.37,8.5,13.5,4.8,Y
19,7,2018,128153.4,110.43,8.9,15.3,7.8,Y
20,7,2018,140916.16,100.3,5.1,14.0,8.8,Y
21,7,2018,111270.88,86.02,9.4,14.9,7.5,Y
22,7,2018,131770.88,97.03,8.1,13.9,4.9,Y
23,7,2018,116690.25,102.42,6.9,15.2,8.0,N
24,7,2018,140264.55,90.9,6.5,14.1,7.9,Y
25,7,2018,138417.72,114.0,5.5,15.1,7.8,Y
26,7,2018,120795.02,90.52,10.4,15.8,9.3,Y
27,7,2018,129285.24,75.56,3.1,15.8,10.0,N
28,7,2018,130119.5,101.4,7.4,14.3,9.3,N
29,7,2018,133998.19,71.0,10.1,14.1,8.0,Y
30,7,2018,139401.41,106.28,4.4,15.1,9.5,Y
31,7,2018,129124.06,82.19,6.7,14.9,8.2,Y
1,8,2018,131837.16,67.33,10.6,15.7,11.7,Y
2,8,2018,117349.22,83.05,5.4,15.2,11.7,Y
3,8,2018,120785.46,105.28,6.5,12.7,7.2,Y
4,8,2018,138924.05,94.7,6.6,15.8,10.7,Y
5,8,2018,136870.24,92.92,8.6,13.6,7.0,Y
6,8,2018,136054.27,37.03,7.0,15.1,13.0,Y
7,8,2018,121732.84,90.97,7.3,15.0,9.6,Y
8,8,2018,114817.64,79.38,7.8,16.9,11.1,Y
9,8,2018,127275.15,85.44,7.0,13.6,16.6,Y
10,8,2018,123985.5,66.86,11.6,15.9,7.5,Y
11,8,2018,133969.94,105.28,7.3,14.4,11.4,Y
12,8,2018,132856.45,79.78,7.2,15.8,11.7,Y
13,8,2018,128535.98,84.61,9.6,18.4,11.3,Y
14,8,2018,133982.54,92.95,8.2,14.6,11.1,Y
15,8,2018,138980.0,73.93,9.7,14.3,7.2,Y
16,8,2018,122560.33,67.27,9.3,12.3,7.0,Y
17,8,2018,131796.69,77.12,7.0,13.9,7.4,Y
18,8,2018,111254.04,74.44,5.3,17.7,9.6,Y
19,8,2018,128518.77,90.8,11.3,18.4,9.5,Y
20,8,2018,113978.78,76.33,10.0,19.0,13.9,Y
21,8,2018,131367.26,73.14,9.2,14.4,10.0,Y
22,8,2018,131725.74,101.29,6.9,14.3,12.0,Y
23,8,2018,120671.77,79.06,5.8,15.4,10.2,Y
24,8,2018,117053.47,77.46,11.6,19.9,9.7,Y
25,8,2018,117707.86,61.69,9.6,12.0,7.3,Y
26,8,2018,133422.13,141.56,8.3,16.5,7.0,Y
27,8,2018,133880.41,52.32,9.2,15.3,7.3,Y
28,8,2018,137559.76,90.24,8.6,12.8,14.9,Y
29,8,2018,134971.51,102.36,9.5,15.8,11.6,Y
30,8,2018,107511.25,67.94,3.9,14.3,9.3,N
31,8,2018,132975.79,93.62,8.5,13.6,12.3,Y
1,9,2018,114832.08,79.41,10.3,18.0,11.9,Y
2,9,2018,103616.14,58.49,11.1,18.4,10.8,Y
3,9,2018,117948.43,67.74,10.4,18.3,9.2,N
4,9,2018,119938.48,84.18,6.4,13.9,21.6,Y
5,9,2018,124073.53,85.45,7.7,14.7,16.1,Y
6,9,2018,116112.04,92.62,11.0,17.7,7.3,Y
7,9,2018,128207.12,89.16,10.8,15.6,11.7,Y
8,9,2018,119362.04,76.53,9.3,18.7,12.4,Y
9,9,2018,113939.3,92.96,14.8,19.7,11.9,Y
10,9,2018,123740.36,89.82,9.4,14.5,7.0,Y
11,9,2018,116763.86,56.12,9.1,16.0,9.0,Y
12,9,2018,118832.07,41.26,9.4,17.2,17.4,Y
13,9,2018,131466.24,86.66,7.7,15.9,13.0,Y
14,9,2018,113616.08,93.42,10.0,14.4,8.5,Y
15,9,2018,104929.18,81.19,15.2,21.4,7.6,Y
16,9,2018,112335.22,76.33,16.0,21.8,11.8,N
17,9,2018,102830.43,72.11,9.6,16.0,12.9,Y
18,9,2018,129223.24,110.81,5.5,13.9,16.1,Y
19,9,2018,119384.62,92.0,7.8,14.7,14.4,Y
20,9,2018,116611.64,52.44,10.2,18.8,15.2,N
21,9,2018,122642.31,93.53,11.6,18.8,13.8,Y
22,9,2018,107142.82,61.17,8.4,17.7,19.3,N
23,9,2018,121445.02,92.96,8.1,19.1,14.5,Y
24,9,2018,102279.14,89.26,7.0,19.5,15.8,Y
25,9,2018,102972.82,49.48,8.4,18.5,15.8,N
26,9,2018,108738.48,86.44,10.4,16.2,10.0,Y
27,9,2018,107849.44,76.67,9.0,14.4,15.9,N
28,9,2018,118899.84,83.49,11.5,16.6,8.6,Y
29,9,2018,135308.39,83.55,4.5,18.9,17.7,Y
30,9,2018,138917.0,72.07,8.5,12.5,13.8,N
1,10,2018,111145.12,95.57,15.6,24.1,25.6,Y
2,10,2018,123416.02,92.49,9.9,18.6,11.3,Y
3,10,2018,114159.96,72.72,16.5,21.2,10.8,Y
4,10,2018,107278.83,84.9,13.9,21.8,17.0,Y
5,10,2018,112946.37,89.77,9.0,18.6,13.2,Y
6,10,2018,113556.62,97.82,11.4,16.1,12.1,Y
7,10,2018,111267.5,86.47,10.1,17.5,23.6,Y
8,10,2018,108629.71,105.93,7.0,16.8,19.7,Y
9,10,2018,114740.0,112.5,9.1,16.9,19.5,Y
10,10,2018,101239.74,93.12,15.8,20.4,22.3,Y
11,10,2018,110547.81,94.16,16.3,20.0,12.3,Y
12,10,2018,112906.94,80.68,13.0,23.6,26.1,Y
13,10,2018,102043.57,86.04,12.5,16.9,24.0,Y
14,10,2018,116793.22,93.17,8.1,16.6,17.7,Y
15,10,2018,1158999.01,97.61,6.9,19.6,22.8,Y
16,10,2018,104018.14,84.18,9.6,20.1,22.1,Y
17,10,2018,108723.33,92.87,13.0,25.4,18.7,Y
18,10,2018,115123.99,100.01,10.8,25.5,17.9,Y
19,10,2018,110126.21,58.36,9.4,15.0,18.5,Y
20,10,2018,120410.36,82.84,9.3,18.1,23.8,Y
21,10,2018,98629.64,66.87,11.5,16.7,24.8,Y
22,10,2018,116287.47,77.0,14.0,27.3,27.1,Y
23,10,2018,122368.48,98.54,8.8,13.4,15.3,Y
24,10,2018,97728.62,112.94,15.8,24.2,19.4,Y
25,10,2018,100380.94,81.72,10.8,16.3,18.1,N
26,10,2018,113562.01,65.77,9.9,17.4,21.8,N
27,10,2018,122871.79,87.18,10.2,27.3,16.6,Y
28,10,2018,108531.48,106.29,13.7,23.2,22.8,Y
29,10,2018,125850.22,71.6,9.9,15.9,9.8,Y
30,10,2018,106465.95,48.13,7.2,20.5,17.6,Y
31,10,2018,122106.44,104.63,10.6,14.1,5.1,Y
1,11,2018,107948.68,90.9,11.5,21.7,30.2,Y
2,11,2018,109942.85,66.86,11.7,17.7,10.5,Y
3,11,2018,99699.52,72.61,10.0,20.0,23.8,Y
4,11,2018,116624.03,84.61,10.7,17.9,24.4,Y
5,11,2018,116766.07,72.96,9.0,17.1,13.7,Y
6,11,2018,112414.34,105.1,12.5,16.6,28.8,Y
7,11,2018,113954.13,93.12,13.5,17.0,14.6,Y
8,11,2018,98977.9,72.82,13.5,20.5,27.9,Y
9,11,2018,121605.4,96.29,11.4,21.7,29.3,Y
10,11,2018,101233.34,91.0,12.1,27.0,17.7,Y
11,11,2018,102161.4,92.61,10.5,20.5,27.5,Y
12,11,2018,103629.64,92.62,13.3,17.8,26.7,Y
13,11,2018,109168.42,48.54,11.9,17.5,8.2,Y
14,11,2018,131353.0,121.03,19.0,26.3,27.4,Y
15,11,2018,112392.97,87.91,14.4,21.8,28.4,Y
16,11,2018,122279.04,87.71,15.2,27.4,29.4,Y
17,11,2018,104966.64,85.9,12.4,18.1,26.1,Y
18,11,2018,112946.33,104.87,11.9,18.0,21.2,Y
19,11,2018,118330.53,86.89,8.2,34.5,27.8,Y
20,11,2018,107765.24,56.44,13.5,17.1,24.0,Y
21,11,2018,109948.82,79.64,15.4,19.9,16.9,Y
22,11,2018,104479.36,91.62,12.2,20.7,18.9,Y
23,11,2018,115839.04,90.4,13.0,20.9,17.8,Y
24,11,2018,104846.82,65.71,13.3,27.0,11.8,Y
25,11,2018,107899.94,92.04,13.5,29.3,25.0,Y
26,11,2018,95959.76,79.4,13.5,20.5,14.2,Y
27,11,2018,96810.02,70.62,8.3,17.7,10.7,Y
28,11,2018,111211.22,98.92,8.9,23.9,26.1,Y
29,11,2018,107513.27,111.67,11.7,17.6,13.0,Y
30,11,2018,114240.76,74.96,10.6,18.0,6.7,Y
1,12,2018,101793.01,77.0,14.8,21.2,30.3,Y
2,12,2018,98977.06,48.5,13.3,17.2,18.3,Y
3,12,2018,95949.4,44.48,14.3,23.0,31.6,N
4,12,2018,101618.96,65.32,12.8,20.5,19.9,N
5,12,2018,111270.18,69.45,17.7,24.8,31.8,N
6,12,2018,108628.34,84.56,10.9,17.8,24.9,Y
7,12,2018,104643.12,56.12,16.1,22.2,29.3,Y
8,12,2018,140511.49,117.52,24.1,40.8,30.3,Y
9,12,2018,111423.76,103.23,15.3,20.6,13.0,Y
10,12,2018,114469.38,99.85,14.5,18.4,7.8,Y
11,12,2018,101810.75,61.54,9.4,20.7,20.7,Y
12,12,2018,112704.04,87.12,15.1,31.3,30.4,Y
13,12,2018,117048.17,71.12,13.6,27.9,29.0,Y
14,12,2018,123659.28,73.47,12.7,34.5,28.1,Y
15,12,2018,111232.54,99.0,13.4,17.2,26.0,Y
16,12,2018,1093_day,91.32,11.9,28.0,26.3,Y
17,12,2018,106432.34,42.34,15.9,21.9,27.3,N
18,12,2018,100737.63,37.34,14.2,20.2,27.4,Y
19,12,2018,138631.37,111.73,18.5,34.4,29.3,Y
20,12,2018,101239.24,82.79,13.4,26.8,32.4,Y
21,12,2018,112097.46,92.1,11.5,16.7,19.7,Y
22,12,2018,101760.09,74.47,9.2,15.8,17.2,Y
23,12,2018,141195.62,100.61,18.0,38.0,37.4,N
24,12,2018,104700.34,81.72,15.3,30.2,31.6,N
25,12,2018,106353.66,60.19,12.3,20.9,13.2,Y
26,12,2018,109699.32,65.93,17.4,29.9,30.3,N
27,12,2018,93673.78,56.1,13.4,20.6,32.9,N
28,12,2018,114469.12,91.88,14.8,30.7,19.3,N
29,12,2018,98300.86,90.9,17.1,20.9,25.4,N
30,12,2018,119933.7,78.4,12.1,31.0,2.2,N
31,12,2018,108675.93,96.76,12.2,20.8,23.4,Y
1,1,2019,98857.02,21.36,15.3,19.4,27.0,N
2,1,2019,107455.07,75.07,17.0,20.9,11.3,N
3,1,2019,110715.12,86.0,12.3,23.0,24.6,N
4,1,2019,109618.4,56.66,12.7,18.1,7.8,N
5,1,2019,149648.86,113.65,17.8,37.8,25.7,N
6,1,2019,126234.32,188.74,18.8,28.6,30.4,N
7,1,2019,116197.73,81.6,15.5,22.2,28.6,Y
8,1,2019,144971.51,188.09,18.6,38.5,29.1,N
9,1,2019,112649.82,80.79,10.3,30.2,27.1,N
10,1,2019,168882.82,110.55,19.7,29.5,28.2,N
11,1,2019,103485.6,86.44,18.0,20.4,13.4,N
12,1,2019,117952.83,28.56,16.9,21.2,29.4,N
13,1,2019,116511.83,104.21,13.5,24.3,27.9,N
14,1,2019,119974.46,87.61,19.3,31.5,19.3,N
15,1,2019,118839.3,71.24,15.4,29.8,27.9,Y
16,1,2019,102684.9,41.5,12.4,20.5,25.2,N
17,1,2019,123265.44,87.9,20.5,22.7,10.3,N
18,1,2019,121133.37,69.64,15.4,23.6,30.2,N
19,1,2019,98922.18,80.78,18.3,37.3,29.9,N
20,1,2019,98645.72,72.83,14.4,27.5,30.4,N
21,1,2019,100725.04,73.69,17.1,19.3,13.9,N
22,1,2019,104949.35,69.25,18.0,19.5,28.5,N
23,1,2019,130227.48,121.18,14.4,26.7,31.7,N
24,1,2019,108300.64,86.92,15.4,23.7,29.3,N
25,1,2019,108518.5,77.6,17.9,26.1,19.9,N
26,1,2019,98628.88,77.12,14.4,21.7,29.9,N
27,1,2019,104988.01,76.81,17.4,30.5,29.3,N
28,1,2019,102245.61,80.39,11.2,23.3,23.6,N
29,1,2019,122710.92,92.0,15.5,21.2,25.2,N
30,1,2019,129365.85,80.39,17.3,31.5,31.3,N
31,1,2019,106284.35,56.87,18.2,24.9,28.9,N
1,2,2019,106527.92,70.27,17.7,23.2,21.2,Y
2,2,2019,131367.27,97.61,22.7,28.2,9.3,Y
3,2,2019,119226.59,80.62,14.5,22.7,20.6,Y
4,2,2019,110547.5,90.57,16.7,21.2,17.1,Y
5,2,2019,106944.77,80.82,14.2,21.3,24.6,Y
6,2,2019,122975.84,110.12,14.0,28.3,28.9,Y
7,2,2019,106432.66,88.41,17.7,22.7,10.0,Y
8,2,2019,116230.66,106.65,12.3,20.7,27.2,Y
9,2,2019,113539.4,111.81,13.0,18.8,13.0,Y
10,2,2019,114481.46,106.29,13.6,25.7,24.4,Y
11,2,2019,120124.42,111.73,14.6,26.3,19.1,Y
12,2,2019,121519.72,87.03,18.5,25.2,21.7,Y
13,2,2019,114468.86,86.71,14.6,22.5,24.2,Y
14,2,2019,117913.07,130.7,18.7,33.2,21.0,Y
15,2,2019,125946.34,84.61,16.6,25.6,23.9,Y
16,2,2019,121697.85,77.6,12.6,27.5,22.7,Y
17,2,2019,131237.65,155.99,20.9,30.5,18.4,Y
18,2,2019,133457.37,85.71,17.1,33.0,24.2,Y
19,2,2019,116364.18,145.68,13.7,21.6,21.6,Y
20,2,2019,108917.18,118.61,15.8,22.7,23.1,Y
21,2,2019,139465.25,130.5,19.7,30.5,23.6,Y
22,2,2019,120741.64,91.7,15.4,33.0,19.9,Y
23,2,2019,111229.29,113.75,13.6,26.9,20.9,Y
24,2,2019,118324.64,82.76,12.2,20.5,25.8,Y
25,2,2019,127919.55,290.42,17.5,29.4,28.6,Y
26,2,2019,114680.16,93.34,15.4,25.9,17.8,Y
27,2,2019,114453.88,99.61,16.0,27.6,23.0,Y
28,2,2019,108723.62,103.21,15.8,23.9,23.1,Y
1,3,2019,107528.21,103.25,18.3,28.2,11.5,Y
2,3,2019,108546.64,87.89,14.7,23.6,7.2,Y
3,3,2019,103518.93,103.92,18.4,26.3,13.3,Y
4,3,2019,116052.9,90.97,14.5,28.5,7.3,Y
5,3,2019,106791.34,47.92,14.3,26.8,14.0,Y
6,3,2019,122991.23,83.04,14.6,27.5,19.8,Y
7,3,2019,117574.37,113.11,15.5,23.2,28.8,Y
8,3,2019,112277.85,86.81,14.8,18.5,15.8,Y
9,3,2019,116179.47,97.85,15.4,22.0,17.2,Y
10,3,2019,101994.19,77.46,8.9,23.7,19.4,Y
11,3,2019,105830.62,101.73,13.6,21.8,16.4,Y
12,3,2019,101334.9,77.58,15.5,21.2,14.8,Y
13,3,2019,109874.64,86.44,16.6,22.8,10.4,Y
14,3,2019,123787.77,71.97,13.3,25.5,20.0,Y
15,3,2019,102764.74,118.49,16.4,25.7,19.6,Y
16,3,2019,106862.64,72.72,18.1,22.7,8.0,Y
17,3,2019,100974.2,81.72,14.7,22.8,16.0,Y
18,3,2019,125073.64,111.57,15.0,28.3,15.8,Y
19,3,2019,126467.24,103.96,16.6,24.7,14.4,Y
20,3,2019,120147.98,105.72,18.1,30.2,9.7,Y
21,3,2019,104370.76,70.67,15.9,23.3,17.8,Y
22,3,2019,105911.25,107.66,13.7,22.0,14.9,Y
23,3,2019,114336.53,111.66,13.1,20.3,14.8,Y
24,3,2019,97402.64,77.1,15.4,23.9,20.6,Y
25,3,2019,112141.95,108.6,14.0,19.7,9.9,Y
26,3,2019,112937.01,104.82,15.8,22.7,12.6,Y
27,3,2019,113669.45,72.34,13.6,25.7,15.6,Y
28,3,2019,122642.53,82.98,12.4,21.3,16.2,Y
29,3,2019,111232.88,94.1,11.7,21.0,18.7,Y
30,3,2019,111280.17,108.75,9.9,36.1,6.7,Y
31,3,2019,120764.24,103.59,15.3,23.2,20.2,Y
1,4,2019,123808.76,104.85,15.6,24.3,13.3,Y
2,4,2019,124097.97,123.89,9.2,21.1,14.4,Y
3,4,2019,122658.53,127.77,8.6,18.4,11.3,N
4,4,2019,121424.42,100.81,11.3,17.7,13.1,Y
5,4,2019,117327.92,99.58,9.5,25.6,14.6,Y
6,4,2019,107479.26,89.56,11.4,20.0,10.0,N
7,4,2019,117642.74,87.87,13.3,17.0,12.3,N
8,4,2019,120196.25,118.31,12.8,18.1,18.9,N
9,4,2019,111254.54,107.89,10.9,16.6,6.0,N
10,4,2019,105948.62,100.71,13.1,20.9,10.1,Y
11,4,2019,108612.38,97.45,12.7,18.6,12.6,Y
12,4,2019,116870.43,58.16,11.3,18.1,6.5,N
13,4,2019,118733.96,103.53,11.9,21.2,14.4,Y
14,4,2019,126847.57,131.49,9.6,12.7,3.7,N
15,4,2019,101348.78,80.08,14.1,25.3,13.1,N
16,4,2019,128868.26,86.84,16.9,21.4,6.0,N
17,4,2019,104949.29,85.5,13.1,23.5,13.0,Y
18,4,2019,130547.1,92.8,12.9,24.7,12.7,Y
19,4,2019,113481.28,114.77,13.2,23.4,13.4,Y
20,4,2019,104468.5,80.21,14.6,20.4,14.4,Y
21,4,2019,102231.43,122.43,10.3,15.3,9.0,Y
22,4,2019,108622.46,86.98,11.7,25.4,13.5,N
23,4,2019,110815.12,113.63,8.9,18.2,13.0,Y
24,4,2019,115664.77,56.96,16.5,20.8,13.7,N
25,4,2019,103547.93,75.07,14.6,24.9,9.1,N
26,4,2019,120830.62,86.52,11.9,17.3,8.5,Y
27,4,2019,125428.71,119.97,13.0,20.2,9.9,Y
28,4,2019,125072.85,118.49,7.9,18.5,13.5,Y
29,4,2019,105142.44,95.57,9.2,20.7,14.4,Y
30,4,2019,119707.42,96.54,8.7,16.2,7.9,N
1,5,2019,109948.62,87.32,12.8,17.7,6.9,Y
2,5,2019,116696.71,123.95,11.6,16.9,3.8,Y
3,5,2019,122642.21,77.22,11.3,18.5,9.1,Y
4,5,2019,122990.92,91.72,9.2,17.4,8.0,Y
5,5,2019,124770.7,118.49,10.2,19.1,7.0,Y
6,5,2019,113971.29,94.5,11.9,18.0,9.7,Y
7,5,2019,112349.26,83.76,10.7,20.7,10.8,Y
8,5,2019,122574.6,77.17,8.2,16.8,10.0,Y
9,5,2019,107818.58,92.82,15.8,20.1,7.5,Y
10,5,2019,127945.62,113.26,12.8,18.6,6.0,Y
11,5,2019,104477.95,81.98,11.7,20.7,7.7,Y
12,5,2019,110163.75,97.61,12.7,17.0,9.2,Y
13,5,2019,116690.43,118.33,10.1,14.3,7.5,Y
14,5,2019,118801.58,106.34,11.7,16.6,6.0,Y
15,5,2019,125762.98,87.18,9.0,14.7,7.4,Y
16,5,2019,121730.62,77.25,9.2,11.5,6.7,Y
17,5,2019,102037.57,72.81,10.0,16.2,9.6,Y
18,5,2019,113351.3,101.81,5.2,19.8,10.1,Y
19,5,2019,122975.82,108.92,7.5,16.0,8.5,Y
20,5,2019,129312.58,91.55,12.7,18.6,6.3,Y
21,5,2019,107560.38,122.24,11.6,16.9,8.2,Y
22,5,2019,109774.43,82.88,11.3,18.5,6.0,Y
23,5,2019,130907.5,104.85,12.7,16.9,4.4,N
24,5,2019,120425.64,89.24,5.3,17.4,9.3,Y
25,5,2019,128753.19,113.24,5.0,14.4,7.0,Y
26,5,2019,110598.88,80.45,15.8,20.5,7.7,Y
27,5,2019,125955.68,91.88,10.2,16.2,3.4,Y
28,5,2019,123692.85,123.93,9.4,18.4,10.1,Y
29,5,2019,120764.18,109.98,9.3,18.5,6.2,Y
30,5,2019,132724.3,79.33,7.4,15.9,6.7,Y
31,5,2019,121021.68,111.32,11.9,15.8,8.2,Y
1,6,2019,137541.13,83.49,8.5,13.3,7.2,N
2,6,2019,141342.2,93.62,8.1,13.7,7.9,Y
3,6,2019,136318.59,95.87,6.0,12.7,8.7,Y
4,6,2019,114468.23,85.71,4.5,17.6,8.0,Y
5,6,2019,128814.08,72.93,10.2,15.3,6.1,Y
6,6,2019,13402941.16,124.06,4.3,15.0,7.3,Y
7,6,2019,134819.5,95.87,9.4,13.9,7.0,Y
8,6,2019,131739.2,104.09,8.0,13.1,5.7,Y
9,6,2019,131438.82,93.62,4.8,15.6,9.0,Y
10,6,2019,134766.56,85.63,6.6,13.0,7.1,N
11,6,2019,134054.13,73.69,7.8,15.1,8.2,Y
12,6,2019,136315.88,120.95,7.8,14.2,7.1,Y
13,6,2019,113074.53,67.19,11.4,18.5,6.5,Y
14,6,2019,131378.95,89.61,8.9,13.9,7.9,Y
15,6,2019,133131.46,123.95,3.7,15.0,8.0,Y
16,6,2019,122975.11,96.29,7.6,15.7,8.9,Y
17,6,2019,137838.82,95.69,7.2,16.7,7.0,Y
18,6,2019,135938.72,104.56,8.3,17.0,8.8,Y
19,6,2019,131916.69,111.0,8.5,15.8,8.9,Y
20,6,2019,120103.42,89.93,8.7,16.4,9.9,Y
21,6,2019,142641.51,132.26,3.1,13.0,6.1,Y
22,6,2019,135255.82,111.55,6.7,17.4,9.2,Y
23,6,2019,131360.02,99.58,7.6,14.0,5.9,
24,6,2019,137838.96,95.23,9.6,13.3,7.3,Y
25,6,2019,124495.42,69.76,7.3,16.0,8.1,Y
26,6,2019,136856.8,85.5,6.7,14.3,8.6,Y
27,6,2019,132765.96,101.4,7.9,14.8,6.7,Y
28,6,2019,125890.92,111.24,3.3,17.0,9.6,Y
29,6,2019,131188.48,114.88,9.2,15.5,8.6,Y
30,6,2019,134804.74,101.63,6.7,16.6,8.0,Y
1,7,2019,124473.58,119.2,8.9,14.6,7.1,N
2,7,2019,113539.5,87.91,10.4,15.9,7.3,N
3,7,2019,138899.41,107.66,9.9,15.0,8.5,N
4,7,2019,140741.16,120.44,6.8,14.6,7.8,N
5,7,2019,131739.2,118.89,8.0,15.6,6.1,Y
6,7,2019,132967.19,80.79,8.7,14.8,8.7,Y
7,7,2019,136656.13,110.72,7.3,15.6,9.3,Y
8,7,2019,126730.71,95.87,5.4,16.0,10.1,Y
9,7,2019,111213.03,92.92,8.5,16.1,8.4,N
10,7,2019,142637.12,91.69,4.2,17.1,7.0,Y
11,7,2019,137513.39,119.57,7.2,12.8,7.3,Y
12,7,2019,104770.7,79.02,10.0,15.3,7.6,Y
13,7,2019,136871.97,111.67,9.6,13.1,4.4,N
14,7,2019,138917.43,91.88,8.5,15.1,7.2,Y
15,7,2019,143541.11,102.42,4.9,15.8,8.5,Y
16,7,2019,133999.26,118.0,7.3,13.6,4.0,N
17,7,2019,121021.43,67.1,10.9,16.2,11.4,N
18,7,2019,137511.26,114.76,7.7,12.7,7.4,Y
19,7,2019,123477.12,95.72,7.9,11.0,6.5,Y
20,7,2019,132819.2,104.25,9.3,16.3,8.3,Y
21,7,2019,120152.22,73.93,6.0,13.5,8.7,Y
22,7,2019,148095.8,78.97,6.8,13.1,7.9,Y
23,7,2019,120119.25,100.2,6.2,15.0,11.4,N
24,7,2019,136690.61,114.89,8.8,16.3,7.1,Y
25,7,2019,136330.43,79.53,9.1,15.7,8.2,Y
26,7,2019,132756.53,95.57,8.7,14.2,8.3,Y
27,7,2019,136315.38,89.69,6.6,15.0,9.4,Y
28,7,2019,132856.34,85.8,9.0,13.2,6.5,N
29,7,2019,141237.12,147.19,6.6,12.6,9.4,Y
30,7,2019,122577.45,85.8,5.2,14.9,8.1,Y
31,7,2019,124097.85,111.05,7.4,14.0,9.7,N
1,8,2019,114817.43,95.87,11.5,16.2,6.1,Y
2,8,2019,131683.09,84.9,3.7,13.0,11.7,Y
3,8,2019,124770.24,77.34,10.0,19.6,10.2,Y
4,8,2019,138924.18,104.09,8.5,14.0,7.9,Y
5,8,2019,135759.28,86.81,10.6,15.8,7.2,Y
6,8,2019,113539.06,47.92,11.7,15.1,8.1,Y
7,8,2019,126329.18,83.99,8.1,13.9,6.9,Y
8,8,2019,138924.25,87.03,4.4,13.6,13.5,Y
9,8,2019,141312.26,104.18,4.6,12.5,7.5,Y
10,8,2019,121106.26,48.13,10.0,15.6,10.4,Y
11,8,2019,113462.86,90.9,10.3,14.3,6.5,Y
12,8,2019,116611.22,72.81,7.6,13.4,10.8,Y
13,8,2019,131919.41,85.8,7.8,13.5,12.8,Y
14,8,2019,122710.5,92.24,4.2,12.8,8.2,Y
15,8,2019,131812.56,134.61,8.4,12.5,10.5,Y
16,8,2019,132967.37,86.38,7.1,13.4,7.0,Y
17,8,2019,137511.32,140.08,8.8,12.7,9.4,Y
18,8,2019,132029.16,123.88,4.2,14.0,8.4,Y
19,8,2019,124770.82,95.93,5.3,12.6,7.0,Y
20,8,2019,121271.5,67.76,10.2,16.1,10.8,Y
21,8,2019,130448.12,90.43,7.0,12.8,10.5,Y
22,8,2019,139814.14,85.78,5.0,13.6,6.1,Y
23,8,2019,124557.34,64.99,5.5,17.1,13.4,Y
24,8,2019,121097.0,127.28,5.0,12.7,14.8,Y
25,8,2019,138651.14,79.6,8.7,14.5,11.2,Y
26,8,2019,121731.82,90.77,9.2,14.1,13.0,Y
27,8,2019,132029.8,89.45,8.3,13.3,8.3,N
28,8,2019,116477.86,29.15,11.3,18.3,8.0,Y
29,8,2019,121697.43,77.12,8.0,16.2,10.2,N
30,8,2019,136085.45,78.21,8.4,15.1,10.2,Y
31,8,2019,124436.1,48.71,10.6,15.9,11.1,Y
1,9,2019,111237.68,104.16,10.5,13.7,8.0,Y
2,9,2019,121023.3,52.33,7.3,16.7,9.0,Y
3,9,2019,123466.04,145.22,5.1,15.6,20.2,Y
4,9,2019,125871.7,95.67,7.3,20.4,17.0,Y
5,9,2019,108628.34,107.73,11.2,16.8,13.5,Y
6,9,2019,121023.57,134.77,3.4,17.0,15.7,N
7,9,2019,114867.31,101.94,6.6,18.0,14.9,N
8,9,2019,127275.75,112.08,7.3,13.2,15.1,Y
9,9,2019,111423.73,90.22,8.6,19.3,16.5,N
10,9,2019,109049.7,53.52,12.7,19.6,13.8,N
11,9,2019,106431.93,95.97,7.2,18.1,14.0,Y
12,9,2019,114832.98,112.9,9.4,14.9,20.0,N
13,9,2019,114191.1,90.56,10.7,24.5,17.2,N
14,9,2019,125830.53,89.69,9.0,16.3,11.3,Y
15,9,2019,104947.37,100.48,6.5,22.0,14.1,Y
16,9,2019,98622.96,99.49,9.0,19.6,14.5,N
17,9,2019,122887.29,82.76,10.8,18.4,12.1,Y
18,9,2019,119925.29,111.55,8.5,22.8,15.5,Y
19,9,2019,124046.8,114.57,10.3,16.7,11.2,Y
20,9,2019,122856.82,67.96,9.4,18.5,13.4,N
21,9,2019,114832.78,76.35,9.7,16.6,12.5,Y
22,9,2019,112576.66,104.91,6.3,19.6,19.6,N
23,9,2019,104767.34,46.78,5.8,21.1,18.7,N
24,9,2019,120372.87,115.43,8.0,18.9,14.0,N
25,9,2019,110420.89,67.97,11.8,17.1,10.8,N
26,9,2019,102231.44,87.74,10.8,28.3,17.7,Y
27,9,2019,107544.28,105.12,8.8,19.0,14.8,Y
28,9,2019,101760.49,74.43,6.0,14.1,17.8,N
29,9,2019,129885.96,106.45,7.8,14.9,15.0,N
30,9,2019,131442.43,87.71,8.3,15.7,10.4,Y
1,10,2019,96596.3,86.0,11.7,17.4,23.3,Y
2,10,2019,107831.48,111.67,13.0,22.9,17.8,Y
3,10,2019,116260.22,89.24,13.9,16.9,23.8,Y
4,10,2019,116655.32,89.61,12.6,27.0,13.6,N
5,10,2019,122346.23,85.19,11.2,15.9,14.0,Y
6,10,2019,118476.78,102.35,8.0,14.1,15.0,Y
7,10,2019,99608.56,115.26,10.9,15.5,16.6,Y
8,10,2019,108790.01,111.05,13.6,18.1,13.4,Y
9,10,2019,114919.99,70.86,11.9,20.5,8.2,Y
10,10,2019,1100_day,76.03,10.3,20.9,24.0,Y
11,10,2019,115064.14,75.17,11.6,16.4,22.3,Y
12,10,2019,114069.32,90.07,6.2,16.4,17.0,Y
13,10,2019,113971.7,82.84,13.8,21.0,18.1,Y
14,10,2019,106353.44,110.28,13.3,17.4,19.4,Y
15,10,2019,121571.96,96.5,8.6,16.2,17.7,Y
16,10,2019,112907.6,104.91,11.3,16.3,16.8,Y
17,10,2019,113980.86,92.96,10.1,15.0,11.7,Y
18,10,2019,117707.42,94.58,8.1,23.1,24.2,Y
19,10,2019,116074.07,80.76,10.5,16.9,10.6,Y
20,10,2019,98625.22,86.59,10.2,23.1,25.8,Y
21,10,2019,108240.84,79.06,18.5,23.8,22.7,Y
22,10,2019,116778.22,79.3,9.8,24.4,24.1,Y
23,10,2019,107142.82,86.02,8.5,17.1,8.5,Y
24,10,2019,102832.96,92.0,12.1,24.9,21.2,Y
25,10,2019,107849.95,85.58,12.1,27.2,24.6,Y
26,10,2019,111944.72,90.97,8.6,17.4,23.4,Y
27,10,2019,110384.82,88.85,4.1,18.7,17.8,Y
28,10,2019,126520.82,106.65,14.1,33.6,25.4,Y
29,10,2019,109070.92,97.17,13.6,21.1,20.1,Y
30,10,2019,134819.94,106.65,8.5,14.0,24.0,Y
31,10,2019,114819.6,114.73,9.1,14.8,7.7,Y
1,11,2019,100178.84,90.97,10.5,24.2,28.4,Y
2,11,2019,108761.81,97.61,13.0,25.4,23.8,Y
3,11,2019,114848.48,112.87,17.9,28.5,22.8,Y
4,11,2019,115239.16,72.93,16.8,21.5,21.4,Y
5,11,2019,118723.01,44.76,13.4,27.5,14.9,Y
6,11,2019,110384.21,111.12,11.0,17.8,16.8,Y
7,11,2019,115491.32,116.73,11.0,26.6,25.2,Y
8,11,2019,114971.21,122.24,13.9,18.8,16.4,Y
9,11,2019,121092.85,82.76,11.7,16.2,13.4,Y
10,11,2019,109935.34,87.61,12.8,25.4,31.9,Y
11,11,2019,101300.78,72.96,10.3,16.4,15.8,Y
12,11,2019,100725.24,98.18,10.4,24.3,30.1,Y
13,11,2019,123734.68,100.64,10.0,24.0,31.6,Y
14,11,2019,117064.47,87.63,16.5,33.3,31.9,Y
15,11,2019,117529.16,91.72,10.3,16.2,8.2,Y
16,11,2019,114949.41,105.37,16.5,27.5,16.3,Y
17,11,2019,114848.43,87.97,15.4,24.9,23.6,Y
18,11,2019,104766.85,56.85,13.2,25.4,18.7,Y
19,11,2019,109328.34,74.82,15.4,31.5,31.4,Y
20,11,2019,97945.07,76.35,10.9,27.5,29.0,Y
21,11,2019,116763.33,66.41,11.7,27.6,26.8,Y
22,11,2019,96240.98,84.17,11.0,18.1,16.4,Y
23,11,2019,114720.99,69.55,13.4,29.8,27.6,Y
24,11,2019,108832.84,103.25,13.5,20.0,29.9,Y
25,11,2019,107840.56,86.57,10.0,20.1,23.9,Y
26,11,2019,122602.12,93.34,10.5,18.4,16.9,Y
27,11,2019,116690.61,84.61,11.5,18.4,29.5,Y
28,11,2019,119491.32,74.44,11.7,21.3,27.6,Y
29,11,2019,106655.57,98.83,14.1,20.0,29.6,Y
30,11,2019,138816.16,124.64,8.4,15.3,6.6,Y
1,12,2019,128537.68,79.03,20.6,30.8,25.7,N
2,12,2019,113069.24,79.8,14.6,25.5,27.4,Y
3,12,2019,98621.33,88.85,13.3,19.3,22.4,Y
4,12,2019,111647.54,66.41,15.7,28.7,26.3,Y
5,12,2019,101878.66,112.26,11.9,23.9,31.2,Y
6,12,2019,107849.95,65.93,15.3,23.3,29.5,Y
7,12,2019,116817.43,77.58,14.0,26.2,30.2,N
8,12,2019,127950.55,110.45,14.1,26.8,28.5,Y
9,12,2019,120152.91,99.29,13.6,21.8,26.7,Y
10,12,2019,113945.34,83.19,13.6,23.6,27.6,Y
11,12,2019,117504.78,82.76,14.4,23.2,31.1,Y
12,12,2019,105085.18,92.95,15.6,27.4,31.5,Y
13,12,2019,107544.14,72.55,14.5,18.7,10.6,Y
14,12,2019,116793.29,111.36,15.8,20.7,28.5,Y
15,12,2019,124721.75,89.57,12.7,20.0,3.5,Y
16,12,2019,132039.55,267.59,20.1,33.1,16.9,Y
17,12,2019,108723.38,76.32,14.5,21.3,21.2,Y
18,12,2019,113147.23,50.15,15.4,21.3,31.5,N
19,12,2019,101878.14,80.19,9.8,19.5,25.2,N
20,12,2019,112804.2,82.04,13.1,21.8,17.3,Y
21,12,2019,117098.21,96.41,16.6,23.3,26.1,Y
22,12,2019,111296.19,83.69,14.6,20.2,23.3,Y
23,12,2019,109060.0,96.29,12.8,23.3,30.3,Y
24,12,2019,117512.45,85.5,16.4,23.2,22.8,Y
25,12,2019,104943.74,90.97,13.5,20.9,15.1,Y
26,12,2019,121548.64,79.51,12.9,28.3,29.3,Y
27,12,2019,111887.2,106.57,13.0,20.1,32.0,Y
28,12,2019,120044.17,73.08,12.4,24.1,32.2,Y
29,12,2019,105098.12,105.27,16.8,20.2,12.8,Y
30,12,2019,113341.11,98.92,13.0,27.4,25.5,Y
31,12,2019,106373.29,66.86,13.0,19.3,28.6,N
1,1,2020,121546.57,45.52,16.6,31.5,28.4,N
2,1,2020,114091.26,37.74,14.0,18.7,5.2,N
3,1,2020,102279.74,45.98,14.7,29.3,19.1,N
4,1,2020,110661.27,57.37,16.6,26.7,12.7,N
5,1,2020,106262.14,58.89,17.8,23.6,17.3,N
6,1,2020,120396.74,31.45,16.3,30.9,14.8,N
7,1,2020,106532.79,35.7,13.7,20.5,15.9,N
8,1,2020,117937.86,26.01,19.7,27.3,27.9,N
9,1,2020,91837.05,23.81,17.1,23.8,24.6,N
10,1,2020,116291.54,53.31,16.4,21.1,26.5,N
11,1,2020,122810.46,45.33,17.9,26.8,23.1,Y
12,1,2020,121837.24,78.74,18.3,25.7,29.7,N
13,1,2020,116291.18,42.66,17.1,30.3,30.9,N
14,1,2020,126937.17,52.83,18.1,21.5,7.5,N
15,1,2020,98891.39,31.82,15.7,24.4,25.4,N
16,1,2020,103521.68,51.15,15.3,21.4,27.7,N
17,1,2020,96897.6,20.02,13.7,21.2,19.3,N
18,1,2020,116648.77,51.06,13.0,23.1,29.2,N
19,1,2020,106043.48,37.55,15.4,23.3,30.3,N
20,1,2020,102279.88,56.01,17.7,22.2,27.3,N
21,1,2020,100380.84,36.09,13.4,17.4,5.0,N
22,1,2020,118891.45,49.74,13.7,26.6,31.6,N
23,1,2020,112371.41,51.78,12.2,17.7,31.0,N
24,1,2020,132765.74,47.49,17.5,33.1,30.6,N
25,1,2020,96120.54,36.71,17.4,22.1,29.9,N
26,1,2020,99635.71,65.38,14.1,19.6,27.7,N
27,1,2020,108949.44,49.42,14.2,23.0,19.8,N
28,1,2020,121605.8,50.13,17.5,23.3,9.2,N
29,1,2020,98973.98,86.66,13.3,31.9,29.6,N
30,1,2020,103583.94,56.72,13.8,23.2,31.1,N
31,1,2020,102988.48,-1.84,10.0.3,30.2,28.6,N
1,2,2020,113287.15,60.01,14.6,29.5,23.1,Y
2,2,2020,100738.14,41.26,18.5,23.4,13.4,Y
3,2,2020,124791.69,55.15,13.9,27.7,27.0,Y
4,2,2020,125783.69,39.83,15.0,27.5,23.6,Y
5,2,2020,103485.07,57.51,15.5,20.6,25.9,Y
6,2,2020,122975.71,39.74,11.7,29.5,20.9,Y
7,2,2020,118801.84,30.55,15.9,22.8,20.1,Y
8,2,2020,155080.84,-1.76,20.8,35.7,22.0,Y
9,2,2020,102229.22,46.52,13.7,28.2,31.7,Y
10,2,2020,124046.18,31.33,12.6,24.6,22.0,Y
11,2,2020,116337.16,-1.76,16.0,20.9,27.8,Y
12,2,2020,95964.56,40.92,15.1,21.0,27.9,Y
13,2,2020,135000.54,45.29,19.3,24.7,20.0,N
14,2,2020,119789.6,44.37,13.0,22.7,28.6,Y
15,2,2020,110314.59,39.91,15.7,22.7,27.0,Y
16,2,2020,116302.66,60.49,13.5,27.6,21.7,Y
17,2,2020,100746.42,59.48,12.9,34.7,25.3,Y
18,2,2020,126934.86,33.32,14.1,25.9,24.2,Y
19,2,2020,108774.31,69.25,18.7,25.4,14.6,Y
20,2,2020,105072.94,25.82,15.5,25.6,23.4,Y
21,2,2020,118702.93,33.15,11.9,21.6,9.2,Y
22,2,2020,97553.84,60.02,15.1,22.5,28.0,Y
23,2,2020,102968.48,42.12,15.4,23.1,22.4,Y
24,2,2020,123568.04,41.61,20.3,23.5,28.4,Y
25,2,2020,122975.97,49.79,16.6,25.7,26.4,N
26,2,2020,125858.58,48.79,16.4,28.1,2.9,Y
27,2,2020,102032.99,43.56,15.5,20.0,24.5,Y
28,2,2020,114159.8,42.34,16.4,21.5,21.7,Y
29,2,2020,11265.95,48.06,14.0,26.1,22.0,Y
1,3,2020,140831.0,53.42,19.3,37.8,25.1,N
2,3,2020,92800.17,52.64,16.8,31.3,23.0,Y
3,3,2020,106694.76,28.65,9.3,17.0,13.5,Y
4,3,2020,120835.02,51.14,14.5,25.9,15.9,Y
5,3,2020,124075.46,52.23,17.4,21.6,16.5,Y
6,3,2020,109332.07,27.88,11.0,21.1,15.9,Y
7,3,2020,110547.6,42.26,15.4,21.4,15.8,N
8,3,2020,122642.31,51.42,17.1,23.0,12.5,Y
9,3,2020,116355.72,50.44,14.2,36.4,24.2,Y
10,3,2020,108518.07,31.42,10.2,22.2,14.5,Y
11,3,2020,122871.26,55.45,15.7,22.2,19.9,Y
12,3,2020,109020.39,26.02,14.3,22.1,19.1,Y
13,3,2020,116063.75,51.41,10.0,17.6,18.8,Y
14,3,2020,100904.04,33.32,12.9,19.5,22.1,Y
15,3,2020,117794.6,26.21,15.8,27.9,19.6,Y
16,3,2020,99334.7,86.0,11.7,19.9,12.9,Y
17,3,2020,116775.28,33.6,14.8,19.5,8.9,Y
18,3,2020,125795.0,53.06,15.8,34.3,15.3,Y
19,3,2020,103391.64,36.14,15.3,25.4,7.0,N
20,3,2020,109318.62,65.44,17.2,22.5,12.8,N
21,3,2020,149473.01,57.33,20.5,38.1,15.8,Y
22,3,2020,99110.78,49.74,13.3,19.2,16.8,Y
23,3,2020,98924.06,46.53,9.9,25.4,19.0,N
24,3,2020,96850.14,40.84,12.6,32.1,16.8,N
25,3,2020,114085.46,46.27,15.0,31.6,17.7,Y
26,3,2020,96845.15,38.15,12.6,19.8,9.0,N
27,3,2020,113531.49,60.56,10.0,23.5,15.6,Y
28,3,2020,127912.05,28.33,12.3,23.0,13.4,Y
29,3,2020,122368.09,40.46,10.2,17.9,9.0,N
30,3,2020,121842.31,61.6,13.6,25.3,20.1,Y
31,3,2020,130547.73,49.79,17.7,32.3,14.6,Y
1,4,2020,108931.48,69.22,15.0,22.7,14.6,N
2,4,2020,106618.17,49.79,14.2,24.9,14.0,N
3,4,2020,103740.0,36.14,15.0,21.0,13.4,Y
4,4,2020,104965.21,29.41,13.6,25.9,10.0,N
5,4,2020,124686.63,61.82,9.7,16.9,11.0,N
6,4,2020,115383.28,62.66,12.8,23.6,12.8,N
7,4,2020,102546.21,41.26,9.4,20.5,15.5,N
8,4,2020,100203.2,61.82,9.6,19.5,15.8,N
9,4,2020,117539.72,30.78,13.0,18.4,11.7,N
10,4,2020,121414.42,39.16,13.7,21.5,13.0,N
11,4,2020,104468.9,35.14,8.2,20.0,13.1,N
12,4,2020,108800.07,51.78,13.8,23.4,13.5,N
13,4,2020,107513.16,29.16,14.4,18.1,9.3,N
14,4,2020,111032.84,42.63,12.1,16.9,11.4,Y
15,4,2020,119946.42,66.26,8.6,21.4,10.3,N
16,4,2020,108917.03,27.0,12.8,25.2,13.9,N
17,4,2020,94445.28,42.12,9.7,19.0,7.6,N
18,4,2020,108721.64,42.66,9.6,19.2,13.0,N
19,4,2020,116671.79,35.12,15.1,22.4,13.0,N
20,4,2020,97797.17,33.68,11.3,19.1,12.0,N
21,4,2020,126654.72,62.96,11.8,17.1,7.9,N
22,4,2020,122671.21,62.72,11.5,16.9,6.6,N
23,4,2020,98899.74,65.44,16.5,21.1,6.8,N
24,4,2020,100571.04,48.79,11.0,19.6,10.4,N
25,4,2020,98621.88,28.41,12.0,21.2,10.5,N
26,4,2020,118831.37,49.24,14.7,22.8,9.9,N
27,4,2020,113008.67,44.98,8.7,14.6,7.3,N
28,4,2020,98899.28,14.9,11.9,18.2,6.6,N
29,4,2020,105953.94,29.6,12.7,21.1,12.9,N
30,4,2020,106042.94,25.21,9.6,18.3,10.9,N
1,5,2020,128524.39,48.54,12.7,16.9,9.2,N
2,5,2020,107332.1,47.49,10.1,15.8,8.0,N
3,5,2020,128733.96,42.12,8.4,18.0,10.1,Y
4,5,2020,125797.05,40.63,10.0,13.3,8.3,N
5,5,2020,123150.0,38.18,11.5,17.3,10.2,Y
6,5,2020,123675.28,39.81,8.9,17.6,8.8,Y
7,5,2020,136817.16,60.68,6.2,15.8,8.4,N
8,5,2020,102832.28,30.08,10.8,17.8,8.0,N
9,5,2020,118192.52,47.47,11.0,16.2,7.0,Y
10,5,2020,116042.26,53.92,9.8,16.3,8.2,Y
11,5,2020,104303.94,58.52,9.5,14.8,8.7,Y
12,5,2020,137305.5,60.22,6.1,17.0,9.4,Y
13,5,2020,121073.19,37.13,10.5,13.3,8.1,N
14,5,2020,112358.88,44.37,10.5,16.0,7.8,N
15,5,2020,129744.57,33.09,10.2,14.4,6.6,N
16,5,2020,114486.53,34.08,13.7,18.9,5.1,N
17,5,2020,96525.74,35.7,7.1,13.4,7.2,Y
18,5,2020,125072.93,47.44,8.2,13.5,10.7,N
19,5,2020,114189.0,33.05,5.8,13.9,6.1,N
20,5,2020,119118.72,44.1,10.8,15.6,8.6,N
21,5,2020,122375.51,36.37,8.2,14.3,7.1,Y
22,5,2020,117511.22,44.37,8.9,15.6,9.7,Y
23,5,2020,126691.9,35.12,10.0,15.2,6.5,N
24,5,2020,120134.61,44.73,9.6,13.5,2.9,N
25,5,2020,109094.56,60.71,10.9,16.0,10.8,N
26,5,2020,103700.68,36.17,10.5,19.4,8.8,N
27,5,2020,120795.56,47.47,8.3,15.5,7.4,Y
28,5,2020,122775.33,59.12,6.1,15.6,8.3,Y
29,5,2020,115177.94,45.52,9.1,17.4,8.5,N
30,5,2020,127625.36,38.78,9.0,13.7,6.5,Y
31,5,2020,135637.58,50.24,7.9,16.4,7.1,N
1,6,2020,139882.72,45.26,9.8,14.3,7.9,N
2,6,2020,125858.72,40.97,6.6,13.6,5.7,N
3,6,2020,141067.5,39.6,4.9,12.8,4.5,N
4,6,2020,133769.63,52.32,10.4,15.6,7.9,Y
5,6,2020,142642.83,35.52,6.8,14.1,8.5,Y
6,6,2020,137625.94,79.52,8.2,13.7,5.0,N
7,6,2020,142637.09,52.57,6.5,14.1,7.3,Y
8,6,2020,11149.44,30.25,5.0,16.1,7.8,N
9,6,2020,134841.22,52.31,7.9,16.4,7.3,Y
10,6,2020,133822.93,47.53,4.7,12.7,7.9,Y
11,6,2020,131922.72,67.88,7.9,14.3,8.0,Y
12,6,2020,121028.43,42.12,8.7,14.3,8.1,Y
13,6,2020,137234.42,91.0,7.4,14.7,7.3,Y
14,6,2020,121528.7,81.93,9.4,15.0,3.6,N
15,6,2020,131766.8,45.46,6.6,15.1,8.3,N
16,6,2020,122279.38,29.08,5.4,17.8,8.9,Y
17,6,2020,144637.16,53.25,8.9,14.8,8.0,N
18,6,2020,132948.75,59.48,8.0,16.3,5.8,N
19,6,2020,140796.3,50.13,9.1,14.2,8.2,Y
20,6,2020,119717.59,34.7,11.8,15.1,8.5,N
21,6,2020,117512.39,73.46,10.8,14.8,9.7,Y
22,6,2020,115269.75,45.29,10.9,14.5,7.7,N
23,6,2020,111096.3,69.43,8.6,18.1,8.6,N
24,6,2020,133869.16,45.03,10.2,15.1,7.2,Y
25,6,2020,124797.85,48.17,10.5,13.1,4.8,N
26,6,2020,127900.13,43.23,9.9,17.6,8.4,N
27,6,2020,135407.2,52.31,10.3,15.1,8.3,Y
28,6,2020,126691.46,51.44,12.6,15.9,2.4,N
29,6,2020,136054.73,88.36,6.3,13.1,8.8,Y
30,6,2020,125072.86,37.47,9.2,14.0,3.5,N
1,7,2020,120144.22,60.13,9.0,13.9,14.6,N
2,7,2020,136073.61,81.41,7.7,13.9,5.8,N
3,7,2020,133869.41,31.28,6.1,15.8,9.4,N
4,7,2020,141038.1,58.02,4.9,10.1,8.1,Y
5,7,2020,120172.94,69.47,6.8,20.0,7.2,N
6,7,2020,134041.14,50.14,7.8,15.1,8.4,Y
7,7,2020,124797.8,31.6,8.7,13.8,7.0,N
8,7,2020,123301.28,60.01,10.4,15.9,7.0,N
9,7,2020,131819.94,34.61,7.3,12.9,9.6,Y
10,7,2020,123740.44,52.57,8.8,15.6,7.9,Y
11,7,2020,138417.44,44.3,3.4,12.6,9.0,N
12,7,2020,132741.23,53.24,8.7,14.5,5.9,N
13,7,2020,116696.72,36.17,10.2,17.1,8.2,N
14,7,2020,139511.41,81.96,4.4,11.3,7.8,N
15,7,2020,132583.3,61.72,6.0,17.5,12.6,Y
16,7,2020,112392.26,78.29,4.4,14.5,9.5,N
17,7,2020,132794.71,42.26,9.3,13.3,8.3,N
18,7,2020,138425.25,67.96,7.0,13.3,8.2,Y
19,7,2020,137402.64,65.91,4.0,12.7,10.7,N
20,7,2020,117793.15,49.43,8.7,13.9,7.2,N
21,7,2020,136340.38,59.94,7.9,13.7,7.7,N
22,7,2020,120194.72,50.13,7.2,13.1,6.7,N
23,7,2020,132975.39,57.43,9.8,15.3,8.2,Y
24,7,2020,94967.26,26.52,10.3,15.2,7.9,N
25,7,2020,133422.71,43.74,7.2,14.0,9.2,Y
26,7,2020,138931.06,61.8,8.9,14.7,11.7,Y
27,7,2020,125892.08,59.42,5.5,14.9,9.2,N
28,7,2020,125848.72,52.74,9.0,14.5,5.4,N
29,7,2020,132583.4,61.71,5.3,15.9,9.4,Y
30,7,2020,141131.77,36.94,6.2,13.3,7.9,N
31,7,2020,131396.54,38.97,8.7,15.2,8.2,N
1,8,2020,131177.95,36.98,6.4,14.1,9.3,N
2,8,2020,131114.22,52.64,8.8,15.2,11.1,N
3,8,2020,119464.32,29.55,7.4,16.4,9.0,N
4,8,2020,109336.62,58.57,5.0,13.9,11.3,N
5,8,2020,113420.99,35.22,9.1,15.9,12.9,N
6,8,2020,137522.71,49.77,7.8,13.1,12.5,Y
7,8,2020,124752.62,50.25,7.2,12.6,9.7,N
8,8,2020,123750.58,29.78,8.2,13.7,10.3,Y
9,8,2020,136684.82,48.76,7.4,15.1,11.7,N
10,8,2020,126696.19,39.14,9.7,13.6,9.9,Y
11,8,2020,125265.7,50.43,11.7,16.2,10.2,Y
12,8,2020,127945.46,45.98,3.5,14.4,11.3,N
13,8,2020,131382.25,37.39,8.3,15.3,9.6,Y
14,8,2020,120119.5,41.12,8.8,13.6,11.5,Y
15,8,2020,120797.43,62.32,8.5,14.3,9.3,Y
16,8,2020,124971.97,58.52,5.2,12.6,8.2,N
17,8,2020,133845.12,44.47,7.3,12.9,9.9,N
18,8,2020,132998.06,53.92,8.3,12.6,7.7,N
19,8,2020,124477.42,48.06,4.8,11.5,10.4,Y
20,8,2020,120125.43,42.26,7.9,14.8,11.8,N
21,8,2020,124442.36,61.99,8.5,14.0,11.3,N
22,8,2020,115177.94,40.06,8.7,14.0,11.0,N
23,8,2020,111096.67,44.76,6.7,19.0,11.3,N
24,8,2020,128899.42,50.81,11.0,16.1,10.3,N
25,8,2020,140716.64,52.64,6.0,15.8,10.0,N
26,8,2020,138931.43,40.3,10.5,12.7,7.7,N
27,8,2020,131355.62,52.32,9.1,13.8,8.6,N
28,8,2020,114832.5,54.65,9.2,16.4,12.7,Y
29,8,2020,109680.62,26.02,5.0,23.2,17.2,Y
30,8,2020,131982.34,34.06,10.3,18.1,13.1,Y
31,8,2020,121728.32,53.52,7.6,12.8,10.6,Y
1,9,2020,96845.7,15.22,8.3,19.8,13.6,N
2,9,2020,114445.22,33.15,8.6,18.4,14.7,N
3,9,2020,96594.48,54.39,11.5,15.1,16.2,N
4,9,2020,106846.34,43.57,8.7,18.4,17.5,N
5,9,2020,107616.31,48.34,13.0,16.7,12.2,N
6,9,2020,101994.03,39.24,9.8,14.8,13.5,N
7,9,2020,111299.54,36.23,7.8,15.6,13.6,N
8,9,2020,116817.15,43.5,7.3,18.1,14.6,N
9,9,2020,108628.34,37.44,7.5,15.9,12.3,N
10,9,2020,121046.43,50.35,6.2,15.9,16.8,N
11,9,2020,100819.94,50.31,9.0,13.4,10.4,N
12,9,2020,102088.34,45.61,9.5,18.4,18.4,N
13,9,2020,110148.43,60.98,9.0,17.6,14.5,N
14,9,2020,106684.54,41.37,8.5,15.4,11.0,N
15,9,2020,119645.18,36.73,9.3,16.7,12.6,N
16,9,2020,131387.74,50.27,8.2,16.7,7.9,N
17,9,2020,121021.02,43.33,8.1,15.3,19.8,Y
18,9,2020,117125.12,52.64,10.2,15.3,9.7,N
19,9,2020,110235.34,35.14,5.0,18.8,13.4,Y
20,9,2020,107332.0,57.33,12.5,28.5,16.8,N
21,9,2020,119707.93,50.25,7.9,19.0,15.8,N
22,9,2020,128753.56,99.85,7.7,16.4,8.9,Y
23,9,2020,102684.48,,8.4,18.9,15.8,N
24,9,2020,126731.82,33.75,6.5,15.0,17.7,Y
25,9,2020,96845.86,44.02,5.8,15.3,15.7,N
26,9,2020,121566.52,48.79,8.6,13.0,5.5,Y
27,9,2020,113451.44,50.31,8.4,18.4,16.1,N
28,9,2020,100696.02,52.74,14.2,18.4,7.3,N
29,9,2020,104346.72,56.82,9.1,26.5,8.2,N
30,9,2020,101012.36,29.3,7.7,15.0,13.7,N
1,10,2020,103547.02,14.16,11.4,17.1,23.5,N
2,10,2020,113669.45,57.91,12.8,16.8,9.2,Y
3,10,2020,114477.84,36.48,11.9,22.4,15.7,N
4,10,2020,108300.64,27.46,9.1,20.9,16.5,N
5,10,2020,122964.77,38.47,8.1,15.1,9.7,Y
6,10,2020,112351.14,58.24,10.6,14.9,8.5,N
