MonthDay,Month,Year,Page.Loads,Unique.Visits,First.Time.Visits,Returning.Visits,Day.Of.Week
14,9,2014,3141.0,2349.0,1897.0,241.0,6
15,9,2014,3790.0,2825.0,2441.0,296.0,4
16,9,2014,4498.0,3441.0,2845.0,427.0,4
17,9,2014,5338.0,3801.0,3303.0,568.0,2
18,9,2014,2739.0,2095.0,1849.0,193.0,7
19,9,2014,2415.0,1561.0,1728.0,200.0,7
20,9,2014,3136.0,2366.0,2033.0,281.0,6
21,9,2014,3141.0,2690.0,2382.0,348.0,1
22,9,2014,4376.0,3377.0,2869.0,443.0,4
23,9,2014,3322.0,2223.0,1827.0,216.0,1
24,9,2014,3111.0,2428.0,2082.0,286.0,1
25,9,2014,3698.0,2198.0,2400.0,259.0,6
26,9,2014,1535.0,1054.0,1049.0,197.0,7
27,9,2014,3621.0,2550.0,2361.0,297.0,1
28,9,2014,3539.0,2415.0,2103.0,321.0,5
29,9,2014,3369.0,2366.0,2071.0,296.0,4
30,9,2014,4205.0,3106.0,2728.0,328.0,2
1,10,2014,3162.0,2140.0,1763.0,282.0,6
2,10,2014,5084.0,3516.0,3298.0,584.0,5
3,10,2014,2568.0,1806.0,1585.0,253.0,7
4,10,2014,5045.0,3766.0,3019.0,328.0,3
5,10,2014,2042.0,1413.0,1217.0,175.0,7
6,10,2014,4303.0,2982.0,2361.0,343.0,2
7,10,2014,3354.0,2203.0,1881.0,266.0,1
8,10,2014,5716.0,4141.0,3442.0,566.0,4
9,10,2014,4376.0,3357.0,2828.0,282.0,5
10,10,2014,3945.0,2882.0,2450.0,387.0,6
11,10,2014,5881.0,3573.0,3222.0,429.0,4
12,10,2014,5461.0,4115.0,3572.0,621.0,2
13,10,2014,4124.0,3023.0,2528.0,314.0,6
14,10,2014,3901.0,2780.0,2386.0,438.0,5
15,10,2014,4354.0,3177.0,2621.0,415.0,5
16,10,2014,4113.0,2896.0,2466.0,351.0,4
17,10,2014,489.0,3236.0,2957.0,296.0,4
18,10,2014,3430.0,2428.0,1984.0,282.0,1
19,10,2014,5144.0,3832.0,3146.0,542.0,2
20,10,2014,2465.0,1853.0,1581.0,226.0,7
21,10,2014,3571.0,2831.0,2447.0,437.0,5
22,10,2014,2469.0,1715.0,1856.0,244.0,7
23,10,2014,2739.0,1981.0,1614.0,285.0,1
24,10,2014,5089.0,3357.0,2850.0,287.0,2
25,10,2014,4162.0,3135.0,2797.0,386.0,5
26,10,2014,4814.0,3448.0,3543.0,421.0,2
27,10,2014,4535.0,3083.0,2995.0,286.0,5
28,10,2014,3906.0,2840.0,2553.0,281.0,5
29,10,2014,5474.0,3520.0,3067.0,545.0,4
30,10,2014,2263.0,1629.0,1589.0,150.0,1
31,10,2014,2851.0,2289.0,1881.0,281.0,1
1,11,2014,4138.0,2890.0,2477.0,441.0,2
2,11,2014,4630.0,3515.0,3082.0,536.0,3
3,11,2014,3612.0,2890.0,2561.0,343.0,5
4,11,2014,5391.0,3825.0,3787.0,613.0,4
5,11,2014,5805.0,4140.0,3522.0,582.0,3
6,11,2014,4222.0,3320.0,2845.0,527.0,4
7,11,2014,1723.0,1045.0,876.0,175.0,7
8,11,2014,4483.0,3356.0,2853.0,454.0,4
9,11,2014,2416.0,1731.0,1463.0,253.0,7
10,11,2014,4483.0,3356.0,2863.0,447.0,4
11,11,2014,3010.0,2143.0,1846.0,308.0,7
12,11,2014,5144.0,3628.0,3216.0,410.0,5
13,11,2014,4886.0,3452.0,3052.0,545.0,4
14,11,2014,4871.0,3515.0,3034.0,536.0,3
15,11,2014,4709.0,3357.0,2836.0,402.0,2
16,11,2014,4550.0,3026.0,2482.0,446.0,2
17,11,2014,4891.0,3135.0,2674.0,415.0,5
18,11,2014,3801.0,2854.0,2479.0,447.0,6
19,11,2014,7263.0,5081.0,3550.0,176.0,3
20,11,2014,5402.0,4189.0,3579.0,636.0,4
21,11,2014,3390.0,2821.0,2462.0,349.0,7
22,11,2014,4432.0,3357.0,2821.0,387.0,4
23,11,2014,4152.0,3135.0,2860.0,440.0,4
24,11,2014,4695.0,3266.0,2713.0,447.0,2
25,11,2014,5647.0,3966.0,3222.0,603.0,3
26,11,2014,4417.0,2856.0,2436.0,515.0,5
27,11,2014,5308.0,3717.0,3260.0,402.0,5
28,11,2014,4263.0,2969.0,2582.0,410.0,5
29,11,2014,2074.0,1457.0,1244.0,175.0,7
30,11,2014,6175.0,4569.0,4073.0,837.0,3
1,12,2014,5474.0,3726.0,3133.0,499.0,2
2,12,2014,6666.0,4905.0,4389.0,552.0,2
3,12,2014,4243.0,3236.0,2872.0,462.0,5
4,12,2014,7490.0,5267.0,4147.0,836.0,2
5,12,2014,4688.0,3356.0,2787.0,547.0,2
6,12,2014,5398.0,3835.0,3308.0,552.0,5
7,12,2014,3516.0,2494.0,2035.0,337.0,5
8,12,2014,4367.0,3120.0,2835.0,415.0,3
9,12,2014,2045.0,1489.0,1277.0,204.0,1
10,12,2014,4141.0,3022.0,2801.0,447.0,6
11,12,2014,7190.0,546.0,4330.0,926.0,2
12,12,2014,2382.0,1424.0,1172.0,200.0,6
13,12,2014,4178.0,3357.0,2862.0,477.0,1
14,12,2014,3170.0,2214.0,1779.0,408.0,6
15,12,2014,2350.0,1677.0,1340.0,244.0,5
16,12,2014,4790.0,3481.0,2836.0,,4
17,12,2014,4169.0,3057.0,2748.0,543.0,2
18,12,2014,5367.0,3601.0,3190.0,579.0,2
19,12,2014,1852.0,1299.0,1021.0,253.0,7
20,12,2014,6058.0,4320.0,3877.0,645.0,3
21,12,2014,3391.0,2579.0,2118.0,439.0,4
22,12,2014,4222.0,3247.0,2836.0,474.0,3
23,12,2014,2971.0,2095.0,1717.0,317.0,7
24,12,2014,6222.0,4866.0,3769.0,784.0,3
25,12,2014,2613.0,1716.0,1443.0,462.0,4
26,12,2014,3518.0,2814.0,2477.0,333.0,1
27,12,2014,1339.0,895.0,675.0,183.0,7
28,12,2014,4734.0,3365.0,2863.0,553.0,3
29,12,2014,2430.0,1750.0,1415.0,274.0,7
30,12,2014,2457.0,1715.0,1481.0,259.0,2
31,12,2014,1752.0,1281.0,958.0,244.0,7
1,1,2015,2822.0,1892.0,1568.0,288.0,6
2,1,2015,3299.0,2679.0,2266.0,454.0,1
3,1,2015,4162.0,2743.0,2335.0,500.0,3
4,1,2015,4531.0,3077.0,2534.0,515.0,3
5,1,2015,5062.0,3186.0,2761.0,459.0,5
6,1,2015,2239.0,1519.0,1231.0,226.0,1
7,1,2015,3906.0,2854.0,2386.0,434.0,4
8,1,2015,2073.0,1420.0,1246.0,216.0,7
9,1,2015,4398.0,3144.0,2679.0,535.0,3
10,1,2015,3735.0,2629.0,2338.0,431.0,6
11,1,2015,5033.0,3801.0,3170.0,692.0,4
12,1,2015,4581.0,3391.0,2845.0,562.0,3
13,1,2015,4243.0,3125.0,2573.0,482.0,4
14,1,2015,3872.0,3014.0,2344.0,479.0,3
15,1,2015,2454.0,1892.0,1474.0,331.0,7
16,1,2015,4882.0,3178.0,2776.0,522.0,2
17,1,2015,4234.0,3010.0,2679.0,415.0,2
18,1,2015,2828.0,2021.0,1583.0,351.0,7
19,1,2015,4415.0,3054.0,2739.0,484.0,5
20,1,2015,4530.0,3197.0,2573.0,614.0,4
21,1,2015,4156.0,3164.0,2656.0,531.0,5
22,1,2015,5127.0,3908.0,3134.0,657.0,2
23,1,2015,3838.0,2784.0,2181.0,394.0,3
24,1,2015,3901.0,2576.0,2239.0,394.0,3
25,1,2015,1831.0,1293.0,1049.0,174.0,7
26,1,2015,2732.0,1981.0,1652.0,300.0,6
27,1,2015,4001.0,2795.0,2191.0,382.0,4
28,1,2015,3906.0,2615.0,2104.0,394.0,4
29,1,2015,3932.0,2860.0,2371.0,503.0,5
30,1,2015,4420.0,2882.0,2386.0,441.0,2
31,1,2015,4118.0,2783.0,2189.0,459.0,4
1,2,2015,4595.0,3387.0,2878.0,542.0,4
2,2,2015,6357.0,4249.0,3490.0,679.0,3
3,2,2015,6020.0,3908.0,3236.0,703.0,2
4,2,2015,4132.0,2841.0,2455.0,579.0,5
5,2,2015,5715.0,4488.0,3967.0,765.0,3
6,2,2015,5536.0,3967.0,3186.0,564.0,4
7,2,2015,4124.0,3106.0,2561.0,564.0,6
8,2,2015,3507.0,2770.0,2129.0,457.0,5
9,2,2015,4486.0,3454.0,2824.0,545.0,3
10,2,2015,4194.0,3039.0,2525.0,483.0,6
11,2,2015,5398.0,3812.0,3299.0,576.0,3
12,2,2015,3322.0,2568.0,2232.0,394.0,7
13,2,2015,3089.0,2277.0,1854.0,284.0,1
14,2,2015,4868.0,3273.0,2687.0,521.0,2
15,2,2015,5026.0,3348.0,3177.0,552.0,2
16,2,2015,4124.0,3265.0,2561.0,538.0,2
17,2,2015,4498.0,3452.0,2978.0,471.0,4
18,2,2015,4187.0,2976.0,2313.0,538.0,6
19,2,2015,4878.0,3515.0,2972.0,588.0,3
20,2,2015,3897.0,2915.0,2482.0,460.0,1
21,2,2015,5206.0,3964.0,3280.0,584.0,5
22,2,2015,5349.0,3830.0,3146.0,604.0,2
23,2,2015,5331.0,3838.0,3226.0,546.0,5
24,2,2015,4398.0,3249.0,2828.0,588.0,6
25,2,2015,3354.0,2117.0,1809.0,417.0,1
26,2,2015,3973.0,2660.0,2233.0,453.0,6
27,2,2015,4124.0,3213.0,2615.0,469.0,6
28,2,2015,3906.0,2616.0,2148.0,472.0,6
1,3,2015,4390.0,3057.0,2521.0,522.0,6
2,3,2015,3223.0,2189.0,1922.0,274.0,1
3,3,2015,5228.0,3727.0,3298.0,609.0,2
4,3,2015,3349.0,2667.0,2295.0,436.0,1
5,3,2015,6631.0,4956.0,3906.0,709.0,4
6,3,2015,5692.0,3866.0,3368.0,553.0,3
7,3,2015,3660.0,2580.0,2191.0,362.0,1
8,3,2015,5402.0,3956.0,3127.0,614.0,2
9,3,2015,5398.0,4144.0,3655.0,642.0,3
10,3,2015,5228.0,4115.0,3298.0,543.0,4
11,3,2015,4696.0,3500.0,3025.0,500.0,4
12,3,2015,5830.0,4076.0,3422.0,588.0,2
13,3,2015,5362.0,4022.0,3666.0,522.0,5
14,3,2015,4475.0,3366.0,2727.0,648.0,5
15,3,2015,5290.0,3667.0,2942.0,617.0,5
16,3,2015,2221.0,1657.0,1346.0,238.0,1
17,3,2015,4931.0,3348.0,2973.0,521.0,5
18,3,2015,4896.0,3452.0,2679.0,649.0,4
19,3,2015,5114.0,3770.0,3452.0,556.0,4
20,3,2015,3669.0,2489.0,2066.0,483.0,6
21,3,2015,4581.0,3241.0,2907.0,544.0,4
22,3,2015,4127.0,2916.0,2383.0,552.0,5
23,3,2015,3906.0,2667.0,2248.0,473.0,1
24,3,2015,5142.0,3759.0,3133.0,533.0,2
25,3,2015,3168.0,2354.0,2035.0,422.0,1
26,3,2015,3841.0,2663.0,2239.0,402.0,6
27,3,2015,3890.0,3025.0,2679.0,382.0,1
28,3,2015,5341.0,4140.0,3487.0,546.0,2
29,3,2015,4169.0,2748.0,2136.0,502.0,6
30,3,2015,6054.0,4140.0,3538.0,660.0,2
31,3,2015,5495.0,3396.0,3095.0,646.0,3
1,4,2015,6057.0,4332.0,3720.0,707.0,2
2,4,2015,4489.0,3377.0,2724.0,533.0,6
3,4,2015,5400.0,3926.0,3390.0,598.0,2
4,4,2015,6078.0,4449.0,3797.0,664.0,5
5,4,2015,5878.0,4048.0,3440.0,561.0,2
6,4,2015,5773.0,4116.0,3469.0,595.0,4
7,4,2015,4124.0,3039.0,2482.0,543.0,6
8,4,2015,5461.0,3943.0,3261.0,577.0,5
9,4,2015,5785.0,4291.0,3416.0,636.0,2
10,4,2015,5144.0,3767.0,3190.0,536.0,5
11,4,2015,6170.0,4520.0,3769.0,625.0,2
12,4,2015,6905.0,5094.0,4115.0,837.0,4
13,4,2015,5830.0,4189.0,3433.0,721.0,2
14,4,2015,5652.0,4275.0,3287.0,679.0,2
15,4,2015,5331.0,4070.0,3487.0,705.0,5
16,4,2015,5595.0,4134.0,3647.0,536.0,2
17,4,2015,4194.0,3002.0,2489.0,527.0,3
18,4,2015,5563.0,3996.0,3490.0,546.0,5
19,4,2015,4602.0,3165.0,2689.0,441.0,6
20,4,2015,5400.0,3728.0,3095.0,629.0,6
21,4,2015,5571.0,3944.0,3490.0,593.0,4
22,4,2015,5331.0,4159.0,3505.0,614.0,3
23,4,2015,5371.0,3938.0,3192.0,624.0,6
24,4,2015,6154.0,4275.0,3489.0,639.0,2
25,4,2015,5849.0,4140.0,3499.0,635.0,3
26,4,2015,5785.0,4048.0,3352.0,685.0,4
27,4,2015,5735.0,4140.0,3133.0,615.0,4
28,4,2015,5398.0,3387.0,3041.0,516.0,3
29,4,2015,5858.0,3835.0,3146.0,597.0,5
30,4,2015,3154.0,2183.0,1818.0,355.0,7
1,5,2015,5071.0,3245.0,2862.0,556.0,5
2,5,2015,3975.0,2547.0,2144.0,394.0,1
3,5,2015,3969.0,2780.0,2248.0,548.0,6
4,5,2015,6357.0,4083.0,3254.0,682.0,4
5,5,2015,5665.0,3908.0,3308.0,588.0,2
6,5,2015,5585.0,4251.0,3424.0,748.0,4
7,5,2015,5333.0,3988.0,3192.0,584.0,2
8,5,2015,4365.0,3348.0,2878.0,456.0,1
9,5,2015,4731.0,3707.0,2967.0,546.0,3
10,5,2015,3545.0,2489.0,2062.0,447.0,1
11,5,2015,5114.0,3971.0,3269.0,641.0,2
12,5,2015,5800.0,4141.0,3470.0,632.0,3
13,5,2015,4476.0,2922.0,2489.0,518.0,6
14,5,2015,6555.0,4677.0,3736.0,762.0,2
15,5,2015,4775.0,3173.0,3060.0,522.0,1
16,5,2015,5800.0,4968.0,3882.0,709.0,3
17,5,2015,4767.0,3441.0,2845.0,564.0,2
18,5,2015,4737.0,3348.0,2853.0,574.0,5
19,5,2015,5677.0,3939.0,3190.0,585.0,6
20,5,2015,3507.0,2770.0,2221.0,432.0,7
21,5,2015,5476.0,3307.0,2944.0,574.0,5
22,5,2015,4147.0,3049.0,2727.0,467.0,1
23,5,2015,6020.0,4232.0,3466.0,716.0,4
24,5,2015,5398.0,4063.0,3133.0,633.0,5
25,5,2015,4983.0,3377.0,2836.0,563.0,4
26,5,2015,5114.0,3497.0,2989.0,565.0,5
27,5,2015,4788.0,3778.0,2785.0,559.0,5
28,5,2015,5395.0,3718.0,2985.0,533.0,2
29,5,2015,4076.0,2832.0,2386.0,501.0,1
30,5,2015,4983.0,3454.0,2739.0,694.0,3
31,5,2015,4591.0,3465.0,2936.0,521.0,5
1,6,2015,3973.0,2765.0,2299.0,575.0,4
2,6,2015,4983.0,3464.0,2867.0,678.0,5
3,6,2015,3524.0,2568.0,2069.0,468.0,3
4,6,2015,3456.0,2431.0,1988.0,523.0,6
5,6,2015,4376.0,3047.0,2477.0,567.0,3
6,6,2015,4498.0,3261.0,2624.0,557.0,5
7,6,2015,3897.0,2783.0,2221.0,478.0,6
8,6,2015,3866.0,2536.0,2139.0,511.0,6
9,6,2015,4076.0,2785.0,2166.0,585.0,3
10,6,2015,2262.0,1489.0,1279.0,257.0,7
11,6,2015,4026.0,2623.0,3050.0,559.0,6
12,6,2015,2460.0,1688.0,1348.0,309.0,7
13,6,2015,3904.0,2699.0,2133.0,462.0,6
14,6,2015,2468.0,1755.0,1421.0,267.0,7
15,6,2015,4774.0,3399.0,2679.0,602.0,4
16,6,2015,4298.0,2971.0,2377.0,625.0,5
17,6,2015,3179.0,2105.0,1842.0,437.0,6
18,6,2015,3920.0,2678.0,2069.0,547.0,6
19,6,2015,3539.0,2431.0,2067.0,468.0,6
20,6,2015,4234.0,2794.0,2143.0,531.0,3
21,6,2015,6264.0,4316.0,3599.0,767.0,2
22,6,2015,4429.0,2969.0,2450.0,536.0,5
23,6,2015,4456.0,3057.0,2438.0,522.0,2
24,6,2015,4625.0,3143.0,2806.0,599.0,4
25,6,2015,1800.0,1277.0,946.0,178.0,7
26,6,2015,5359.0,3882.0,3095.0,633.0,2
27,6,2015,4029.0,2785.0,2338.0,522.0,5
28,6,2015,3536.0,2542.0,2045.0,468.0,2
29,6,2015,2353.0,1657.0,1345.0,300.0,1
30,6,2015,2738.0,1853.0,1463.0,388.0,6
1,7,2015,3141.0,2525.0,2042.0,406.0,3
2,7,2015,3599.0,2672.0,2060.0,529.0,5
3,7,2015,3638.0,2744.0,2149.0,466.0,2
4,7,2015,3570.0,2580.0,2037.0,437.0,2
5,7,2015,4132.0,2789.0,2135.0,533.0,5
6,7,2015,2336.0,1472.0,1173.0,308.0,1
7,7,2015,4092.0,2895.0,2344.0,536.0,4
8,7,2015,4010.0,3164.0,1759.0,545.0,5
9,7,2015,4047.0,2540.0,2033.0,446.0,3
10,7,2015,4194.0,2970.0,2395.0,609.0,5
11,7,2015,2740.0,1851.0,1512.0,363.0,6
12,7,2015,2278.0,1429.0,1237.0,266.0,1
13,7,2015,3512.0,2573.0,2069.0,483.0,2
14,7,2015,4171.0,2780.0,2266.0,536.0,3
15,7,2015,2688.0,1807.0,1572.0,348.0,6
16,7,2015,2247.0,1628.0,1321.0,266.0,1
17,7,2015,2401.0,1567.0,1317.0,308.0,1
18,7,2015,3258.0,2428.0,1901.0,528.0,6
19,7,2015,4305.0,3029.0,2653.0,488.0,3
20,7,2015,3369.0,2209.0,1760.0,386.0,6
21,7,2015,3906.0,2718.0,2141.0,486.0,3
22,7,2015,3621.0,2573.0,2087.0,457.0,5
23,7,2015,1896.0,1447.0,1186.0,216.0,1
24,7,2015,3484.0,2744.0,2239.0,437.0,6
25,7,2015,2248.0,1566.0,1141.0,295.0,1
26,7,2015,3111.0,2207.0,1827.0,453.0,4
27,7,2015,2697.0,1955.0,1767.0,345.0,1
28,7,2015,1355.0,1045.0,891.0,183.0,7
29,7,2015,4230.0,2750.0,2226.0,541.0,5
30,7,2015,2565.0,1721.0,1541.0,311.0,1
31,7,2015,4124.0,2845.0,2310.0,469.0,4
1,8,2015,3934.0,2694.0,2129.0,536.0,3
2,8,2015,3423.0,2628.0,2196.0,395.0,5
3,8,2015,2239.0,1618.0,1345.0,242.0,1
4,8,2015,3897.0,2718.0,2191.0,527.0,2
5,8,2015,3456.0,2368.0,1812.0,393.0,6
6,8,2015,2365.0,1622.0,1354.0,305.0,1
7,8,2015,2066.0,1494.0,1204.0,177.0,7
8,8,2015,4584.0,3091.0,2479.0,541.0,3
9,8,2015,3901.0,2667.0,2136.0,4132.0,4
10,8,2015,4421.0,2771.0,2121.0,562.0,4
11,8,2015,4398.0,3390.0,2713.0,529.0,4
12,8,2015,2297.0,1557.0,1278.0,241.0,6
13,8,2015,2605.0,1536.0,1266.0,293.0,7
14,8,2015,3612.0,2623.0,2126.0,513.0,3
15,8,2015,2980.0,2286.0,1680.0,401.0,6
16,8,2015,2724.0,1713.0,1353.0,351.0,1
17,8,2015,4695.0,3343.0,2784.0,545.0,5
18,8,2015,2336.0,1517.0,1214.0,244.0,5
19,8,2015,2721.0,2094.0,1706.0,337.0,1
20,8,2015,4165.0,2785.0,2197.0,527.0,5
21,8,2015,3826.0,2881.0,2506.0,442.0,4
22,8,2015,4187.0,2860.0,2392.0,576.0,4
23,8,2015,3303.0,2033.0,1753.0,447.0,5
24,8,2015,2985.0,2094.0,1661.0,358.0,6
25,8,2015,3570.0,2612.0,2070.0,466.0,6
26,8,2015,2824.0,2031.0,1648.0,370.0,2
27,8,2015,4180.0,2890.0,2327.0,545.0,3
28,8,2015,4431.0,2789.0,2267.0,536.0,2
29,8,2015,4194.0,2856.0,2312.0,538.0,4
30,8,2015,3306.0,2117.0,1891.0,422.0,6
31,8,2015,3907.0,2840.0,2397.0,491.0,2
1,9,2015,3111.0,2272.0,1844.0,228.0,7
2,9,2015,5400.0,4186.0,3435.0,552.0,3
3,9,2015,4338.0,3177.0,2901.0,532.0,5
4,9,2015,4267.0,2923.0,2441.0,541.0,2
5,9,2015,4205.0,3134.0,2622.0,536.0,5
6,9,2015,4205.0,3039.0,2575.0,545.0,3
7,9,2015,2416.0,1741.0,1356.0,308.0,6
8,9,2015,3760.0,2639.0,2335.0,473.0,6
9,9,2015,2721.0,1974.0,1622.0,348.0,1
10,9,2015,6071.0,4073.0,3490.0,686.0,4
11,9,2015,5843.0,4203.0,3416.0,652.0,4
12,9,2015,4993.0,3452.0,2785.0,636.0,5
13,9,2015,4391.0,3348.0,2669.0,545.0,5
14,9,2015,3683.0,2596.0,2104.0,477.0,6
15,9,2015,3190.0,2169.0,1835.0,422.0,1
16,9,2015,3341.0,2319.0,1827.0,291.0,6
17,9,2015,1737.0,1237.0,1067.0,175.0,7
18,9,2015,4972.0,3521.0,3030.0,483.0,4
19,9,2015,5495.0,3801.0,3269.0,545.0,3
20,9,2015,4695.0,3493.0,2828.0,493.0,5
21,9,2015,4872.0,3515.0,3119.0,649.0,5
22,9,2015,3716.0,2999.0,1760.0,462.0,6
23,9,2015,4124.0,2675.0,2253.0,541.0,5
24,9,2015,3997.0,2615.0,2263.0,312.0,6
25,9,2015,3931.0,2674.0,2266.0,439.0,2
26,9,2015,3675.0,2523.0,2118.0,474.0,5
27,9,2015,4709.0,3452.0,2949.0,513.0,3
28,9,2015,2030.0,1319.0,1186.0,238.0,7
29,9,2015,2042.0,1430.0,1229.0,157.0,1
30,9,2015,2868.0,2238.0,1779.0,216.0,1
1,10,2015,4124.0,3109.0,2519.0,489.0,6
2,10,2015,5049.0,3348.0,3125.0,534.0,6
3,10,2015,5656.0,4172.0,3543.0,614.0,2
4,10,2015,5367.0,3985.0,3273.0,629.0,3
5,10,2015,5476.0,4020.0,3246.0,599.0,2
6,10,2015,4234.0,3134.0,2836.0,495.0,3
7,10,2015,5391.0,3801.0,3222.0,523.0,3
8,10,2015,6208.0,4203.0,3823.0,754.0,3
9,10,2015,5668.0,4063.0,3475.0,616.0,5
10,10,2015,5143.0,3726.0,3306.0,552.0,4
11,10,2015,4555.0,3452.0,3075.0,528.0,6
12,10,2015,6117.0,4506.0,3723.0,667.0,3
13,10,2015,2971.0,2198.0,1869.0,339.0,7
14,10,2015,4483.0,3240.0,2691.0,534.0,5
15,10,2015,5610.0,4140.0,3448.0,653.0,5
16,10,2015,3823.0,2625.0,2348.0,437.0,6
17,10,2015,4489.0,3497.0,2603.0,548.0,2
18,10,2015,5668.0,3940.0,3351.0,542.0,2
19,10,2015,4715.0,3388.0,2868.0,536.0,6
20,10,2015,5476.0,3908.0,3469.0,657.0,4
21,10,2015,5989.0,4022.0,3416.0,551.0,3
22,10,2015,5563.0,4140.0,3545.0,653.0,2
23,10,2015,5308.0,3581.0,3095.0,532.0,2
24,10,2015,5652.0,4120.0,3534.0,623.0,5
25,10,2015,4983.0,4115.0,3487.0,579.0,5
26,10,2015,4709.0,3371.0,2924.0,561.0,6
27,10,2015,4193.0,3013.0,2361.0,626.0,4
28,10,2015,4376.0,3200.0,2848.0,286.0,5
29,10,2015,4169.0,3115.0,2595.0,498.0,1
30,10,2015,4124.0,3164.0,2694.0,536.0,6
31,10,2015,4836.0,3542.0,3045.0,521.0,2
1,11,2015,4441.0,3127.0,2772.0,599.0,6
2,11,2015,6278.0,4865.0,4031.0,762.0,2
3,11,2015,6091.0,4203.0,3795.0,734.0,2
4,11,2015,3524.0,2482.0,2033.0,477.0,7
5,11,2015,6357.0,4452.0,3570.0,681.0,3
6,11,2015,4704.0,3452.0,2855.0,434.0,6
7,11,2015,5160.0,4059.0,3388.0,739.0,5
8,11,2015,4881.0,3350.0,2750.0,547.0,6
9,11,2015,4731.0,3366.0,2827.0,547.0,5
10,11,2015,5652.0,4231.0,3572.0,624.0,5
11,11,2015,5402.0,3988.0,3247.0,631.0,5
12,11,2015,3355.0,2482.0,2069.0,427.0,7
13,11,2015,5391.0,3929.0,3487.0,641.0,4
14,11,2015,5122.0,3808.0,3146.0,545.0,2
15,11,2015,4897.0,3357.0,2876.0,533.0,1
16,11,2015,5756.0,3975.0,3388.0,582.0,4
17,11,2015,5144.0,4136.0,3447.0,627.0,2
18,11,2015,5290.0,4059.0,3352.0,618.0,5
19,11,2015,5384.0,3669.0,3281.0,547.0,3
20,11,2015,6274.0,4275.0,3795.0,598.0,5
21,11,2015,5084.0,3808.0,3113.0,543.0,1
22,11,2015,5461.0,3778.0,3199.0,538.0,5
23,11,2015,5367.0,3737.0,3299.0,556.0,4
24,11,2015,5791.0,4048.0,3247.0,645.0,3
25,11,2015,5590.0,3931.0,3299.0,552.0,4
26,11,2015,4897.0,3357.0,2725.0,594.0,6
27,11,2015,5773.0,3917.0,3299.0,547.0,6
28,11,2015,5103.0,3714.0,3216.0,537.0,2
29,11,2015,4169.0,2922.0,2482.0,479.0,1
30,11,2015,5307.0,4205.0,3487.0,637.0,5
1,12,2015,2042.0,1489.0,1297.0,279.0,7
2,12,2015,5325.0,4163.0,3419.0,565.0,4
3,12,2015,5201.0,3839.0,3133.0,646.0,3
4,12,2015,5572.0,4240.0,3550.0,698.0,5
5,12,2015,4071.0,3273.0,2834.0,557.0,1
6,12,2015,3991.0,2773.0,2335.0,489.0,6
7,12,2015,5247.0,3983.0,3133.0,526.0,4
8,12,2015,5661.0,4021.0,3190.0,566.0,2
9,12,2015,5026.0,3628.0,3064.0,468.0,2
10,12,2015,1852.0,1222.0,1052.0,213.0,7
11,12,2015,5228.0,3869.0,3261.0,528.0,2
12,12,2015,4836.0,3365.0,2834.0,641.0,3
13,12,2015,2917.0,2034.0,1652.0,408.0,7
14,12,2015,6162.0,4375.0,3529.0,657.0,3
15,12,2015,1562.0,1186.0,1005.0,226.0,6
16,12,2015,6357.0,4983.0,3937.0,836.0,3
17,12,2015,5229.0,3869.0,3169.0,577.0,5
18,12,2015,5206.0,3967.0,3190.0,577.0,4
19,12,2015,4319.0,3381.0,2801.0,542.0,6
20,12,2015,5398.0,3988.0,3134.0,648.0,2
21,12,2015,5114.0,3510.0,3128.0,521.0,3
22,12,2015,5712.0,3988.0,3371.0,656.0,3
23,12,2015,5104.0,3767.0,3217.0,541.0,3
24,12,2015,4788.0,3959.0,3190.0,585.0,6
25,12,2015,6175.0,4375.0,3872.0,708.0,4
26,12,2015,4132.0,3236.0,2765.0,548.0,6
27,12,2015,1644.0,1105.0,836.0,197.0,7
28,12,2015,3454.0,2117.0,1825.0,375.0,1
29,12,2015,5814.0,4140.0,3620.0,665.0,4
30,12,2015,6046.0,4981.0,3747.0,648.0,4
31,12,2015,5103.0,3829.0,3385.0,605.0,6
1,1,2016,5228.0,3931.0,3266.0,643.0,4
2,1,2016,2279.0,1657.0,1393.0,254.0,7
3,1,2016,3931.0,2832.0,2459.0,565.0,1
4,1,2016,3933.0,2731.0,2338.0,565.0,3
5,1,2016,4390.0,3115.0,2739.0,589.0,5
6,1,2016,4222.0,3182.0,2559.0,611.0,4
7,1,2016,4169.0,3039.0,2561.0,534.0,5
8,1,2016,4924.0,3381.0,2853.0,568.0,3
9,1,2016,4048.0,2780.0,2377.0,617.0,2
10,1,2016,4724.0,3348.0,2737.0,667.0,4
11,1,2016,5571.0,3931.0,3232.0,687.0,2
12,1,2016,4073.0,2962.0,2463.0,532.0,3
13,1,2016,4411.0,3106.0,2679.0,618.0,3
14,1,2016,4180.0,3082.0,2482.0,495.0,4
15,1,2016,4143.0,3237.0,2595.0,556.0,1
16,1,2016,3179.0,2238.0,1848.0,384.0,1
17,1,2016,4881.0,3287.0,2766.0,670.0,4
18,1,2016,1658.0,1120.0,811.0,295.0,1
19,1,2016,3097.0,2127.0,1860.0,364.0,1
20,1,2016,4162.0,2914.0,2427.0,466.0,2
21,1,2016,3454.0,2476.0,2006.0,473.0,6
22,1,2016,2754.0,2189.0,1736.0,392.0,1
23,1,2016,7092.0,5025.0,689.0,908.0,3
24,1,2016,4483.0,3240.0,2688.0,588.0,5
25,1,2016,5266.0,3307.0,2812.0,631.0,4
26,1,2016,4205.0,3073.0,2456.0,568.0,3
27,1,2016,3936.0,2831.0,2362.0,574.0,6
28,1,2016,2293.0,1668.0,1479.0,300.0,7
29,1,2016,5181.0,3734.0,3127.0,565.0,4
30,1,2016,4696.0,3481.0,2735.0,664.0,4
31,1,2016,5495.0,39,3170.0,684.0,4
1,2,2016,5734.0,3822.0,3287.0,696.0,2
2,2,2016,5378.0,4322.0,3479.0,731.0,3
3,2,2016,4709.0,3179.0,2724.0,686.0,5
4,2,2016,5709.0,4147.0,3550.0,798.0,2
5,2,2016,3111.0,2263.0,1737.0,483.0,7
6,2,2016,4185.0,3197.0,2570.0,599.0,5
7,2,2016,4943.0,3737.0,3043.0,651.0,2
8,2,2016,4132.0,3179.0,2562.0,522.0,6
9,2,2016,5652.0,4147.0,3361.0,784.0,3
10,2,2016,3788.0,2715.0,2178.0,483.0,7
11,2,2016,3931.0,2948.0,2460.0,552.0,6
12,2,2016,4273.0,3026.0,2434.0,564.0,6
13,2,2016,5103.0,3940.0,3133.0,758.0,2
14,2,2016,5127.0,3856.0,3133.0,742.0,2
15,2,2016,5946.0,4226.0,3156.0,806.0,3
16,2,2016,5625.0,4127.0,3269.0,715.0,4
17,2,2016,4595.0,3144.0,2724.0,571.0,6
18,2,2016,3508.0,2494.0,2069.0,546.0,6
19,2,2016,4376.0,3189.0,2624.0,584.0,5
20,2,2016,5468.0,4203.0,3487.0,682.0,2
21,2,2016,5367.0,3759.0,3248.0,668.0,5
22,2,2016,4376.0,3486.0,2631.0,692.0,5
23,2,2016,3838.0,2827.0,2356.0,479.0,1
24,2,2016,5045.0,3621.0,3057.0,588.0,1
25,2,2016,4600.0,3465.0,29,598.0,5
26,2,2016,5281.0,3799.0,3008.0,656.0,3
27,2,2016,5366.0,3932.0,3232.0,731.0,2
28,2,2016,5804.0,4360.0,3134.0,784.0,2
29,2,2016,4791.0,3396.0,2869.0,684.0,5
1,3,2016,5308.0,3869.0,3156.0,594.0,5
2,3,2016,5398.0,4238.0,3646.0,737.0,4
3,3,2016,5089.0,3812.0,3244.0,624.0,5
4,3,2016,4555.0,3390.0,2701.0,594.0,6
5,3,2016,4595.0,3454.0,2744.0,679.0,5
6,3,2016,4903.0,3426.0,2775.0,657.0,2
7,3,2016,3524.0,2494.0,2037.0,393.0,1
8,3,2016,5652.0,3780.0,3045.0,727.0,4
9,3,2016,3841.0,2845.0,2239.0,573.0,1
10,3,2016,4958.0,3426.0,2898.0,708.0,5
11,3,2016,5879.0,4172.0,3469.0,710.0,5
12,3,2016,2943.0,2134.0,1824.0,575.0,6
13,3,2016,7161.0,5224.0,4216.0,866.0,3
14,3,2016,6702.0,4115.0,3398.0,837.0,3
15,3,2016,5084.0,3555.0,2936.0,675.0,5
16,3,2016,4943.0,3614.0,2914.0,730.0,5
17,3,2016,6145.0,4265.0,3298.0,782.0,3
18,3,2016,4702.0,3221.0,2714.0,483.0,2
19,3,2016,4083.0,3032.0,2504.0,624.0,6
20,3,2016,4788.0,3241.0,2719.0,688.0,6
21,3,2016,5786.0,3868.0,3197.0,560.0,2
22,3,2016,5752.0,4164.0,3385.0,905.0,4
23,3,2016,6108.0,4965.0,3770.0,909.0,3
24,3,2016,3354.0,2475.0,2069.0,457.0,1
25,3,2016,6378.0,4379.0,3385.0,814.0,4
26,3,2016,4800.0,3385.0,3024.0,593.0,3
27,3,2016,7369.0,4868.0,4106.0,824.0,4
28,3,2016,5033.0,3822.0,3026.0,755.0,5
29,3,2016,4415.0,3005.0,2508.0,476.0,1
30,3,2016,3650.0,2868.0,2448.0,481.0,1
31,3,2016,3790.0,2679.0,2248.0,470.0,1
1,4,2016,6826.0,4781.0,3918.0,842.0,5
2,4,2016,5290.0,3940.0,3192.0,727.0,3
3,4,2016,6581.0,4865.0,4062.0,836.0,2
4,4,2016,4746.0,3247.0,2631.0,688.0,6
5,4,2016,5931.0,4216.0,3460.0,877.0,5
6,4,2016,5804.0,3770.0,3258.0,772.0,3
7,4,2016,5885.0,4674.0,3385.0,905.0,4
8,4,2016,5692.0,4028.0,3299.0,742.0,5
9,4,2016,4225.0,3236.0,2521.0,576.0,1
10,4,2016,5710.0,4251.0,3685.0,744.0,4
11,4,2016,6349.0,4343.0,3714.0,783.0,4
12,4,2016,4357.0,3064.0,2439.0,547.0,1
13,4,2016,6287.0,4452.0,3872.0,742.0,2
14,4,2016,6551.0,4817.0,4013.0,877.0,4
15,4,2016,4542.0,2942.0,2344.0,676.0,1
16,4,2016,4936.0,3977.0,2995.0,708.0,5
17,4,2016,5371.0,3931.0,3133.0,769.0,6
18,4,2016,5349.0,4031.0,3490.0,642.0,6
19,4,2016,6836.0,4829.0,3967.0,825.0,4
20,4,2016,5238.0,4231.0,3787.0,685.0,5
21,4,2016,5569.0,4031.0,3133.0,642.0,5
22,4,2016,3454.0,2314.0,1833.0,434.0,7
23,4,2016,6222.0,4254.0,3442.0,956.0,2
24,4,2016,5756.0,4062.0,3426.0,857.0,5
25,4,2016,3225.0,2424.0,2114.0,503.0,7
26,4,2016,7605.0,5227.0,4120.0,987.0,3
27,4,2016,5906.0,4455.0,3597.0,752.0,4
28,4,2016,6300.0,4241.0,3475.0,794.0,3
29,4,2016,5759.0,40,3299.0,852.0,3
30,4,2016,5391.0,3926.0,3146.0,692.0,6
1,5,2016,4226.0,2961.0,2361.0,538.0,2
2,5,2016,5565.0,3931.0,3133.0,693.0,5
3,5,2016,6053.0,4702.0,3667.0,805.0,3
4,5,2016,6154.0,5338.0,4500.0,990.0,3
5,5,2016,4983.0,3465.0,2850.0,687.0,4
6,5,2016,5577.0,4159.0,3442.0,815.0,2
7,5,2016,5491.0,3895.0,3095.0,693.0,6
8,5,2016,2810.0,2064.0,1737.0,384.0,7
9,5,2016,5362.0,3970.0,3434.0,684.0,3
10,5,2016,3232.0,2377.0,1812.0,498.0,1
11,5,2016,6014.0,4674.0,3419.0,895.0,5
12,5,2016,6686.0,4207.0,3299.0,725.0,5
13,5,2016,5563.0,3557.0,2971.0,635.0,4
14,5,2016,5104.0,3711.0,3269.0,734.0,4
15,5,2016,4794.0,3396.0,2722.0,682.0,6
16,5,2016,4993.0,3669.0,2724.0,627.0,2
17,5,2016,4044.0,2811.0,2249.0,577.0,1
18,5,2016,5238.0,4070.0,3647.0,686.0,4
19,5,2016,6666.0,4108.0,3769.0,709.0,3
20,5,2016,5692.0,4015.0,3133.0,769.0,4
21,5,2016,4456.0,3642.0,2719.0,668.0,5
22,5,2016,6964.0,4134.0,4189.0,907.0,3
23,5,2016,4984.0,3430.0,2778.0,651.0,2
24,5,2016,2253.0,1668.0,1356.0,327.0,7
25,5,2016,3078.0,2046.0,1649.0,,7
26,5,2016,4687.0,3669.0,2968.0,694.0,6
27,5,2016,5568.0,4062.0,3385.0,723.0,4
28,5,2016,4896.0,3431.0,2771.0,693.0,5
29,5,2016,5527.0,4140.0,3514.0,742.0,4
30,5,2016,5652.0,4251.0,3487.0,729.0,5
31,5,2016,2420.0,1750.0,1318.0,320.0,7
1,6,2016,4205.0,2497.0,1999.0,522.0,4
2,6,2016,6170.0,4482.0,3487.0,842.0,5
3,6,2016,4595.0,3164.0,2513.0,624.0,2
4,6,2016,4309.0,3356.0,2616.0,679.0,5
5,6,2016,4731.0,3147.0,2692.0,589.0,3
6,6,2016,3960.0,2800.0,2226.0,564.0,2
7,6,2016,3477.0,2620.0,2121.0,527.0,4
8,6,2016,4482.0,3377.0,2727.0,624.0,5
9,6,2016,4338.0,3189.0,2397.0,646.0,3
10,6,2016,3045.0,2272.0,1777.0,469.0,6
11,6,2016,5599.0,3917.0,3039.0,771.0,5
12,6,2016,3840.0,2727.0,2164.0,564.0,6
13,6,2016,1277.0,923.0,781.0,182.0,7
14,6,2016,4114.0,2868.0,2324.0,523.0,5
15,6,2016,4029.0,2744.0,2243.0,596.0,2
16,6,2016,4482.0,3249.0,2595.0,673.0,4
17,6,2016,4376.0,3179.0,2490.0,649.0,2
18,6,2016,4358.0,2971.0,2247.0,624.0,5
19,6,2016,3947.0,2769.0,2288.0,568.0,5
20,6,2016,4222.0,3106.0,2489.0,594.0,4
21,6,2016,3724.0,2718.0,2265.0,528.0,6
22,6,2016,4881.0,3482.0,2797.0,599.0,4
23,6,2016,4055.0,2856.0,2157.0,536.0,2
24,6,2016,3134.0,2468.0,1842.0,482.0,7
25,6,2016,4178.0,3194.0,2459.0,668.0,5
26,6,2016,4767.0,3350.0,2790.0,677.0,5
27,6,2016,3179.0,2238.0,1736.0,468.0,1
28,6,2016,3570.0,2612.0,2126.0,497.0,3
29,6,2016,4576.0,2785.0,2262.0,639.0,5
30,6,2016,4169.0,3197.0,2561.0,631.0,1
1,7,2016,2146.0,1636.0,1319.0,270.0,1
2,7,2016,2344.0,1678.0,1366.0,382.0,6
3,7,2016,4774.0,3220.0,2681.0,657.0,2
4,7,2016,3486.0,2546.0,2070.0,452.0,6
5,7,2016,2260.0,1704.0,1423.0,394.0,7
6,7,2016,3739.0,2596.0,2078.0,538.0,5
7,7,2016,2820.0,2031.0,1579.0,463.0,1
8,7,2016,3132.0,2277.0,1701.0,459.0,5
9,7,2016,3827.0,2572.0,2133.0,500.0,5
10,7,2016,5104.0,3734.0,2186.0,696.0,3
11,7,2016,4584.0,2789.0,2203.0,597.0,3
12,7,2016,2354.0,1738.0,1346.0,313.0,1
13,7,2016,3053.0,2145.0,1736.0,482.0,6
14,7,2016,2934.0,2265.0,1715.0,355.0,1
15,7,2016,3456.0,2539.0,2068.0,557.0,6
16,7,2016,3443.0,2507.0,1940.0,463.0,6
17,7,2016,4477.0,2820.0,2381.0,624.0,2
18,7,2016,3791.0,2573.0,2074.0,537.0,3
19,7,2016,2440.0,1762.0,1393.0,368.0,1
20,7,2016,2401.0,1740.0,1366.0,340.0,7
21,7,2016,3179.0,2230.0,1849.0,487.0,6
22,7,2016,3353.0,2439.0,1890.0,432.0,6
23,7,2016,2433.0,1644.0,1324.0,363.0,6
24,7,2016,4416.0,2898.0,2377.0,552.0,6
25,7,2016,1197.0,895.0,681.0,204.0,7
26,7,2016,4082.0,2948.0,2439.0,589.0,2
27,7,2016,4325.0,2944.0,2391.0,596.0,5
28,7,2016,5089.0,3164.0,2815.0,618.0,5
29,7,2016,4277.0,2969.0,2239.0,627.0,4
30,7,2016,2715.0,1901.0,1552.0,408.0,7
31,7,2016,3132.0,2338.0,1770.0,477.0,4
1,8,2016,4416.0,2845.0,2272.0,536.0,3
2,8,2016,4277.0,3032.0,2490.0,615.0,5
3,8,2016,4366.0,3091.0,2457.0,665.0,4
4,8,2016,4049.0,2764.0,2166.0,588.0,2
5,8,2016,4584.0,3081.0,2553.0,647.0,5
6,8,2016,3795.0,2681.0,2171.0,598.0,5
7,8,2016,2763.0,1981.0,1564.0,457.0,1
8,8,2016,4205.0,2744.0,2191.0,576.0,2
9,8,2016,2248.0,1765.0,1503.0,266.0,7
10,8,2016,4322.0,3642.0,2556.0,627.0,5
11,8,2016,4794.0,3344.0,2788.0,571.0,2
12,8,2016,4114.0,2821.0,2134.0,551.0,5
13,8,2016,4376.0,3134.0,2559.0,596.0,4
14,8,2016,4993.0,3396.0,2763.0,699.0,2
15,8,2016,2592.0,1811.0,1552.0,349.0,1
16,8,2016,2469.0,1750.0,1463.0,426.0,6
17,8,2016,3746.0,2780.0,2266.0,545.0,4
18,8,2016,4172.0,2715.0,2272.0,606.0,5
19,8,2016,4138.0,2840.0,2361.0,624.0,4
20,8,2016,4081.0,2914.0,2438.0,577.0,2
21,8,2016,4118.0,2744.0,2285.0,648.0,3
22,8,2016,3898.0,2725.0,2118.0,565.0,5
23,8,2016,2288.0,1611.0,1266.0,276.0,1
24,8,2016,1602.0,930.0,997.0,206.0,7
25,8,2016,3378.0,2468.0,1963.0,385.0,1
26,8,2016,2739.0,2034.0,1663.0,368.0,1
27,8,2016,4748.0,3199.0,2639.0,692.0,4
28,8,2016,3523.0,2539.0,2075.0,468.0,5
29,8,2016,4716.0,3319.0,2775.0,563.0,3
30,8,2016,4420.0,3045.0,2359.0,599.0,4
31,8,2016,2743.0,1839.0,1490.0,468.0,6
1,9,2016,2153.0,1704.0,1536.0,249.0,7
2,9,2016,2636.0,1736.0,1477.0,330.0,5
3,9,2016,4106.0,2901.0,2361.0,561.0,6
4,9,2016,3779.0,2310.0,1933.0,470.0,6
5,9,2016,4924.0,3465.0,2815.0,664.0,4
6,9,2016,3510.0,2496.0,2082.0,471.0,4
7,9,2016,3890.0,2825.0,2364.0,536.0,5
8,9,2016,3391.0,2428.0,2006.0,415.0,1
9,9,2016,4234.0,3134.0,2556.0,621.0,3
10,9,2016,5324.0,4274.0,3522.0,667.0,4
11,9,2016,4709.0,3540.0,2941.0,649.0,5
12,9,2016,3605.0,2964.0,2460.0,564.0,5
13,9,2016,5668.0,4584.0,3437.0,735.0,5
14,9,2016,6274.0,4505.0,3993.0,837.0,4
15,9,2016,4357.0,2855.0,2191.0,547.0,5
16,9,2016,3454.0,2319.0,1963.0,447.0,6
17,9,2016,2511.0,1761.0,1448.0,333.0,7
18,9,2016,4104.0,3164.0,2530.0,564.0,3
19,9,2016,5791.0,4274.0,3795.0,747.0,3
20,9,2016,4376.0,3189.0,2543.0,564.0,2
21,9,2016,4379.0,3356.0,2622.0,607.0,5
22,9,2016,3625.0,2539.0,2056.0,509.0,6
23,9,2016,5884.0,4103.0,3540.0,647.0,3
24,9,2016,4709.0,3452.0,2973.0,641.0,3
25,9,2016,3621.0,2640.0,2143.0,440.0,5
26,9,2016,4897.0,3454.0,2725.0,644.0,3
27,9,2016,2344.0,1750.0,1434.0,328.0,7
28,9,2016,4688.0,3452.0,2407.0,648.0,5
29,9,2016,1852.0,1373.0,1083.0,291.0,7
30,9,2016,5712.0,4236.0,3646.0,907.0,4
1,10,2016,4171.0,2948.0,2459.0,477.0,1
2,10,2016,6226.0,4431.0,3572.0,771.0,4
3,10,2016,5476.0,3976.0,3263.0,584.0,2
4,10,2016,5680.0,4351.0,3442.0,643.0,4
5,10,2016,5690.0,4105.0,3319.0,710.0,3
6,10,2016,4767.0,4140.0,3419.0,668.0,2
7,10,2016,5104.0,3757.0,3133.0,656.0,5
8,10,2016,5756.0,4147.0,3522.0,636.0,2
9,10,2016,5491.0,4116.0,3431.0,716.0,2
10,10,2016,6145.0,4455.0,3795.0,837.0,3
11,10,2016,5705.0,4422.0,3545.0,744.0,5
12,10,2016,4834.0,3501.0,2942.0,577.0,1
13,10,2016,4082.0,2981.0,2436.0,524.0,1
14,10,2016,5608.0,4316.0,3529.0,748.0,3
15,10,2016,5063.0,3917.0,3348.0,580.0,2
16,10,2016,5341.0,3940.0,3452.0,754.0,5
17,10,2016,5717.0,4601.0,4001.0,877.0,2
18,10,2016,4031.0,2774.0,2163.0,534.0,5
19,10,2016,4520.0,3030.0,2477.0,528.0,6
20,10,2016,6108.0,4166.0,3398.0,782.0,5
21,10,2016,6501.0,4488.0,3426.0,787.0,5
22,10,2016,2882.0,2231.0,1835.0,308.0,1
23,10,2016,4482.0,3139.0,2669.0,528.0,6
24,10,2016,4205.0,2976.0,2121.0,596.0,6
25,10,2016,5127.0,4189.0,3273.0,725.0,1
26,10,2016,6124.0,4673.0,3448.0,721.0,2
27,10,2016,3936.0,2838.0,2426.0,473.0,6
28,10,2016,2281.0,1892.0,1471.0,324.0,7
29,10,2016,6264.0,4448.0,3487.0,769.0,3
30,10,2016,2388.0,1731.0,1391.0,324.0,7
31,10,2016,6058.0,4781.0,3788.0,769.0,4
1,11,2016,7659.0,5338.0,4136.0,908.0,3
2,11,2016,5331.0,4203.0,3522.0,780.0,5
3,11,2016,6278.0,4179.0,3550.0,877.0,5
4,11,2016,4234.0,3135.0,2494.0,545.0,6
5,11,2016,5665.0,4203.0,3396.0,734.0,2
6,11,2016,4453.0,3356.0,2663.0,627.0,4
7,11,2016,3514.0,2536.0,2136.0,477.0,7
8,11,2016,5496.0,4251.0,3442.0,769.0,5
9,11,2016,4787.0,3116.0,2553.0,636.0,5
10,11,2016,5247.0,3734.0,3053.0,629.0,6
11,11,2016,4398.0,3356.0,2699.0,645.0,6
12,11,2016,5127.0,3317.0,2744.0,588.0,3
13,11,2016,4113.0,2982.0,2361.0,547.0,6
14,11,2016,6659.0,4681.0,3385.0,918.0,4
15,11,2016,4187.0,3241.0,2518.0,594.0,1
16,11,2016,5127.0,3838.0,3188.0,654.0,6
17,11,2016,4465.0,2971.0,2377.0,643.0,6
18,11,2016,6818.0,4584.0,3398.0,905.0,2
19,11,2016,5667.0,4351.0,3722.0,666.0,5
20,11,2016,7094.0,4488.0,4119.0,919.0,2
21,11,2016,5206.0,4147.0,3448.0,679.0,4
22,11,2016,3064.0,2105.0,1760.0,468.0,7
23,11,2016,5571.0,4145.0,3640.0,734.0,3
24,11,2016,5051.0,3341.0,2724.0,597.0,1
25,11,2016,5668.0,4194.0,3557.0,679.0,5
26,11,2016,2419.0,1765.0,1348.0,299.0,7
27,11,2016,5656.0,4115.0,3795.0,724.0,2
28,11,2016,5398.0,4275.0,3337.0,693.0,5
29,11,2016,4688.0,3197.0,2570.0,624.0,6
30,11,2016,4147.0,3022.0,2441.0,618.0,6
1,12,2016,7190.0,5103.0,4216.0,907.0,3
2,12,2016,4983.0,3703.0,3095.0,624.0,6
3,12,2016,5398.0,3544.0,2917.0,649.0,6
4,12,2016,7369.0,4824.0,3942.0,830.0,3
5,12,2016,6957.0,4977.0,4169.0,888.0,3
6,12,2016,6222.0,4371.0,3385.0,947.0,6
7,12,2016,5786.0,4564.0,3487.0,819.0,3
8,12,2016,4162.0,2948.0,2344.0,532.0,1
9,12,2016,4309.0,2718.0,2191.0,547.0,1
10,12,2016,5181.0,3120.0,2561.0,591.0,2
11,12,2016,3505.0,2664.0,2186.0,522.0,4
12,12,2016,4273.0,3265.0,2834.0,584.0,1
13,12,2016,2664.0,1876.0,1443.0,344.0,7
14,12,2016,7190.0,4837.0,4059.0,987.0,3
15,12,2016,2288.0,1498.0,1177.0,358.0,2
16,12,2016,7300.0,669.0,4500.0,987.0,3
17,12,2016,5203.0,4086.0,3479.0,736.0,1
18,12,2016,4114.0,2825.0,2377.0,577.0,6
19,12,2016,5841.0,4140.0,3431.0,877.0,3
20,12,2016,7040.0,4488.0,3988.0,919.0,5
21,12,2016,6222.0,4488.0,3398.0,797.0,4
22,12,2016,5127.0,3760.0,3190.0,648.0,6
23,12,2016,3170.0,2142.0,1737.0,477.0,5
24,12,2016,4926.0,3988.0,3188.0,715.0,3
25,12,2016,3627.0,2807.0,2139.0,574.0,6
26,12,2016,5398.0,4460.0,3601.0,790.0,5
27,12,2016,6380.0,4983.0,4059.0,926.0,4
28,12,2016,2341.0,1657.0,1324.0,333.0,7
29,12,2016,4194.0,3134.0,2494.0,618.0,6
30,12,2016,6555.0,4290.0,3522.0,903.0,4
31,12,2016,4162.0,3082.0,2462.0,618.0,1
1,1,2017,2153.0,1611.0,1390.0,308.0,1
2,1,2017,4483.0,3013.0,2386.0,665.0,3
3,1,2017,3299.0,2231.0,1827.0,498.0,3
4,1,2017,2460.0,1869.0,1356.0,380.0,5
5,1,2017,3811.0,2795.0,2118.0,536.0,3
6,1,2017,4291.0,3127.0,1911.0,633.0,2
7,1,2017,2930.0,2143.0,1777.0,498.0,1
8,1,2017,2579.0,1710.0,1393.0,367.0,1
9,1,2017,1242.0,947.0,730.0,138.0,6
10,1,2017,4349.0,3125.0,2656.0,821.0,3
11,1,2017,2038.0,1431.0,11400.Of.Week,258.0,
12,1,2017,5139.0,3815.0,3019.0,694.0,2
13,1,2017,3479.0,2226.0,1812.0,598.0,4
14,1,2017,3823.0,2858.0,2191.0,549.0,5
15,1,2017,4774.0,3164.0,2784.0,651.0,5
16,1,2017,3906.0,2754.0,2391.0,468.0,3
17,1,2017,3355.0,2665.0,2133.0,435.0,2
18,1,2017,1777.0,1197.0,924.0,239.0,7
19,1,2017,2365.0,1677.0,1346.0,301.0,1
20,1,2017,3906.0,2919.0,2386.0,544.0,3
21,1,2017,3073.0,2103.0,1676.0,477.0,5
22,1,2017,3906.0,2678.0,2095.0,651.0,5
23,1,2017,3270.0,2111.0,1711.0,414.0,3
24,1,2017,2876.0,2145.0,1740.0,437.0,1
25,1,2017,2288.0,1661.0,1393.0,317.0,1
26,1,2017,4194.0,2904.0,2359.0,617.0,3
27,1,2017,2815.0,1819.0,1477.0,443.0,4
28,1,2017,2946.0,2073.0,1737.0,368.0,1
29,1,2017,4367.0,2925.0,2310.0,611.0,5
30,1,2017,2361.0,1797.0,1420.0,340.0,7
31,1,2017,3353.0,2141.0,1819.0,447.0,1
1,2,2017,4860.0,3695.0,3052.0,694.0,4
2,2,2017,2948.0,2165.0,1878.0,460.0,1
3,2,2017,4870.0,3371.0,2869.0,744.0,3
4,2,2017,4201.0,3196.0,2570.0,692.0,2
5,2,2017,4479.0,3039.0,2413.0,542.0,6
6,2,2017,4180.0,2794.0,2191.0,541.0,2
7,2,2017,2859.0,2066.0,1717.0,339.0,7
8,2,2017,2147.0,1538.0,1223.0,319.0,7
9,2,2017,3572.0,2536.0,2135.0,498.0,5
10,2,2017,3788.0,2506.0,2058.0,490.0,1
11,2,2017,4143.0,3454.0,2605.0,551.0,3
12,2,2017,2583.0,1837.0,1528.0,332.0,7
13,2,2017,2514.0,1812.0,1568.0,343.0,7
14,2,2017,2838.0,2032.0,1680.0,494.0,7
15,2,2017,4172.0,3094.0,2477.0,564.0,5
16,2,2017,2765.0,2277.0,1844.0,463.0,7
17,2,2017,4261.0,3291.0,2503.0,587.0,5
18,2,2017,3497.0,2856.0,2308.0,476.0,1
19,2,2017,4613.0,3366.0,2838.0,614.0,4
20,2,2017,4205.0,2963.0,2319.0,651.0,4
21,2,2017,4482.0,3143.0,2550.0,684.0,6
22,2,2017,4932.0,3482.0,2727.0,678.0,3
23,2,2017,4561.0,3396.0,2820.0,564.0,2
24,2,2017,2391.0,1655.0,1346.0,340.0,7
25,2,2017,4793.0,3481.0,2669.0,693.0,5
26,2,2017,2925.0,2094.0,1575.0,494.0,6
27,2,2017,4091.0,3245.0,2603.0,533.0,6
28,2,2017,4376.0,3116.0,2499.0,611.0,2
1,3,2017,2933.0,1995.0,1717.0,457.0,2
2,3,2017,5477.0,4424.0,3633.0,736.0,4
3,3,2017,4225.0,3106.0,2565.0,613.0,2
4,3,2017,3389.0,2310.0,1894.0,444.0,1
5,3,2017,3823.0,2786.0,2113.0,639.0,5
6,3,2017,4178.0,3452.0,2689.0,622.0,5
7,3,2017,3795.0,2699.0,2320.0,694.0,4
8,3,2017,4878.0,3307.0,2845.0,735.0,4
9,3,2017,4794.0,3390.0,2679.0,471.0,5
10,3,2017,1546.0,1099.0,851.0,228.0,7
11,3,2017,3851.0,2696.0,2210.0,556.0,4
12,3,2017,3936.0,2864.0,2335.0,590.0,4
13,3,2017,3148.0,2675.0,2163.0,544.0,6
14,3,2017,4477.0,3079.0,2456.0,649.0,3
15,3,2017,2481.0,1656.0,1229.0,323.0,7
16,3,2017,4162.0,2925.0,2390.0,590.0,6
17,3,2017,4124.0,3082.0,2401.0,617.0,5
18,3,2017,4734.0,3307.0,2838.0,686.0,5
19,3,2017,4787.0,3127.0,2566.0,546.0,4
20,3,2017,3497.0,2468.0,1907.0,437.0,7
21,3,2017,3572.0,2860.0,2312.0,564.0,6
22,3,2017,5804.0,4462.0,3514.0,784.0,3
23,3,2017,4349.0,3390.0,2612.0,694.0,2
24,3,2017,5028.0,3655.0,2945.0,747.0,5
25,3,2017,4627.0,3106.0,2555.0,675.0,3
26,3,2017,4156.0,3116.0,2622.0,684.0,5
27,3,2017,3292.0,2145.0,1736.0,443.0,1
28,3,2017,4398.0,3247.0,2653.0,621.0,4
29,3,2017,4477.0,3245.0,2570.0,613.0,4
30,3,2017,4585.0,3348.0,2797.0,710.0,5
31,3,2017,2925.0,2047.0,1663.0,437.0,6
1,4,2017,4787.0,3135.0,2576.0,599.0,5
2,4,2017,4595.0,3994.0,2969.0,613.0,2
3,4,2017,3590.0,2521.0,2214.0,456.0,5
4,4,2017,3409.0,2277.0,1756.0,577.0,4
5,4,2017,4482.0,3251.0,2624.0,694.0,2
6,4,2017,3871.0,2785.0,2203.0,599.0,5
7,4,2017,4194.0,3178.0,2566.0,736.0,2
8,4,2017,3397.0,2310.0,1856.0,559.0,6
9,4,2017,3868.0,2634.0,2056.0,576.0,5
10,4,2017,4403.0,3164.0,2570.0,624.0,2
11,4,2017,4709.0,3357.0,2595.0,694.0,3
12,4,2017,4555.0,3345.0,2776.0,694.0,6
13,4,2017,3232.0,2305.0,1856.0,567.0,6
14,4,2017,5104.0,4049.0,3133.0,822.0,5
15,4,2017,6278.0,4488.0,3522.0,833.0,3
16,4,2017,4059.0,2812.0,2255.0,523.0,2
17,4,2017,4960.0,3995.0,2978.0,758.0,5
18,4,2017,4147.0,3077.0,2403.0,485.0,2
19,4,2017,2694.0,1868.0,1538.0,430.0,7
20,4,2017,2878.0,2049.0,1627.0,575.0,6
21,4,2017,4972.0,3538.0,2957.0,668.0,3
22,4,2017,4643.0,3045.0,2455.0,653.0,5
23,4,2017,2147.0,1478.0,1101.0,332.0,7
24,4,2017,3893.0,2727.0,2338.0,596.0,3
25,4,2017,3648.0,2536.0,2001.0,439.0,7
26,4,2017,4205.0,3125.0,2660.0,686.0,1
27,4,2017,4994.0,3307.0,2713.0,603.0,2
28,4,2017,3155.0,2631.0,2271.0,471.0,1
29,4,2017,4498.0,3038.0,2439.0,593.0,6
30,4,2017,5638.0,4102.0,3430.0,789.0,3
1,5,2017,2934.0,2049.0,1597.0,374.0,7
2,5,2017,5735.0,4126.0,3385.0,755.0,2
3,5,2017,2070.0,1451.0,1231.0,302.0,1
4,5,2017,3316.0,2457.0,2033.0,567.0,6
5,5,2017,1831.0,1287.0,1020.0,290.0,6
6,5,2017,3567.0,2399.0,1875.0,561.0,6
7,5,2017,3539.0,2612.0,2226.0,527.0,6
8,5,2017,2978.0,2084.0,1543.0,491.0,7
9,5,2017,4379.0,2913.0,2377.0,611.0,2
10,5,2017,3132.0,2145.0,1763.0,477.0,6
11,5,2017,3524.0,2466.0,2058.0,517.0,1
12,5,2017,3675.0,2943.0,2347.0,547.0,2
13,5,2017,4421.0,3179.0,2669.0,602.0,2
14,5,2017,2353.0,1694.0,1372.0,330.0,7
15,5,2017,4787.0,2963.0,2374.0,602.0,2
16,5,2017,3489.0,2675.0,2135.0,498.0,1
17,5,2017,4027.0,2890.0,2342.0,533.0,2
18,5,2017,3844.0,2881.0,2335.0,588.0,1
19,5,2017,3897.0,2785.0,2233.0,584.0,2
20,5,2017,3994.0,2921.0,2395.0,591.0,3
21,5,2017,3524.0,2657.0,2164.0,547.0,2
22,5,2017,5477.0,3755.0,2942.0,725.0,2
23,5,2017,5331.0,4284.0,3572.0,814.0,2
24,5,2017,4767.0,3447.0,2885.0,736.0,5
25,5,2017,1523.0,1063.0,857.0,265.0,7
26,5,2017,2694.0,1892.0,1447.0,355.0,1
27,5,2017,4309.0,3147.0,2688.0,560.0,4
28,5,2017,5202.0,3760.0,3248.0,739.0,3
29,5,2017,3555.0,2259.0,1874.0,528.0,6
30,5,2017,5127.0,3790.0,2957.0,729.0,3
31,5,2017,3633.0,2633.0,2166.0,631.0,4
1,6,2017,2948.0,2105.0,1649.0,463.0,6
2,6,2017,2851.0,2081.0,1539.0,487.0,5
3,6,2017,2621.0,1843.0,1463.0,408.0,2
4,6,2017,2990.0,2238.0,1778.0,502.0,6
5,6,2017,3132.0,2325.0,1811.0,498.0,3
6,6,2017,3928.0,2962.0,2312.0,587.0,3
7,6,2017,2950.0,2069.0,1581.0,491.0,6
8,6,2017,3025.0,2026.0,1610.0,599.0,6
9,6,2017,4185.0,3005.0,2310.0,538.0,2
10,6,2017,3524.0,2620.0,2075.0,548.0,2
11,6,2017,3053.0,2094.0,1710.0,467.0,6
12,6,2017,3571.0,2667.0,2087.0,489.0,5
13,6,2017,2686.0,1834.0,1419.0,468.0,6
14,6,2017,2422.0,1678.0,1208.0,343.0,1
15,6,2017,2149.0,1663.0,1150.0,459.0,1
16,6,2017,3766.0,2663.0,2058.0,528.0,3
17,6,2017,3995.0,2881.0,2249.0,491.0,2
18,6,2017,2899.0,2199.0,1663.0,477.0,6
19,6,2017,2959.0,2078.0,1663.0,463.0,2
20,6,2017,3628.0,2596.0,2069.0,556.0,3
21,6,2017,3479.0,2744.0,2178.0,519.0,5
22,6,2017,3425.0,2338.0,1770.0,465.0,6
23,6,2017,4029.0,2656.0,2256.0,589.0,6
24,6,2017,2948.0,2105.0,1710.0,491.0,6
25,6,2017,4475.0,3250.0,2613.0,685.0,3
26,6,2017,4244.0,2855.0,2166.0,602.0,5
27,6,2017,4193.0,2959.0,2325.0,624.0,5
28,6,2017,4071.0,2849.0,2172.0,586.0,2
29,6,2017,2583.0,1760.0,1451.0,367.0,7
30,6,2017,1546.0,1039.0,876.0,231.0,7
1,7,2017,2395.0,1613.0,1244.0,289.0,6
2,7,2017,1780.0,1355.0,1197.0,216.0,7
3,7,2017,4688.0,3164.0,2501.0,632.0,3
4,7,2017,2401.0,1420.0,1161.0,368.0,1
5,7,2017,2995.0,2095.0,1519.0,372.0,6
6,7,2017,2670.0,1859.0,1523.0,444.0,6
7,7,2017,2401.0,1826.0,1463.0,370.0,1
8,7,2017,1447.0,1090.0,997.0,223.0,7
9,7,2017,3354.0,2196.0,2006.0,488.0,4
10,7,2017,2147.0,1410.0,1169.0,482.0,2
11,7,2017,2111.0,1567.0,1298.0,348.0,1
12,7,2017,2469.0,1562.0,1279.0,282.0,1
13,7,2017,2379.0,1634.0,1346.0,340.0,2
14,7,2017,2948.0,2026.0,1543.0,440.0,3
15,7,2017,3539.0,2660.0,2150.0,575.0,4
16,7,2017,4087.0,2898.0,2285.0,587.0,2
17,7,2017,2948.0,2031.0,1575.0,435.0,2
18,7,2017,3928.0,2669.0,2262.0,536.0,5
19,7,2017,4138.0,3214.0,2657.0,676.0,5
20,7,2017,2522.0,1704.0,1374.0,344.0,1
21,7,2017,3423.0,2667.0,2070.0,689.0,3
22,7,2017,2959.0,2126.0,1602.0,407.0,4
23,7,2017,2341.0,1634.0,1279.0,328.0,1
24,7,2017,2639.0,1884.0,1452.0,447.0,4
25,7,2017,2869.0,2097.0,1429.0,494.0,2
26,7,2017,3132.0,2238.0,1772.0,483.0,6
27,7,2017,2838.0,2153.0,1561.0,452.0,2
28,7,2017,1546.0,1071.0,886.0,261.0,1
29,7,2017,1603.0,1142.0,811.0,230.0,7
30,7,2017,2217.0,1538.0,1169.0,340.0,1
31,7,2017,3581.0,2625.0,2172.0,551.0,3
1,8,2017,2248.0,1488.0,1060.0,348.0,5
2,8,2017,3541.0,2506.0,2011.0,477.0,4
3,8,2017,2639.0,2032.0,1575.0,422.0,2
4,8,2017,2667.0,1721.0,1496.0,475.0,6
5,8,2017,1523.0,1178.0,944.0,239.0,1
6,8,2017,3866.0,2795.0,2226.0,567.0,5
7,8,2017,1730.0,1076.0,891.0,265.0,1
8,8,2017,2733.0,2094.0,1591.0,475.0,3
9,8,2017,4178.0,2675.0,2060.0,589.0,3
10,8,2017,2350.0,1633.0,1214.0,368.0,1
11,8,2017,4224.0,2836.0,2178.0,596.0,4
12,8,2017,3277.0,2536.0,2044.0,538.0,2
13,8,2017,2636.0,2012.0,1511.0,434.0,6
14,8,2017,3973.0,3200.0,2511.0,649.0,5
15,8,2017,2395.0,1741.0,1398.0,324.0,1
16,8,2017,1355.0,958.0,725.0,201.0,1
17,8,2017,1411.0,1237.0,944.0,216.0,7
18,8,2017,3567.0,2545.0,,486.0,4
19,8,2017,1969.0,1478.0,1021.0,283.0,1
20,8,2017,3286.0,2127.0,1818.0,459.0,4
21,8,2017,2481.0,1749.0,1379.0,333.0,6
22,8,2017,2437.0,1704.0,1374.0,366.0,6
23,8,2017,1752.0,1168.0,930.0,203.0,7
24,8,2017,2508.0,1644.0,1379.0,358.0,2
25,8,2017,2721.0,1790.0,1419.0,428.0,1
26,8,2017,3497.0,2443.0,1922.0,484.0,2
27,8,2017,1265.0,908.0,792.0,228.0,7
28,8,2017,2437.0,1636.0,1399.0,353.0,6
29,8,2017,2799.0,1892.0,1419.0,490.0,2
30,8,2017,2961.0,2238.0,1652.0,488.0,3
31,8,2017,2344.0,1788.0,1231.0,401.0,2
1,9,2017,3698.0,2349.0,1891.0,454.0,6
2,9,2017,3501.0,2528.0,2049.0,545.0,5
3,9,2017,3098.0,2266.0,1750.0,495.0,4
4,9,2017,4118.0,3115.0,2543.0,473.0,6
5,9,2017,4187.0,3165.0,2620.0,594.0,2
6,9,2017,3111.0,2231.0,1812.0,502.0,4
7,9,2017,3355.0,2472.0,2248.0,463.0,5
8,9,2017,3580.0,2415.0,2014.0,467.0,5
9,9,2017,2431.0,2028.0,1517.0,286.0,6
10,9,2017,2737.0,2263.0,1876.0,349.0,6
11,9,2017,3572.0,2614.0,2136.0,471.0,2
12,9,2017,3089.0,2436.0,2035.0,488.0,1
13,9,2017,2186.0,1694.0,1204.0,283.0,1
14,9,2017,1777.0,1211.0,1074.0,258.0,1
15,9,2017,3698.0,2367.0,1827.0,488.0,4
16,9,2017,2933.0,2066.0,1555.0,494.0,2
17,9,2017,2221.0,1498.0,1214.0,223.0,1
18,9,2017,1742.0,1360.0,1145.0,225.0,7
19,9,2017,4668.0,3365.0,2875.0,496.0,3
20,9,2017,4277.0,2923.0,2479.0,533.0,3
21,9,2017,2481.0,1884.0,1463.0,288.0,6
22,9,2017,3485.0,2305.0,1894.0,48,4
23,9,2017,3497.0,2401.0,2043.0,494.0,5
24,9,2017,3390.0,2394.0,1814.0,438.0,3
25,9,2017,2481.0,1722.0,1348.0,370.0,1
26,9,2017,3966.0,2660.0,2255.0,528.0,6
27,9,2017,3345.0,2366.0,1922.0,519.0,4
28,9,2017,2422.0,1741.0,1496.0,348.0,6
29,9,2017,2361.0,1843.0,1579.0,409.0,1
30,9,2017,3599.0,2598.0,2249.0,560.0,5
1,10,2017,3524.0,2482.0,2071.0,444.0,6
2,10,2017,4106.0,3039.0,2429.0,538.0,3
3,10,2017,3346.0,2381.0,1809.0,417.0,1
4,10,2017,4106.0,2977.0,2348.0,559.0,3
5,10,2017,4223.0,2994.0,2382.0,441.0,4
6,10,2017,4403.0,3249.0,2574.0,624.0,4
7,10,2017,2383.0,1717.0,1481.0,348.0,6
8,10,2017,5084.0,3475.0,2840.0,724.0,4
9,10,2017,2859.0,2249.0,1864.0,471.0,6
10,10,2017,4162.0,3365.0,2908.0,469.0,2
11,10,2017,4376.0,3106.0,2605.0,563.0,2
12,10,2017,5333.0,3767.0,3049.0,634.0,3
13,10,2017,4379.0,3356.0,2628.0,579.0,2
14,10,2017,4153.0,3381.0,2784.0,528.0,6
15,10,2017,3841.0,2733.0,2255.0,551.0,5
16,10,2017,2458.0,1715.0,1446.0,354.0,6
17,10,2017,3637.0,2595.0,2056.0,465.0,6
18,10,2017,2468.0,1749.0,1393.0,330.0,7
19,10,2017,2901.0,2308.0,1833.0,463.0,5
20,10,2017,4178.0,3173.0,2660.0,588.0,6
21,10,2017,4171.0,3484.0,2720.0,545.0,2
22,10,2017,5692.0,4340.0,3550.0,717.0,2
23,10,2017,3177.0,2573.0,2262.0,468.0,1
24,10,2017,3539.0,2630.0,2032.0,502.0,6
25,10,2017,3660.0,2852.0,2304.0,554.0,6
26,10,2017,2458.0,1884.0,1417.0,324.0,7
27,10,2017,3054.0,2264.0,1839.0,368.0,1
28,10,2017,4376.0,3135.0,2519.0,545.0,4
29,10,2017,4273.0,3255.0,2620.0,575.0,6
30,10,2017,3912.0,2833.0,2249.0,599.0,5
31,10,2017,3501.0,2534.0,2040.0,496.0,3
1,11,2017,4477.0,3186.0,2479.0,628.0,2
2,11,2017,3141.0,2383.0,1844.0,494.0,4
3,11,2017,2353.0,1797.0,1436.0,389.0,7
4,11,2017,4550.0,3236.0,2601.0,534.0,1
5,11,2017,2253.0,1583.0,1283.0,348.0,7
6,11,2017,2948.0,2105.0,1628.0,496.0,7
7,11,2017,4232.0,3194.0,2555.0,725.0,3
8,11,2017,4159.0,2675.0,2186.0,564.0,4
9,11,2017,4147.0,3047.0,2482.0,501.0,5
10,11,2017,3007.0,2034.0,1737.0,447.0,6
11,11,2017,4414.0,3106.0,2482.0,611.0,3
12,11,2017,4138.0,2927.0,2367.0,589.0,6
13,11,2017,4187.0,3134.0,2513.0,579.0,4
14,11,2017,3270.0,2224.0,1760.0,489.0,6
15,11,2017,4137.0,3005.0,2489.0,636.0,4
16,11,2017,3292.0,2675.0,2103.0,598.0,6
17,11,2017,6163.0,4059.0,3646.0,712.0,5
18,11,2017,3456.0,2428.0,2075.0,477.0,5
19,11,2017,2824.0,2349.0,1827.0,477.0,1
20,11,2017,4721.0,3241.0,2772.0,694.0,3
21,11,2017,4357.0,3497.0,2838.0,747.0,4
22,11,2017,3851.0,2925.0,2387.0,599.0,3
23,11,2017,4159.0,3357.0,2595.0,649.0,4
24,11,2017,5182.0,3507.0,3073.0,628.0,3
25,11,2017,6154.0,4488.0,3398.0,834.0,2
26,11,2017,2263.0,1534.0,1204.0,327.0,7
27,11,2017,3027.0,2186.0,1660.0,437.0,6
28,11,2017,5369.0,4032.0,3182.0,811.0,3
29,11,2017,3898.0,2812.0,2283.0,577.0,6
30,11,2017,4595.0,3447.0,2834.0,604.0,6
1,12,2017,1829.0,1311.0,1063.0,244.0,1
2,12,2017,3973.0,3106.0,2491.0,552.0,5
3,12,2017,3841.0,2821.0,2255.0,634.0,5
4,12,2017,2460.0,1770.0,1429.0,340.0,5
5,12,2017,3959.0,2667.0,2118.0,577.0,5
6,12,2017,2481.0,1797.0,1318.0,354.0,3
7,12,2017,3350.0,2561.0,2248.0,552.0,5
8,12,2017,3795.0,2657.0,2999.0,545.0,5
9,12,2017,4636.0,3381.0,2697.0,657.0,5
10,12,2017,2571.0,1843.0,1416.0,388.0,2
11,12,2017,3159.0,2428.0,1833.0,509.0,6
12,12,2017,1715.0,1090.0,809.0,226.0,6
13,12,2017,4269.0,3120.0,2498.0,604.0,4
14,12,2017,4153.0,3441.0,2620.0,677.0,4
15,12,2017,2565.0,1864.0,1463.0,442.0,7
16,12,2017,1523.0,1071.0,876.0,243.0,4
17,12,2017,4187.0,3010.0,1818.0,692.0,4
18,12,2017,3359.0,2462.0,1890.0,464.0,5
19,12,2017,4091.0,2749.0,2298.0,660.0,2
20,12,2017,1828.0,1289.0,951.0,231.0,1
21,12,2017,3795.0,2468.0,2025.0,388.0,1
22,12,2017,4127.0,3226.0,2400.0,675.0,4
23,12,2017,2042.0,1271.0,1090.0,257.0,7
24,12,2017,5677.0,4189.0,3316.0,815.0,2
25,12,2017,2388.0,1645.0,1284.0,332.0,3
26,12,2017,4475.0,3127.0,2629.0,648.0,2
27,12,2017,2082.0,1494.0,1108.0,276.0,5
28,12,2017,4358.0,3049.0,2457.0,613.0,3
29,12,2017,3662.0,2508.0,1827.0,447.0,5
30,12,2017,1736.0,1305.0,1071.0,228.0,1
31,12,2017,3024.0,2140.0,1780.0,526.0,6
1,1,2018,3232.0,1825.0,1373.0,411.0,7
2,1,2018,4031.0,2692.0,2127.0,437.0,2
3,1,2018,5440.0,3702.0,2942.0,685.0,4
4,1,2018,3604.0,2435.0,1930.0,441.0,6
5,1,2018,4180.0,2671.0,2133.0,588.0,5
6,1,2018,3831.0,2351.0,1891.0,477.0,5
7,1,2018,5895.0,441.0,3419.0,736.0,4
8,1,2018,4182.0,3049.0,2595.0,545.0,5
9,1,2018,3716.0,2657.0,2191.0,456.0,5
10,1,2018,4154.0,2871.0,2230.0,541.0,5
11,1,2018,5879.0,4134.0,3592.0,773.0,3
12,1,2018,4483.0,2625.0,2243.0,589.0,6
13,1,2018,4143.0,3021.0,2592.0,522.0,3
14,1,2018,4106.0,2727.0,2338.0,565.0,6
15,1,2018,4907.0,3396.0,2853.0,597.0,3
16,1,2018,2469.0,1754.0,1495.0,321.0,7
17,1,2018,3234.0,2181.0,1856.0,471.0,6
18,1,2018,2344.0,1678.0,1354.0,299.0,7
19,1,2018,3506.0,2424.0,1947.0,463.0,5
20,1,2018,5730.0,4081.0,3298.0,695.0,4
21,1,2018,4205.0,2694.0,2121.0,535.0,6
22,1,2018,2147.0,1420.0,1299.0,261.0,7
23,1,2018,2344.0,1544.0,1204.0,318.0,6
24,1,2018,1829.0,1265.0,938.0,220.0,7
25,1,2018,3292.0,2415.0,1733.0,477.0,6
26,1,2018,5652.0,4062.0,3350.0,710.0,3
27,1,2018,4317.0,2961.0,2427.0,542.0,1
28,1,2018,3188.0,2139.0,1693.0,498.0,6
29,1,2018,4860.0,3452.0,2739.0,659.0,5
30,1,2018,5145.0,3143.0,2942.0,578.0,3
31,1,2018,2581.0,1754.0,1319.0,334.0,7
1,2,2018,5131.0,3341.0,2917.0,621.0,3
2,2,2018,4994.0,3197.0,2491.0,649.0,4
3,2,2018,5160.0,3452.0,2850.0,593.0,6
4,2,2018,359s,2308.0,1811.0,489.0,1
5,2,2018,4498.0,3135.0,2766.0,552.0,5
6,2,2018,4172.0,2718.0,2226.0,541.0,6
7,2,2018,6291.0,5136.0,3701.0,780.0,2
8,2,2018,2815.0,1812.0,1474.0,463.0,1
9,2,2018,4174.0,2971.0,2566.0,543.0,6
10,2,2018,4551.0,3341.0,2727.0,542.0,4
11,2,2018,5909.0,4147.0,3640.0,715.0,4
12,2,2018,4448.0,3387.0,2712.0,594.0,6
13,2,2018,5712.0,3995.0,3146.0,782.0,4
14,2,2018,6162.0,4300.0,3599.0,852.0,3
15,2,2018,5565.0,3711.0,3082.0,671.0,4
16,2,2018,6834.0,4164.0,4019.0,814.0,4
17,2,2018,5378.0,3803.0,3379.0,639.0,4
18,2,2018,5237.0,3348.0,2833.0,617.0,5
19,2,2018,6208.0,4264.0,3645.0,754.0,2
20,2,2018,6392.0,4351.0,3443.0,692.0,3
21,2,2018,5167.0,3682.0,3146.0,693.0,3
22,2,2018,4234.0,3115.0,2566.0,571.0,5
23,2,2018,4477.0,3115.0,2538.0,476.0,1
24,2,2018,4732.0,3519.0,2850.0,577.0,1
25,2,2018,4319.0,2657.0,2262.0,473.0,1
26,2,2018,4955.0,3481.0,2957.0,574.0,5
27,2,2018,2297.0,1562.0,1347.0,263.0,7
28,2,2018,5289.0,3287.0,2638.0,442.0,2
1,3,2018,3223.0,2299.0,1812.0,394.0,1
2,3,2018,5378.0,3793.0,3385.0,598.0,5
3,3,2018,6291.0,4181.0,3336.0,685.0,5
4,3,2018,6154.0,4345.0,3714.0,761.0,2
5,3,2018,5970.0,4455.0,3419.0,691.0,2
6,3,2018,4010.0,2952.0,2121.0,594.0,3
7,3,2018,4366.0,2864.0,2248.0,472.0,6
8,3,2018,6264.0,4424.0,3640.0,712.0,4
9,3,2018,4793.0,3077.0,2402.0,495.0,6
10,3,2018,5732.0,3917.0,3226.0,646.0,4
11,3,2018,5721.0,4059.0,3379.0,710.0,5
12,3,2018,6360.0,4249.0,3647.0,725.0,2
13,3,2018,4893.0,3348.0,2622.0,594.0,6
14,3,2018,4571.0,3385.0,2787.0,624.0,3
15,3,2018,4127.0,2911.0,2457.0,588.0,1
16,3,2018,6264.0,4071.0,3247.0,771.0,3
17,3,2018,4619.0,3387.0,2595.0,686.0,5
18,3,2018,5814.0,4645.0,3797.0,735.0,2
19,3,2018,4319.0,2674.0,2139.0,488.0,6
20,3,2018,6239.0,4424.0,3700.0,623.0,2
21,3,2018,4788.0,3440.0,2878.0,599.0,5
22,3,2018,4398.0,3106.0,2471.0,594.0,5
23,3,2018,6078.0,4240.0,3572.0,794.0,4
24,3,2018,4482.0,3135.0,2592.0,522.0,6
25,3,2018,5590.0,3764.0,3372.0,686.0,5
26,3,2018,5397.0,3762.0,3146.0,697.0,5
27,3,2018,5601.0,3796.0,3177.0,693.0,2
28,3,2018,4244.0,2914.0,2386.0,541.0,6
29,3,2018,4398.0,3265.0,2601.0,542.0,1
30,3,2018,2876.0,1759.0,1296.0,335.0,7
31,3,2018,3390.0,2364.0,1907.0,488.0,1
1,4,2018,6372.0,4264.0,3795.0,762.0,2
2,4,2018,6094.0,4108.0,3573.0,703.0,3
3,4,2018,6940.0,4379.0,3581.0,688.0,5
4,4,2018,6566.0,4482.0,3926.0,803.0,5
5,4,2018,5585.0,3971.0,3306.0,694.0,5
6,4,2018,5400.0,3764.0,3146.0,685.0,5
7,4,2018,5687.0,3917.0,3298.0,679.0,1
8,4,2018,4230.0,3178.0,2595.0,556.0,1
9,4,2018,6240.0,4522.0,3391.0,686.0,5
10,4,2018,5895.0,4265.0,3534.0,694.0,2
11,4,2018,5906.0,4147.0,3402.0,709.0,4
12,4,2018,5366.0,3726.0,3095.0,708.0,6
13,4,2018,6264.0,4522.0,3781.0,688.0,2
14,4,2018,4156.0,3189.0,2657.0,588.0,1
15,4,2018,4338.0,3082.0,2479.0,588.0,1
16,4,2018,7105.0,4724.0,3909.0,814.0,3
17,4,2018,4984.0,3424.0,2737.0,758.0,5
18,4,2018,3346.0,2249.0,1709.0,490.0,7
19,4,2018,5668.0,3929.0,3387.0,710.0,5
20,4,2018,5791.0,3832.0,3246.0,739.0,6
21,4,2018,4477.0,2954.0,2457.0,633.0,5
22,4,2018,5668.0,3454.0,2901.0,714.0,5
23,4,2018,4127.0,2870.0,2191.0,584.0,1
24,4,2018,7369.0,5378.0,4240.0,832.0,3
25,4,2018,6783.0,4592.0,3766.0,687.0,3
26,4,2018,3920.0,2494.0,2078.0,523.0,6
27,4,2018,6059.0,4105.0,3442.0,685.0,2
28,4,2018,6361.0,4238.0,3743.0,897.0,2
29,4,2018,4459.0,2882.0,2348.0,482.0,1
30,4,2018,4896.0,3147.0,2747.0,538.0,1
1,5,2018,5422.0,3940.0,3368.0,758.0,4
2,5,2018,5122.0,3667.0,3005.0,656.0,5
3,5,2018,6392.0,4207.0,3578.0,824.0,4
4,5,2018,4240.0,2774.0,2133.0,563.0,6
5,5,2018,6373.0,4672.0,3438.0,762.0,2
6,5,2018,4376.0,3134.0,2679.0,577.0,6
7,5,2018,4010.0,2844.0,2249.0,473.0,1
8,5,2018,5206.0,3340.0,2727.0,646.0,5
9,5,2018,3132.0,2267.0,1878.0,479.0,6
10,5,2018,4482.0,3454.0,2656.0,611.0,6
11,5,2018,5692.0,4060.0,3379.0,708.0,4
12,5,2018,6264.0,4596.0,3509.0,837.0,2
13,5,2018,4794.0,3251.0,2792.0,614.0,3
14,5,2018,4625.0,2770.0,2259.0,579.0,6
15,5,2018,4993.0,3164.0,2513.0,589.0,5
16,5,2018,4376.0,3057.0,2595.0,475.0,1
17,5,2018,4048.0,2693.0,2191.0,489.0,1
18,5,2018,1896.0,1142.0,1097.0,229.0,7
19,5,2018,6092.0,4254.0,3442.0,745.0,4
20,5,2018,5400.0,3694.0,2810.0,715.0,2
21,5,2018,3370.0,2366.0,1818.0,538.0,5
22,5,2018,6510.0,4105.0,3672.0,751.0,3
23,5,2018,5407.0,3949.0,3306.0,694.0,5
24,5,2018,5094.0,3454.0,2815.0,635.0,5
25,5,2018,5510.0,3665.0,2935.0,749.0,4
26,5,2018,5089.0,3484.0,2689.0,686.0,6
27,5,2018,6226.0,3711.0,3095.0,849.0,5
28,5,2018,3841.0,2694.0,2338.0,393.0,1
29,5,2018,4785.0,3485.0,2713.0,611.0,3
30,5,2018,3754.0,2534.0,2071.0,547.0,1
31,5,2018,6576.0,4060.0,3352.0,733.0,3
1,6,2018,4479.0,3025.0,2435.0,489.0,2
2,6,2018,4903.0,3292.0,2624.0,574.0,5
3,6,2018,2934.0,1999.0,1663.0,368.0,1
4,6,2018,5033.0,2794.0,2188.0,577.0,4
5,6,2018,4555.0,3059.0,2457.0,581.0,3
6,6,2018,5094.0,3447.0,2778.0,593.0,3
7,6,2018,3504.0,2386.0,1866.0,537.0,2
8,6,2018,4104.0,2812.0,2263.0,596.0,4
9,6,2018,5400.0,3307.0,2899.0,598.0,3
10,6,2018,2971.0,1928.0,1575.0,448.0,2
11,6,2018,4787.0,3188.0,2688.0,627.0,3
12,6,2018,4398.0,3145.0,2610.0,602.0,2
13,6,2018,5895.0,3824.0,3246.0,794.0,5
14,6,2018,3796.0,2579.0,2335.0,462.0,2
15,6,2018,4106.0,2800.0,2310.0,651.0,3
16,6,2018,4482.0,3106.0,2566.0,614.0,3
17,6,2018,3228.0,2140.0,1812.0,447.0,6
18,6,2018,3810.0,2660.0,2239.0,538.0,5
19,6,2018,7105.0,4865.0,4078.0,907.0,3
20,6,2018,4269.0,2727.0,2188.0,651.0,4
21,6,2018,2226.0,1544.0,1299.0,323.0,7
22,6,2018,2460.0,1647.0,1310.0,319.0,7
23,6,2018,3371.0,2140.0,1790.0,422.0,1
24,6,2018,4595.0,3241.0,2679.0,572.0,5
25,6,2018,5226.0,3441.0,2616.0,694.0,5
26,6,2018,2824.0,2096.0,1539.0,427.0,1
27,6,2018,4896.0,2945.0,2479.0,686.0,3
28,6,2018,3949.0,2620.0,2074.0,586.0,5
29,6,2018,4029.0,2785.0,2290.0,561.0,5
30,6,2018,4767.0,3370.0,2793.0,598.0,2
1,7,2018,3571.0,2140.0,1772.0,468.0,4
2,7,2018,4082.0,2805.0,2211.0,537.0,3
3,7,2018,1913.0,1266.0,1069.0,315.0,7
4,7,2018,4044.0,2771.0,2278.0,522.0,6
5,7,2018,3232.0,2374.0,1833.0,463.0,6
6,7,2018,4143.0,2579.0,2118.0,462.0,1
7,7,2018,3966.0,2630.0,2267.0,509.0,4
8,7,2018,4097.0,2699.0,2255.0,545.0,2
9,7,2018,3501.0,2361.0,1887.0,468.0,6
10,7,2018,4026.0,2657.0,2075.0,495.0,5
11,7,2018,2247.0,1447.0,1060.0,301.0,7
12,7,2018,3277.0,2320.0,1827.0,464.0,1
13,7,2018,3198.0,2237.0,1892.0,508.0,6
14,7,2018,4205.0,2812.0,2290.0,604.0,2
15,7,2018,4023.0,2145.0,1789.0,474.0,3
16,7,2018,3325.0,2400.0,2000.0,435.0,6
17,7,2018,1530.0,1147.0,809.0,261.0,1
18,7,2018,1864.0,1229.0,946.0,269.0,7
19,7,2018,3391.0,2237.0,1772.0,473.0,6
20,7,2018,3481.0,2143.0,1809.0,288.0,7
21,7,2018,4244.0,2881.0,2095.0,564.0,2
22,7,2018,4171.0,2812.0,2114.0,622.0,4
23,7,2018,2181.0,1373.0,1141.0,268.0,1
24,7,2018,3371.0,2179.0,1856.0,462.0,5
25,7,2018,1859.0,1265.0,1087.0,255.0,7
26,7,2018,4498.0,3251.0,2595.0,694.0,4
27,7,2018,3812.0,2746.0,2233.0,622.0,3
28,7,2018,2659.0,1857.0,1555.0,341.0,1
29,7,2018,4205.0,2882.0,2087.0,563.0,4
30,7,2018,4032.0,2845.0,2186.0,533.0,3
31,7,2018,4398.0,2534.0,2095.0,617.0,2
1,8,2018,3913.0,2620.0,2143.0,498.0,5
2,8,2018,1815.0,1240.0,958.0,231.0,7
3,8,2018,3132.0,2145.0,1721.0,463.0,6
4,8,2018,3936.0,2718.0,2127.0,569.0,4
5,8,2018,4312.0,2925.0,2203.0,589.0,4
6,8,2018,3793.0,2789.0,2196.0,496.0,5
7,8,2018,1848.0,1244.0,1027.0,269.0,7
8,8,2018,4477.0,3135.0,2550.0,588.0,3
9,8,2018,4147.0,3039.0,2477.0,594.0,2
10,8,2018,4376.0,3144.0,2595.0,607.0,3
11,8,2018,3136.0,2349.0,1853.0,471.0,6
12,8,2018,4787.0,3441.0,2797.0,604.0,2
13,8,2018,4147.0,2881.0,2457.0,639.0,2
14,8,2018,4415.0,3273.0,2656.0,599.0,4
15,8,2018,4903.0,3433.0,2688.0,651.0,4
16,8,2018,2179.0,1376.0,1150.0,315.0,7
17,8,2018,2378.0,1688.0,1369.0,286.0,7
18,8,2018,2350.0,1583.0,1277.0,351.0,6
19,8,2018,4477.0,3144.0,2592.0,607.0,3
20,8,2018,2552.0,1797.0,1430.0,414.0,7
21,8,2018,3612.0,2667.0,2103.0,560.0,2
22,8,2018,4787.0,3441.0,2639.0,607.0,3
23,8,2018,4061.0,2852.0,2335.0,525.0,5
24,8,2018,3945.0,2743.0,2213.0,483.0,1
25,8,2018,4138.0,3094.0,2460.0,582.0,5
26,8,2018,4398.0,2855.0,2233.0,594.0,2
27,8,2018,1851.0,1229.0,992.0,216.0,7
28,8,2018,2519.0,1765.0,1346.0,391.0,1
29,8,2018,5542.0,3720.0,3057.0,653.0,3
30,8,2018,3291.0,2286.0,1737.0,501.0,5
31,8,2018,3824.0,2716.0,2248.0,536.0,5
1,9,2018,5127.0,3147.0,2797.0,634.0,3
2,9,2018,4247.0,2913.0,2479.0,532.0,2
3,9,2018,4317.0,2882.0,2312.0,532.0,6
4,9,2018,5983.0,4062.0,3795.0,716.0,4
5,9,2018,1826.0,1370.0,1063.0,216.0,7
6,9,2018,4061.0,2960.0,2330.0,507.0,5
7,9,2018,2959.0,2082.0,1741.0,343.0,1
8,9,2018,5843.0,3683.0,2935.0,528.0,2
9,9,2018,5293.0,3788.0,3247.0,611.0,3
10,9,2018,3956.0,2942.0,2441.0,541.0,5
11,9,2018,5190.0,3497.0,2828.0,644.0,2
12,9,2018,3795.0,2694.0,2191.0,424.0,5
13,9,2018,5709.0,3908.0,3391.0,611.0,4
14,9,2018,4709.0,2930.0,2477.0,624.0,5
15,9,2018,4282.0,3273.0,2595.0,594.0,5
16,9,2018,4143.0,2880.0,2374.0,542.0,4
17,9,2018,5142.0,3077.0,2624.0,604.0,5
18,9,2018,5104.0,3802.0,3133.0,528.0,6
19,9,2018,3973.0,2620.0,2121.0,422.0,6
20,9,2018,3872.0,2780.0,2267.0,441.0,6
21,9,2018,33.0,2310.0,1809.0,498.0,6
22,9,2018,4376.0,3236.0,2621.0,545.0,5
23,9,2018,4892.0,2618.0,2121.0,594.0,4
24,9,2018,4162.0,3094.0,2460.0,551.0,5
25,9,2018,6365.0,4331.0,3573.0,877.0,5
26,9,2018,4793.0,3077.0,2459.0,454.0,5
27,9,2018,4603.0,3381.0,2837.0,556.0,5
28,9,2018,5540.0,3689.0,3095.0,594.0,5
29,9,2018,5395.0,3707.0,3133.0,685.0,4
30,9,2018,2223.0,1658.0,1317.0,220.0,7
1,10,2018,2768.0,1812.0,1571.0,344.0,7
2,10,2018,3941.0,2716.0,2139.0,498.0,1
3,10,2018,6349.0,4179.0,3795.0,716.0,4
4,10,2018,4398.0,3134.0,2595.0,478.0,7
5,10,2018,6079.0,4203.0,3419.0,756.0,5
6,10,2018,5895.0,3734.0,3305.0,674.0,2
7,10,2018,6100.0,4331.0,3522.0,646.0,3
8,10,2018,5753.0,3905.0,3388.0,599.0,4
9,10,2018,5223.0,3447.0,3133.0,541.0,5
10,10,2018,6444.0,4398.0,3573.0,767.0,2
11,10,2018,5479.0,3307.0,2868.0,473.0,6
12,10,2018,4169.0,3041.0,2510.0,474.0,1
13,10,2018,3147.0,2240.0,1847.0,417.0,7
14,10,2018,4247.0,3082.0,2556.0,495.0,1
15,10,2018,6380.0,4488.0,3681.0,761.0,5
16,10,2018,4787.0,3134.0,2741.0,588.0,6
17,10,2018,6091.0,4488.0,3784.0,815.0,5
18,10,2018,4156.0,3064.0,2441.0,529.0,1
19,10,2018,6045.0,4147.0,3579.0,641.0,2
20,10,2018,3598.0,2147.0,1736.0,351.0,7
21,10,2018,4696.0,3319.0,2862.0,537.0,6
22,10,2018,3973.0,2667.0,2202.0,499.0,6
23,10,2018,6349.0,4264.0,3588.0,715.0,2
24,10,2018,5341.0,3753.0,3452.0,611.0,2
25,10,2018,4709.0,3381.0,2726.0,537.0,6
26,10,2018,5094.0,3454.0,2850.0,543.0,6
27,10,2018,4948.0,3424.0,2785.0,694.0,5
28,10,2018,6373.0,4290.0,3545.0,735.0,3
29,10,2018,6361.0,4589.0,4330.0,821.0,4
30,10,2018,4787.0,3251.0,2504.0,584.0,6
31,10,2018,4555.0,3047.0,2744.0,584.0,1
1,11,2018,6152.0,4489.0,3595.0,845.0,5
2,11,2018,4581.0,3265.0,2595.0,611.0,1
3,11,2018,6384.0,4781.0,3810.0,701.0,4
4,11,2018,5542.0,3866.0,3194.0,594.0,1
5,11,2018,6806.0,4550.0,3823.0,667.0,5
6,11,2018,5692.0,3922.0,3146.0,634.0,3
7,11,2018,6614.0,4488.0,3893.0,880.0,2
8,11,2018,5094.0,3390.0,2863.0,607.0,6
9,11,2018,6392.0,4145.0,3522.0,656.0,2
10,11,2018,5668.0,3832.0,3247.0,633.0,3
11,11,2018,5668.0,4592.0,3487.0,710.0,5
12,11,2018,6254.0,4520.0,3723.0,789.0,3
13,11,2018,6226.0,4509.0,3298.0,719.0,4
14,11,2018,5391.0,3348.0,2718.0,618.0,2
15,11,2018,4170.0,2904.0,2477.0,648.0,4
16,11,2018,6373.0,4275.0,3579.0,746.0,5
17,11,2018,5400.0,3497.0,2940.0,664.0,5
18,11,2018,5585.0,3995.0,3487.0,627.0,5
19,11,2018,6238.0,4105.0,3543.0,622.0,5
20,11,2018,1852.0,1287.0,1052.0,226.0,7
21,11,2018,3734.0,2667.0,2249.0,463.0,7
22,11,2018,6058.0,4265.0,3578.0,783.0,4
23,11,2018,6191.0,4147.0,3666.0,794.0,5
24,11,2018,4926.0,3106.0,2555.0,544.0,6
25,11,2018,5542.0,4164.0,3535.0,672.0,5
26,11,2018,4993.0,3281.0,2561.0,547.0,4
27,11,2018,5366.0,3842.0,3299.0,686.0,6
28,11,2018,5285.0,3859.0,3273.0,621.0,5
29,11,2018,3599.0,2254.0,1812.0,388.0,7
30,11,2018,4180.0,2838.0,2364.0,547.0,1
1,12,2018,1411.0,947.0,765.0,175.0,1
2,12,2018,7352.0,5044.0,4136.0,961.0,4
3,12,2018,6052.0,4589.0,3893.0,498.0,5
4,12,2018,4338.0,2800.0,2377.0,599.0,1
5,12,2018,4728.0,3197.0,2693.0,548.0,1
6,12,2018,5800.0,3940.0,3266.0,772.0,4
7,12,2018,3291.0,2660.0,2078.0,466.0,1
8,12,2018,2295.0,1557.0,1179.0,326.0,7
9,12,2018,4723.0,3356.0,2820.0,617.0,7
10,12,2018,636.0,4584.0,3522.0,753.0,3
11,12,2018,6357.0,4673.0,3818.0,688.0,4
12,12,2018,5237.0,3381.0,2785.0,642.0,6
13,12,2018,1733.0,1214.0,958.0,228.0,1
14,12,2018,4398.0,2675.0,2213.0,483.0,1
15,12,2018,3811.0,2890.0,2231.0,536.0,6
16,12,2018,4902.0,3346.0,2864.0,532.0,1
17,12,2018,6299.0,4351.0,3640.0,660.0,5
18,12,2018,6058.0,3944.0,3452.0,688.0,5
19,12,2018,1793.0,1145.0,811.0,220.0,2
20,12,2018,5389.0,3894.0,3190.0,616.0,1
21,12,2018,4138.0,2771.0,2335.0,556.0,3
22,12,2018,5581.0,3823.0,3182.0,646.0,4
23,12,2018,6231.0,4071.0,3666.0,745.0,2
24,12,2018,6154.0,4322.0,3640.0,761.0,5
25,12,2018,3973.0,2761.0,2233.0,597.0,5
26,12,2018,4891.0,3177.0,2737.0,542.0,6
27,12,2018,1386.0,924.0,730.0,175.0,7
28,12,2018,7190.0,4761.0,3893.0,826.0,3
29,12,2018,2996.0,1876.0,1419.0,463.0,2
30,12,2018,4441.0,3515.0,3039.0,564.0,4
31,12,2018,6045.0,4791.0,3795.0,710.0,2
1,1,2019,4834.0,3348.0,2824.0,527.0,5
2,1,2019,2743.0,2021.0,1621.0,309.0,1
3,1,2019,3679.0,2404.0,2033.0,440.0,6
4,1,2019,3732.0,2672.0,2248.0,441.0,6
5,1,2019,4097.0,2774.0,2180.0,516.0,2
6,1,2019,3346.0,2364.0,1895.0,394.0,6
7,1,2019,4194.0,2795.0,2189.0,578.0,4
8,1,2019,4247.0,2883.0,2450.0,532.0,3
9,1,2019,5830.0,4251.0,3563.0,762.0,3
10,1,2019,3111.0,2364.0,1809.0,387.0,6
11,1,2019,3564.0,2457.0,2230.0,446.0,6
12,1,2019,2422.0,1762.0,1479.0,253.0,1
13,1,2019,1782.0,1271.0,1036.0,150.0,7
14,1,2019,4010.0,2684.0,2169.0,393.0,5
15,1,2019,3802.0,2664.0,2280.0,519.0,5
16,1,2019,3366.0,2446.0,2040.0,443.0,7
17,1,2019,3263.0,2376.0,1846.0,431.0,4
18,1,2019,5020.0,3803.0,3146.0,545.0,4
19,1,2019,4224.0,2962.0,2477.0,468.0,5
20,1,2019,3711.0,2559.0,2069.0,486.0,6
21,1,2019,3366.0,2744.0,2135.0,494.0,2
22,1,2019,4147.0,2800.0,2397.0,497.0,5
23,1,2019,5182.0,3452.0,2989.0,537.0,5
24,1,2019,4234.0,3045.0,2575.0,473.0,5
25,1,2019,2922.0,2043.0,1733.0,306.0,1
26,1,2019,5710.0,4140.0,3133.0,749.0,3
27,1,2019,2586.0,1806.0,1419.0,311.0,7
28,1,2019,3492.0,2179.0,1906.0,435.0,3
29,1,2019,4124.0,3039.0,2568.0,488.0,5
30,1,2019,3266.0,2238.0,1811.0,329.0,1
31,1,2019,2176.0,1546.0,1279.0,260.0,7
1,2,2019,4143.0,3147.0,2906.0,549.0,5
2,2,2019,3795.0,2198.0,1963.0,321.0,7
3,2,2019,6360.0,4333.0,3448.0,710.0,3
4,2,2019,6659.0,4462.0,3398.0,696.0,4
5,2,2019,5668.0,3964.0,3275.0,692.0,4
6,2,2019,6689.0,4506.0,3797.0,769.0,3
7,2,2019,4894.0,3441.0,2885.0,682.0,5
8,2,2019,5331.0,3859.0,3260.0,576.0,5
9,2,2019,3838.0,2840.0,2344.0,483.0,1
10,2,2019,3827.0,2743.0,2344.0,487.0,6
11,2,2019,4182.0,3245.0,2737.0,484.0,6
12,2,2019,4787.0,3717.0,3133.0,604.0,4
13,2,2019,6154.0,4264.0,3664.0,658.0,4
14,2,2019,6058.0,4322.0,3729.0,771.0,2
15,2,2019,5086.0,3454.0,3490.0,524.0,6
16,2,2019,3972.0,2663.0,2245.0,489.0,7
17,2,2019,4222.0,3077.0,2559.0,597.0,6
18,2,2019,5536.0,4071.0,3133.0,665.0,4
19,2,2019,5400.0,3938.0,3368.0,620.0,3
20,2,2019,5493.0,3493.0,3371.0,668.0,2
21,2,2019,5063.0,3484.0,2989.0,554.0,2
22,2,2019,3973.0,2714.0,2139.0,543.0,6
23,2,2019,2829.0,2062.0,1682.0,200.0,7
24,2,2019,4688.0,3226.0,2786.0,476.0,5
25,2,2019,5692.0,3996.0,3497.0,642.0,3
26,2,2019,5397.0,3943.0,3340.0,691.0,2
27,2,2019,5291.0,3826.0,3280.0,552.0,4
28,2,2019,4678.0,3240.0,2753.0,521.0,2
1,3,2019,3691.0,2744.0,2239.0,477.0,6
2,3,2019,5728.0,3821.0,3448.0,633.0,3
3,3,2019,5228.0,3737.0,3252.0,607.0,5
4,3,2019,4234.0,2800.0,2351.0,495.0,1
5,3,2019,4787.0,3357.0,2863.0,541.0,5
6,3,2019,5289.0,3780.0,3146.0,684.0,4
7,3,2019,4138.0,2860.0,2457.0,565.0,1
8,3,2019,4993.0,3377.0,2810.0,528.0,5
9,3,2019,4205.0,2921.0,2499.0,475.0,6
10,3,2019,3786.0,2841.0,2365.0,486.0,
11,3,2019,5800.0,3906.0,3263.0,589.0,2
12,3,2019,4118.0,2825.0,4,440.0,1
13,3,2019,6062.0,4071.0,3368.0,715.0,2
14,3,2019,5378.0,3440.0,2985.0,684.0,4
15,3,2019,6052.0,4425.0,3699.0,710.0,3
16,3,2019,4367.0,3106.0,2653.0,489.0,1
17,3,2019,4118.0,2970.0,2327.0,618.0,5
18,3,2019,3423.0,2489.0,2077.0,394.0,1
19,3,2019,6170.0,4258.0,3770.0,679.0,2
20,3,2019,4585.0,3366.0,2821.0,541.0,6
21,3,2019,5400.0,3450.0,2957.0,587.0,2
22,3,2019,5021.0,3440.0,2885.0,649.0,4
23,3,2019,4376.0,2825.0,2191.0,554.0,6
24,3,2019,5668.0,4043.0,3123.0,649.0,3
25,3,2019,4788.0,3996.0,3306.0,611.0,2
26,3,2019,4836.0,3482.0,2693.0,611.0,5
27,3,2019,4731.0,3307.0,2885.0,556.0,2
28,3,2019,5884.0,3521.0,3033.0,617.0,3
29,3,2019,4907.0,3454.0,2860.0,523.0,5
30,3,2019,5540.0,3959.0,3299.0,623.0,3
31,3,2019,4915.0,3381.0,2867.0,545.0,5
1,4,2019,5709.0,4021.0,3487.0,724.0,4
2,4,2019,4291.0,319.0,2840.0,494.0,1
3,4,2019,4787.0,3307.0,2772.0,572.0,1
4,4,2019,5692.0,3966.0,3146.0,607.0,5
5,4,2019,4538.0,3356.0,2737.0,621.0,1
6,4,2019,5400.0,4031.0,3490.0,594.0,5
7,4,2019,4234.0,3106.0,2595.0,634.0,6
8,4,2019,6264.0,4309.0,3579.0,716.0,4
9,4,2019,4337.0,3049.0,2664.0,563.0,6
10,4,2019,5687.0,4203.0,3528.0,642.0,3
11,4,2019,5491.0,3801.0,3452.0,660.0,6
12,4,2019,5391.0,3722.0,3057.0,627.0,5
13,4,2019,6287.0,4596.0,3546.0,646.0,5
14,4,2019,2943.0,2043.0,1638.0,344.0,7
15,4,2019,3817.0,2667.0,2263.0,394.0,7
16,4,2019,3740.0,2690.0,2265.0,466.0,4
17,4,2019,6836.0,5378.0,3970.0,769.0,3
18,4,2019,4688.0,3147.0,2672.0,523.0,6
19,4,2019,5585.0,4186.0,3269.0,603.0,6
20,4,2019,6686.0,4776.0,3726.0,742.0,3
21,4,2019,6560.0,4194.0,3576.0,717.0,3
22,4,2019,5563.0,4074.0,3460.0,776.0,2
23,4,2019,3698.0,2360.0,2011.0,470.0,7
24,4,2019,6343.0,4462.0,3810.0,783.0,4
25,4,2019,6154.0,4105.0,3823.0,707.0,4
26,4,2019,4737.0,3367.0,2863.0,594.0,6
27,4,2019,5476.0,3826.0,3269.0,572.0,1
28,4,2019,4520.0,3387.0,2882.0,654.0,2
29,4,2019,5400.0,3755.0,3095.0,613.0,1
30,4,2019,4062.0,2898.0,2347.0,486.0,1
1,5,2019,5104.0,3348.0,2849.0,533.0,5
2,5,2019,4787.0,3164.0,2898.0,527.0,1
3,5,2019,6226.0,4071.0,3431.0,758.0,5
4,5,2019,6201.0,4589.0,3701.0,762.0,3
5,5,2019,5238.0,3778.0,2872.0,618.0,4
6,5,2019,6806.0,4275.0,3726.0,769.0,3
7,5,2019,4665.0,3441.0,2663.0,528.0,6
8,5,2019,4776.0,3452.0,2693.0,594.0,4
9,5,2019,3378.0,2311.0,1878.0,442.0,6
10,5,2019,4222.0,2780.0,2255.0,599.0,6
11,5,2019,5712.0,4462.0,3487.0,685.0,5
12,5,2019,3817.0,2871.0,2344.0,489.0,1
13,5,2019,6357.0,4147.0,3666.0,714.0,4
14,5,2019,5800.0,4202.0,3398.0,710.0,2
15,5,2019,5142.0,3682.0,2985.0,686.0,5
16,5,2019,4647.0,3021.0,2519.0,488.0,1
17,5,2019,6380.0,4943.0,3986.0,776.0,3
18,5,2019,5565.0,3995.0,3026.0,694.0,5
19,5,2019,5391.0,3348.0,2977.0,651.0,5
20,5,2019,4981.0,3319.0,2814.0,602.0,6
21,5,2019,5398.0,3796.0,2978.0,649.0,5
22,5,2019,5759.0,3869.0,3305.0,686.0,2
23,5,2019,2295.0,1544.0,1287.0,288.0,7
24,5,2019,4398.0,3063.0,2578.0,616.0,6
25,5,2019,5402.0,3753.0,3009.0,714.0,5
26,5,2019,6264.0,4467.0,3581.0,780.0,2
27,5,2019,4398.0,3241.0,2634.0,594.0,6
28,5,2019,4371.0,3245.0,2699.0,578.0,1
29,5,2019,6481.0,4086.0,3391.0,752.0,3
30,5,2019,3431.0,2215.0,1757.0,491.0,7
31,5,2019,3838.0,2838.0,2459.0,441.0,6
1,6,2019,4793.0,3377.0,2845.0,538.0,6
2,6,2019,4376.0,2962.0,2362.0,621.0,2
3,6,2019,3716.0,2675.0,2144.0,448.0,6
4,6,2019,4533.0,3249.0,2850.0,614.0,5
5,6,2019,4581.0,3143.0,2595.0,566.0,5
6,6,2019,3945.0,2660.0,2133.0,577.0,2
7,6,2019,4560.0,3372.0,2727.0,603.0,3
8,6,2019,4010.0,2731.0,2114.0,528.0,5
9,6,2019,2344.0,1613.0,1445.0,354.0,1
10,6,2019,4370.0,2953.0,2419.0,646.0,5
11,6,2019,6154.0,4781.0,3685.0,744.0,3
12,6,2019,3788.0,2785.0,2265.0,489.0,3
13,6,2019,1848.0,1371.0,1058.0,216.0,7
14,6,2019,4082.0,2798.0,2263.0,581.0,5
15,6,2019,2176.0,1447.0,1169.0,285.0,1
16,6,2019,3739.0,2681.0,2256.0,538.0,6
17,6,2019,4029.0,2881.0,2298.0,541.0,4
18,6,2019,3886.0,2675.0,2260.0,577.0,3
19,6,2019,4234.0,3039.0,2450.0,496.0,6
20,6,2019,3140.0,2265.0,1767.0,463.0,6
21,6,2019,4774.0,3570.0,3025.0,624.0,2
22,6,2019,3291.0,2145.0,1849.0,386.0,1
23,6,2019,4520.0,3164.0,2595.0,692.0,5
24,6,2019,5575.0,3675.0,3049.0,687.0,2
25,6,2019,4695.0,3230.0,3019.0,643.0,3
26,6,2019,3537.0,2559.0,2056.0,476.0,6
27,6,2019,2460.0,1678.0,1348.0,332.0,7
28,6,2019,3292.0,2306.0,1764.0,395.0,7
29,6,2019,4194.0,2946.0,2462.0,535.0,5
30,6,2019,4029.0,2825.0,2310.0,585.0,4
1,7,2019,2743.0,1847.0,1563.0,341.0,7
2,7,2019,3454.0,2349.0,1827.0,430.0,6
3,7,2019,3303.0,2127.0,1845.0,434.0,6
4,7,2019,3969.0,2882.0,2462.0,463.0,3
5,7,2019,4027.0,2630.0,2166.0,472.0,4
6,7,2019,3083.0,2169.0,1803.0,422.0,5
7,7,2019,3948.0,2595.0,1933.0,506.0,2
8,7,2019,2281.0,1595.0,1246.0,220.0,1
9,7,2019,4584.0,3082.0,2477.0,552.0,4
10,7,2019,3906.0,2816.0,2239.0,447.0,3
11,7,2019,2194.0,1436.0,1277.0,295.0,7
12,7,2019,4162.0,2871.0,2335.0,506.0,6
13,7,2019,3378.0,2348.0,1796.0,463.0,4
14,7,2019,5712.0,3780.0,3226.0,659.0,4
15,7,2019,3179.0,2286.0,1876.0,392.0,6
16,7,2019,4741.0,3210.0,2663.0,561.0,5
17,7,2019,1733.0,1360.0,1023.0,249.0,7
18,7,2019,3653.0,2675.0,2095.0,472.0,3
19,7,2019,4314.0,2862.0,2377.0,527.0,4
20,7,2019,3923.0,2745.0,2143.0,536.0,5
21,7,2019,3539.0,2462.0,2095.0,463.0,6
22,7,2019,2514.0,1710.0,1463.0,331.0,6
23,7,2019,2809.0,1721.0,1479.0,360.0,5
24,7,2019,2950.0,2046.0,1575.0,368.0,6
25,7,2019,1838.0,1312.0,1016.0,242.0,7
26,7,2019,3950.0,2675.0,2285.0,473.0,4
27,7,2019,2727.0,2000.0,1649.0,354.0,1
28,7,2019,3054.0,2045.0,1571.0,402.0,6
29,7,2019,2401.0,1609.0,1374.0,333.0,7
30,7,2019,3497.0,2224.0,1763.0,376.0,6
31,7,2019,4626.0,3140.0,2535.0,521.0,2
1,8,2019,4046.0,2774.0,2147.0,518.0,4
2,8,2019,4327.0,3039.0,2489.0,484.0,5
3,8,2019,4118.0,2969.0,2397.0,559.0,5
4,8,2019,3423.0,2435.0,2000.0,450.0,6
5,8,2019,2204.0,1637.0,1346.0,238.0,1
6,8,2019,4140.0,2860.0,2364.0,524.0,2
7,8,2019,2344.0,1658.0,1379.0,286.0,7
8,8,2019,4078.0,2671.0,2253.0,511.0,4
9,8,2019,4625.0,3346.0,2669.0,624.0,6
10,8,2019,3867.0,2789.0,2181.0,477.0,3
11,8,2019,3391.0,2317.0,1845.0,468.0,6
12,8,2019,4498.0,3039.0,2595.0,509.0,5
13,8,2019,2422.0,1693.0,1377.0,354.0,1
14,8,2019,4244.0,3188.0,2689.0,472.0,2
15,8,2019,4010.0,2783.0,2226.0,454.0,4
16,8,2019,3886.0,2780.0,2113.0,446.0,5
17,8,2019,3660.0,2677.0,2248.0,388.0,3
18,8,2019,1837.0,1197.0,924.0,226.0,7
19,8,2019,4138.0,2963.0,2325.0,611.0,4
20,8,2019,2927.0,2000.0,1694.0,401.0,6
21,8,2019,3817.0,2696.0,2338.0,441.0,5
22,8,2019,1829.0,1380.0,983.0,324.0,6
23,8,2019,3920.0,2675.0,2215.0,543.0,2
24,8,2019,1602.0,1266.0,1141.0,216.0,7
25,8,2019,4194.0,3111.0,2601.0,521.0,3
26,8,2019,3928.0,2951.0,2118.0,489.0,2
27,8,2019,2147.0,1482.0,1224.0,231.0,1
28,8,2019,3281.0,2214.0,1829.0,460.0,6
29,8,2019,3027.0,2094.0,1641.0,388.0,6
30,8,2019,5114.0,3284.0,2789.0,648.0,4
31,8,2019,3111.0,2153.0,1755.0,473.0,5
1,9,2019,4240.0,2897.0,2380.0,541.0,4
2,9,2019,6240.0,4254.0,3795.0,694.0,3
3,9,2019,2223.0,1597.0,1278.0,216.0,5
4,9,2019,5730.0,4584.0,3536.0,645.0,3
5,9,2019,4376.0,3089.0,2699.0,473.0,5
6,9,2019,4201.0,2971.0,2498.0,499.0,4
7,9,2019,4010.0,2621.0,2267.0,393.0,4
8,9,2019,3958.0,2832.0,2435.0,463.0,4
9,9,2019,3901.0,2625.0,2118.0,488.0,2
10,9,2019,4637.0,3545.0,2927.0,646.0,3
11,9,2019,2830.0,2277.0,1846.0,259.0,1
12,9,2019,5469.0,3365.0,3005.0,535.0,3
13,9,2019,4185.0,2896.0,3244.0,513.0,5
14,9,2019,4376.0,3341.0,2872.0,528.0,5
15,9,2019,3430.0,2691.0,2325.0,463.0,2
16,9,2019,4054.0,2916.0,2466.0,441.0,4
17,9,2019,2218.0,1583.0,1279.0,254.0,7
18,9,2019,3141.0,2291.0,2095.0,362.0,7
19,9,2019,4169.0,2854.0,2470.0,441.0,1
20,9,2019,5400.0,3440.0,2933.0,561.0,5
21,9,2019,3920.0,2622.0,2236.0,447.0,6
22,9,2019,3580.0,2361.0,2066.0,447.0,6
23,9,2019,4245.0,3022.0,2491.0,499.0,6
24,9,2019,4162.0,2963.0,2344.0,519.0,5
25,9,2019,3243.0,2367.0,2006.0,394.0,6
26,9,2019,4794.0,3079.0,2898.0,504.0,3
27,9,2019,2162.0,1696.0,1446.0,220.0,1
28,9,2019,4143.0,2913.0,2395.0,482.0,5
29,9,2019,5291.0,3871.0,3184.0,535.0,2
30,9,2019,4376.0,3307.0,2789.0,541.0,2
1,10,2019,5127.0,4115.0,3550.0,632.0,2
2,10,2019,5476.0,4127.0,3543.0,715.0,3
3,10,2019,4581.0,3381.0,2901.0,578.0,6
4,10,2019,6570.0,4159.0,3536.0,714.0,3
5,10,2019,5849.0,4189.0,3640.0,546.0,5
6,10,2019,6555.0,5250.0,3718.0,729.0,3
7,10,2019,4044.0,2867.0,2312.0,523.0,5
8,10,2019,5688.0,4316.0,3501.0,472.0,3
9,10,2019,5127.0,3655.0,3128.0,537.0,2
10,10,2019,6154.0,4351.0,3508.0,679.0,2
11,10,2019,5331.0,4164.0,3538.0,599.0,5
12,10,2019,5174.0,3829.0,3194.0,545.0,3
13,10,2019,6691.0,4120.0,3500.0,623.0,3
14,10,2019,4584.0,2818.0,2481.0,518.0,4
15,10,2019,5805.0,4172.0,3579.0,553.0,4
16,10,2019,4071.0,3050.0,2547.0,385.0,7
17,10,2019,3471.0,2867.0,2344.0,335.0,1
18,10,2019,5489.0,3904.0,3306.0,617.0,4
19,10,2019,5668.0,4375.0,3645.0,645.0,2
20,10,2019,4695.0,3357.0,2814.0,472.0,2
21,10,2019,5668.0,3923.0,3247.0,618.0,5
22,10,2019,4243.0,3348.0,2836.0,541.0,1
23,10,2019,5114.0,3570.0,3057.0,577.0,6
24,10,2019,5294.0,3908.0,3269.0,561.0,4
25,10,2019,5491.0,4147.0,3514.0,579.0,1
26,10,2019,3456.0,2508.0,2032.0,387.0,6
27,10,2019,4800.0,3390.0,2863.0,545.0,6
28,10,2019,4793.0,2961.0,2461.0,468.0,6
29,10,2019,6686.0,4458.0,3442.0,594.0,5
30,10,2019,2587.0,2078.0,1702.0,325.0,7
31,10,2019,6001.0,4547.0,4130.0,646.0,2
1,11,2019,3656.0,2630.0,2075.0,473.0,6
2,11,2019,3716.0,2843.0,2441.0,489.0,1
3,11,2019,4688.0,3164.0,2689.0,649.0,6
4,11,2019,6099.0,4074.0,3487.0,739.0,2
5,11,2019,4581.0,3351.0,2835.0,545.0,1
6,11,2019,4602.0,3500.0,2967.0,649.0,1
7,11,2019,4709.0,3454.0,2944.0,489.0,1
8,11,2019,5257.0,3718.0,3232.0,472.0,5
9,11,2019,4376.0,3054.0,2524.0,502.0,6
10,11,2019,4790.0,3452.0,2689.0,464.0,1
11,11,2019,6481.0,4520.0,3842.0,682.0,3
12,11,2019,5366.0,4140.0,3578.0,652.0,5
13,11,2019,5628.0,4140.0,3572.0,552.0,4
14,11,2019,4376.0,3077.0,2713.0,525.0,6
15,11,2019,4398.0,3356.0,2766.0,537.0,5
16,11,2019,2243.0,1429.0,1280.0,216.0,7
17,11,2019,3723.0,2424.0,2163.0,463.0,7
18,11,2019,6145.0,4023.0,3882.0,697.0,3
19,11,2019,6092.0,4251.0,3573.0,814.0,4
20,11,2019,4194.0,2856.0,2453.0,465.0,1
21,11,2019,6154.0,4455.0,3666.0,679.0,4
22,11,2019,6231.0,4275.0,3684.0,653.0,4
23,11,2019,5743.0,4179.0,3635.0,734.0,3
24,11,2019,6162.0,4448.0,3578.0,621.0,3
25,11,2019,5407.0,3366.0,3095.0,471.0,2
26,11,2019,4581.0,3242.0,2797.0,584.0,6
27,11,2019,6343.0,4677.0,3823.0,693.0,5
28,11,2019,6058.0,4176.0,3578.0,765.0,3
29,11,2019,4709.0,3452.0,2727.0,646.0,4
30,11,2019,3378.0,2349.0,1882.0,444.0,6
1,12,2019,6378.0,5267.0,4131.0,736.0,2
2,12,2019,5145.0,3838.0,3186.0,543.0,4
3,12,2019,6059.0,459.0,3385.0,643.0,5
4,12,2019,4376.0,3356.0,2784.0,486.0,6
5,12,2019,5668.0,4140.0,3398.0,544.0,2
6,12,2019,5151.0,3637.0,2977.0,661.0,6
7,12,2019,2882.0,2336.0,1780.0,329.0,1
8,12,2019,4244.0,3039.0,2629.0,541.0,2
9,12,2019,1615.0,1076.0,879.0,197.0,7
10,12,2019,7105.0,4871.0,4031.0,800.0,3
11,12,2019,6329.0,4194.0,3624.0,717.0,3
12,12,2019,6154.0,4031.0,3298.0,745.0,4
13,12,2019,6265.0,4377.0,3836.0,572.0,5
14,12,2019,5203.0,3988.0,3666.0,574.0,5
15,12,2019,4138.0,2780.0,2253.0,529.0,1
16,12,2019,2517.0,1761.0,1474.0,321.0,3
17,12,2019,7650.0,5392.0,4194.0,956.0,3
18,12,2019,6274.0,4861.0,3722.0,776.0,4
19,12,2019,5331.0,3937.0,3266.0,636.0,2
20,12,2019,3906.0,2849.0,2382.0,453.0,6
21,12,2019,7019.0,4917.0,4330.0,703.0,3
22,12,2019,3573.0,2699.0,2280.0,495.0,6
23,12,2019,1644.0,1177.0,1017.0,220.0,7
24,12,2019,6531.0,4781.0,3830.0,694.0,4
25,12,2019,1487.0,1197.0,781.0,220.0,3
26,12,2019,3340.0,2263.0,1882.0,427.0,7
27,12,2019,3141.0,2259.0,1827.0,386.0,1
28,12,2019,5331.0,4166.0,3646.0,564.0,5
29,12,2019,6162.0,4891.0,4240.0,643.0,3
30,12,2019,4379.0,3025.0,2380.0,545.0,6
31,12,2019,5367.0,4000.0,3368.0,679.0,4
1,1,2020,4118.0,2925.0,2450.0,535.0,2
2,1,2020,3459.0,2379.0,2122.0,329.0,1
3,1,2020,4073.0,3307.0,2679.0,476.0,3
4,1,2020,3897.0,3049.0,2510.0,473.0,4
5,1,2020,4367.0,3236.0,2867.0,402.0,4
6,1,2020,4049.0,2780.0,2196.0,483.0,6
7,1,2020,3823.0,2622.0,2306.0,401.0,6
8,1,2020,2927.0,2669.0,2279.0,394.0,6
9,1,2020,2516.0,2120.0,1892.0,311.0,1
10,1,2020,4432.0,3390.0,2881.0,484.0,5
11,1,2020,4205.0,3481.0,2720.0,483.0,5
12,1,2020,3906.0,2861.0,2597.0,447.0,6
13,1,2020,4638.0,3869.0,3125.0,533.0,3
14,1,2020,4610.0,3611.0,3146.0,545.0,2
15,1,2020,3656.0,2635.0,2103.0,427.0,4
16,1,2020,2871.0,2277.0,2196.0,267.0,1
17,1,2020,3997.0,2704.0,2519.0,335.0,4
18,1,2020,4907.0,3599.0,3273.0,483.0,4
19,1,2020,3950.0,3164.0,2691.0,468.0,7
20,1,2020,3656.0,2749.0,2271.0,393.0,4
21,1,2020,3590.0,2660.0,2196.0,427.0,1
22,1,2020,3739.0,2627.0,2262.0,398.0,3
23,1,2020,4483.0,3144.0,2766.0,527.0,5
24,1,2020,3838.0,2849.0,2814.0,375.0,3
25,1,2020,3633.0,2904.0,2570.0,469.0,2
26,1,2020,2864.0,2264.0,1809.0,270.0,1
27,1,2020,5290.0,3829.0,3666.0,554.0,3
28,1,2020,4638.0,3125.0,2528.0,434.0,2
29,1,2020,4483.0,3454.0,2914.0,457.0,3
30,1,2020,3698.0,2906.0,2308.0,362.0,1
31,1,2020,3795.0,2628.0,2386.0,402.0,6
1,2,2020,5601.0,4504.0,3239.0,676.0,4
2,2,2020,4371.0,3111.0,2669.0,462.0,6
3,2,2020,4816.0,3486.0,2973.0,533.0,5
4,2,2020,3732.0,2807.0,2377.0,392.0,1
5,2,2020,5617.0,4105.0,3634.0,649.0,4
6,2,2020,4994.0,3728.0,3266.0,537.0,5
7,2,2020,3907.0,3144.0,2566.0,482.0,4
8,2,2020,4143.0,3452.0,2827.0,434.0,4
9,2,2020,5026.0,3702.0,3069.0,499.0,2
10,2,2020,6062.0,4203.0,3869.0,569.0,4
11,2,2020,5016.0,4251.0,3279.0,588.0,4
12,2,2020,4903.0,3869.0,3180.0,554.0,2
13,2,2020,5224.0,3778.0,3371.0,473.0,4
14,2,2020,3397.0,2783.0,2196.0,386.0,6
15,2,2020,3292.0,2251.0,1749.0,297.0,7
16,2,2020,5238.0,3678.0,3495.0,547.0,4
17,2,2020,4821.0,3718.0,3232.0,566.0,5
18,2,2020,5066.0,3759.0,3247.0,469.0,5
19,2,2020,3698.0,2884.0,2514.0,376.0,7
20,2,2020,4866.0,3758.0,3186.0,568.0,2
21,2,2020,3514.0,2543.0,2139.0,411.0,7
22,2,2020,4943.0,3852.0,3269.0,599.0,2
23,2,2020,5601.0,4189.0,3596.0,554.0,3
24,2,2020,5378.0,3689.0,3156.0,574.0,5
25,2,2020,3829.0,2663.0,2239.0,394.0,2
26,2,2020,4880.0,4106.0,3448.0,594.0,5
27,2,2020,5033.0,4520.0,3469.0,715.0,2
28,2,2020,4958.0,3635.0,3146.0,434.0,2
29,2,2020,3698.0,2622.0,2247.0,435.0,6
1,3,2020,4883.0,3829.0,3217.0,584.0,6
2,3,2020,5536.0,3975.0,3468.0,556.0,2
3,3,2020,5059.0,3802.0,3146.0,531.0,4
4,3,2020,3795.0,2734.0,2362.0,412.0,1
5,3,2020,5051.0,4031.0,3348.0,593.0,3
6,3,2020,4958.0,3905.0,3156.0,538.0,2
7,3,2020,4247.0,3452.0,3067.0,489.0,4
8,3,2020,5037.0,3830.0,3217.0,599.0,4
9,3,2020,5563.0,4207.0,3744.0,684.0,4
10,3,2020,4872.0,3701.0,3133.0,546.0,2
11,3,2020,4688.0,3135.0,2645.0,556.0,6
12,3,2020,5367.0,4086.0,3124.0,646.0,3
13,3,2020,4621.0,3593.0,3146.0,535.0,4
14,3,2020,4728.0,3694.0,3182.0,584.0,5
15,3,2020,5097.0,4120.0,3435.0,506.0,3
16,3,2020,5398.0,4045.0,3431.0,646.0,2
17,3,2020,4474.0,3106.0,2683.0,483.0,2
18,3,2020,4483.0,3093.0,2504.0,468.0,6
19,3,2020,3378.0,2911.0,2384.0,427.0,7
20,3,2020,4081.0,2881.0,2386.0,499.0,6
21,3,2020,4868.0,3348.0,2668.0,474.0,6
22,3,2020,3656.0,2979.0,2498.0,441.0,1
23,3,2020,4561.0,3485.0,3123.0,574.0,5
24,3,2020,4688.0,3799.0,3368.0,588.0,4
25,3,2020,4156.0,3619.0,3247.0,496.0,3
26,3,2020,3678.0,2911.0,2371.0,509.0,5
27,3,2020,4734.0,3670.0,3180.0,552.0,2
28,3,2020,3638.0,2579.0,2180.0,468.0,6
29,3,2020,4486.0,3500.0,3052.0,459.0,5
30,3,2020,4390.0,3390.0,2945.0,546.0,5
31,3,2020,4555.0,3075.0,2628.0,501.0,2
1,4,2020,5331.0,4520.0,3869.0,688.0,4
2,4,2020,3443.0,2620.0,2196.0,391.0,1
3,4,2020,3698.0,3005.0,2479.0,447.0,1
4,4,2020,5652.0,4203.0,3596.0,543.0,4
5,4,2020,5491.0,4189.0,3448.0,594.0,4
6,4,2020,4723.0,3493.0,3393.0,564.0,2
7,4,2020,5331.0,4166.0,3769.0,679.0,3
8,4,2020,3621.0,2914.0,2528.0,408.0,7
9,4,2020,4639.0,3633.0,3052.0,483.0,1
10,4,2020,5206.0,4520.0,3836.0,678.0,5
11,4,2020,5243.0,3788.0,3149.0,481.0,5
12,4,2020,6124.0,4939.0,4169.0,710.0,2
13,4,2020,4665.0,3394.0,2770.0,532.0,6
14,4,2020,5486.0,3928.0,3305.0,494.0,3
15,4,2020,4949.0,4042.0,3433.0,646.0,4
16,4,2020,5366.0,4584.0,3722.0,646.0,3
17,4,2020,4555.0,3452.0,2748.0,545.0,6
18,4,2020,5366.0,4153.0,3563.0,684.0,4
19,4,2020,5000.0,3665.0,3057.0,434.0,2
20,4,2020,4205.0,3247.0,2725.0,473.0,1
21,4,2020,3111.0,2743.0,2278.0,434.0,1
22,4,2020,3567.0,2431.0,2081.0,503.0,7
23,4,2020,5127.0,3673.0,3174.0,556.0,1
24,4,2020,2565.0,1884.0,1567.0,351.0,7
25,4,2020,5786.0,4379.0,3893.0,547.0,4
26,4,2020,4866.0,3761.0,3099.0,651.0,5
27,4,2020,6212.0,4829.0,4169.0,798.0,4
28,4,2020,4949.0,3694.0,3182.0,533.0,1
29,4,2020,4907.0,3669.0,3246.0,556.0,5
30,4,2020,5496.0,4140.0,3474.0,588.0,2
1,5,2020,4377.0,3394.0,2614.0,546.0,3
2,5,2020,3371.0,2911.0,2530.0,385.0,7
3,5,2020,5093.0,3759.0,3146.0,543.0,4
4,5,2020,4403.0,3047.0,2545.0,482.0,7
5,5,2020,4054.0,2727.0,2135.0,482.0,1
6,5,2020,4926.0,4061.0,3239.0,686.0,2
7,5,2020,2729.0,2186.0,1853.0,291.0,7
8,5,2020,2899.0,2190.0,1845.0,333.0,7
9,5,2020,5331.0,3946.0,3192.0,546.0,2
10,5,2020,5331.0,3869.0,3133.0,519.0,2
11,5,2020,1715.0,1354.0,1140.0,229.0,7
12,5,2020,5359.0,3937.0,3273.0,639.0,5
13,5,2020,2693.0,1934.0,1531.0,299.0,7
14,5,2020,3950.0,3049.0,2529.0,447.0,1
15,5,2020,3698.0,2425.0,2081.0,422.0,6
16,5,2020,1962.0,1276.0,1161.0,258.0,7
17,5,2020,5460.0,3801.0,3316.0,543.0,4
18,5,2020,4913.0,4231.0,3431.0,643.0,2
19,5,2020,5331.0,4106.0,3744.0,516.0,4
20,5,2020,4097.0,3515.0,3067.0,446.0,2
21,5,2020,4938.0,3968.0,3371.0,479.0,1
22,5,2020,3806.0,2969.0,2429.0,504.0,1
23,5,2020,5541.0,4693.0,3830.0,744.0,2
24,5,2020,5687.0,4203.0,3452.0,716.0,5
25,5,2020,4483.0,3247.0,2849.0,437.0,6
26,5,2020,5525.0,3964.0,3882.0,613.0,3
27,5,2020,2258.0,1879.0,1567.0,267.0,7
28,5,2020,3795.0,2690.0,2196.0,533.0,3
29,5,2020,5131.0,4203.0,3882.0,599.0,5
30,5,2020,5092.0,3967.0,3247.0,584.0,5
31,5,2020,4907.0,3486.0,3212.0,599.0,5
1,6,2020,3354.0,2508.0,2239.0,292.0,7
2,6,2020,4132.0,3493.0,2925.0,486.0,6
3,6,2020,4869.0,3341.0,2954.0,536.0,3
4,6,2020,2947.0,2198.0,1833.0,386.0,7
5,6,2020,4273.0,3045.0,2574.0,509.0,2
6,6,2020,3767.0,2699.0,2172.0,549.0,2
7,6,2020,2934.0,2489.0,2149.0,468.0,5
8,6,2020,4432.0,3454.0,2853.0,564.0,4
9,6,2020,2468.0,1995.0,1762.0,304.0,1
10,6,2020,4928.0,3882.0,3388.0,561.0,5
11,6,2020,4743.0,3823.0,3273.0,577.0,7
12,6,2020,3810.0,3394.0,2556.0,545.0,2
13,6,2020,4425.0,3081.0,2566.0,528.0,4
14,6,2020,4470.0,3164.0,3189.0,544.0,6
15,6,2020,4252.0,3441.0,2701.0,564.0,5
16,6,2020,4474.0,3317.0,2737.0,541.0,3
17,6,2020,4787.0,3493.0,2923.0,552.0,2
18,6,2020,3675.0,3454.0,2595.0,447.0,2
19,6,2020,3486.0,2670.0,2297.0,394.0,7
20,6,2020,3397.0,2507.0,2044.0,437.0,6
21,6,2020,3516.0,2669.0,2197.0,473.0,7
22,6,2020,3141.0,2336.0,2697.0,393.0,1
23,6,2020,3354.0,2684.0,2175.0,405.0,1
24,6,2020,4124.0,3145.0,2690.0,473.0,6
25,6,2020,3243.0,2622.0,2338.0,402.0,6
26,6,2020,4859.0,3493.0,2673.0,545.0,4
27,6,2020,3669.0,2878.0,2370.0,482.0,6
28,6,2020,3913.0,2949.0,2559.0,484.0,6
29,6,2020,3810.0,3047.0,2489.0,532.0,2
30,6,2020,3621.0,2915.0,2459.0,506.0,6
1,7,2020,3054.0,2282.0,1859.0,284.0,7
2,7,2020,3179.0,2964.0,2428.0,473.0,3
3,7,2020,4560.0,3694.0,2969.0,594.0,5
4,7,2020,3892.0,3049.0,2785.0,494.0,6
5,7,2020,2581.0,1954.0,1727.0,311.0,7
6,7,2020,3651.0,2780.0,2118.0,437.0,2
7,7,2020,4029.0,2716.0,2136.0,509.0,3
8,7,2020,4314.0,3181.0,2671.0,519.0,5
9,7,2020,3397.0,2949.0,2382.0,430.0,1
10,7,2020,3512.0,2667.0,2297.0,450.0,6
11,7,2020,3880.0,3144.0,2566.0,483.0,5
12,7,2020,2383.0,1752.0,1411.0,267.0,1
13,7,2020,2419.0,2064.0,1725.0,345.0,7
14,7,2020,3828.0,2623.0,2103.0,473.0,6
15,7,2020,4182.0,3135.0,2693.0,464.0,3
16,7,2020,3898.0,2845.0,2370.0,484.0,5
17,7,2020,3827.0,3039.0,2525.0,482.0,3
18,7,2020,5097.0,3689.0,3269.0,552.0,4
19,7,2020,3638.0,2732.0,2361.0,532.0,2
20,7,2020,3866.0,2715.0,2278.0,492.0,3
21,7,2020,3770.0,2938.0,2582.0,453.0,5
22,7,2020,2812.0,2291.0,1869.0,370.0,7
23,7,2020,4174.0,3140.0,2613.0,477.0,4
24,7,2020,4533.0,3441.0,2964.0,571.0,4
25,7,2020,3277.0,2286.0,1859.0,386.0,6
26,7,2020,2539.0,1824.0,1586.0,267.0,7
27,7,2020,3633.0,2840.0,2428.0,486.0,4
28,7,2020,4630.0,3144.0,2679.0,545.0,2
29,7,2020,2961.0,2140.0,1853.0,343.0,6
30,7,2020,3945.0,2949.0,2533.0,507.0,5
31,7,2020,3446.0,2623.0,1845.0,484.0,2
1,8,2020,4055.0,2785.0,2371.0,508.0,3
2,8,2020,3766.0,2969.0,2470.0,484.0,4
3,8,2020,3707.0,2727.0,2233.0,477.0,4
4,8,2020,3795.0,2916.0,2397.0,499.0,4
5,8,2020,3633.0,2690.0,2189.0,434.0,4
6,8,2020,3782.0,3032.0,2687.0,469.0,3
7,8,2020,3537.0,2727.0,2253.0,437.0,3
8,8,2020,4024.0,2730.0,2263.0,469.0,3
9,8,2020,3817.0,2932.0,2395.0,494.0,5
10,8,2020,3660.0,2880.0,2428.0,451.0,3
11,8,2020,3797.0,2681.0,2338.0,394.0,1
12,8,2020,2639.0,2186.0,1825.0,282.0,1
13,8,2020,3335.0,2780.0,2397.0,437.0,3
14,8,2020,2970.0,2420.0,2069.0,393.0,6
15,8,2020,3443.0,2598.0,2103.0,393.0,5
16,8,2020,3890.0,3307.0,2829.0,402.0,2
17,8,2020,4201.0,3394.0,2745.0,474.0,4
18,8,2020,2430.0,1767.0,1569.0,321.0,7
19,8,2020,3177.0,2345.0,2131.0,444.0,6
