Date,Page.Loads,Unique.Visits,First.Time.Visits,Returning.Visits,Day.Of.Week
2014-09-14,3621.0,2528.0,2297.0,231.0,2
2014-09-15,3621.0,2181.0,2297.0,231.0,2
2014-09-16,2732.0,1941.0,1622.0,278.0,1
2014-09-17,2116.0,1582.0,1414.0,231.0,1
2014-09-18,3316.0,2613.0,2172.0,236.0,4
2014-09-19,4414.0,3194.0,2513.0,284.0,5
2014-09-20,2715.0,1882.0,1622.0,231.0,1
2014-09-21,4314.0,3029.0,2743.0,286.0,5
2014-09-22,2425.0,1806.0,1523.0,288.0,6
2014-09-23,4462.0,3257.0,2989.0,268.0,3
2014-09-24,4343.0,3175.0,2891.0,284.0,5
2014-09-25,2732.0,1839.0,1618.0,252.0,7
2014-09-26,3624.0,2415.0,2148.0,329.0,5
2014-09-27,2465.0,1806.0,1445.0,193.0,7
2014-09-28,2297.0,1645.0,1613.0,231.0,1
2014-09-29,1658.0,1118.0,985.0,133.0,7
2014-09-30,2815.0,1863.0,1622.0,241.0,6
2014-10-01,4124.0,2849.0,2541.0,308.0,5
2014-10-02,2431.0,1754.0,1477.0,244.0,7
2014-10-03,3565.0,2476.0,2070.0,428.0,2
2014-10-04,4658.0,3331.0,2955.0,376.0,2
2014-10-05,3976.0,3057.0,2679.0,402.0,2
2014-10-06,2933.0,2097.0,1613.0,286.0,1
2014-10-07,3005.0,2097.0,1856.0,241.0,1
2014-10-08,5307.0,3717.0,3308.0,409.0,4
2014-10-09,2901.0,2141.0,1849.0,292.0,1
2014-10-10,5135.0,3701.0,3280.0,421.0,3
2014-10-11,3565.0,2382.0,2082.0,282.0,6
2014-10-12,2341.0,1613.0,1348.0,266.0,1
2014-10-13,4893.0,3544.0,3133.0,366.0,3
2014-10-14,5307.0,3737.0,3177.0,409.0,2
2014-10-15,5050.0,3908.0,3417.0,579.0,3
2014-10-16,4658.0,3316.0,2940.0,376.0,5
2014-10-17,5040.0,3515.0,3217.0,387.0,3
2014-10-18,3565.0,2382.0,2100.0,376.0,6
2014-10-19,4282.0,2961.0,2361.0,500.0,3
2014-10-20,2971.0,2097.0,1685.0,241.0,7
2014-10-21,4096.0,2873.0,2577.0,296.0,2
2014-10-22,4309.0,3097.0,2675.0,329.0,1
2014-10-23,3914.0,2903.0,2528.0,387.0,6
2014-10-24,5045.0,3515.0,3146.0,447.0,4
2014-10-25,4814.0,3517.0,3019.0,409.0,4
2014-10-26,4643.0,3328.0,2905.0,506.0,3
2014-10-27,2080.0,1457.0,1280.0,177.0,7
2014-10-28,4124.0,2677.0,2285.0,319.0,6
2014-10-29,4584.0,3544.0,2899.0,535.0,2
2014-10-30,4162.0,3041.0,2657.0,384.0,5
2014-10-31,2080.0,1436.0,1280.0,162.0,7
2014-11-01,2901.0,2141.0,1858.0,311.0,1
2014-11-02,3083.0,2204.0,1926.0,289.0,1
2014-11-03,4330.0,3007.0,2511.0,411.0,6
2014-11-04,4584.0,3357.0,2899.0,458.0,5
2014-11-05,2085.0,1488.0,1280.0,208.0,7
2014-11-06,4501.0,3181.0,2821.0,328.0,2
2014-11-07,4704.0,3200.0,2739.0,402.0,3
2014-11-08,3236.0,2369.0,2100.0,335.0,1
2014-11-09,2202.0,1716.0,1622.0,253.0,7
2014-11-10,4754.0,3203.0,2758.0,440.0,2
2014-11-11,4274.0,3194.0,2758.0,406.0,5
2014-11-12,4598.0,3365.0,2901.0,454.0,4
2014-11-13,4274.0,3194.0,2758.0,436.0,5
2014-11-14,3382.0,2423.0,2061.0,362.0,6
2014-11-15,4314.0,2919.0,2513.0,406.0,4
2014-11-16,4891.0,3478.0,2861.0,434.0,3
2014-11-17,3236.0,2318.0,1975.0,343.0,6
2014-11-18,4893.0,3570.0,3133.0,437.0,5
2014-11-19,2818.0,1892.0,1579.0,343.0,7
2014-11-20,4584.0,3357.0,2899.0,458.0,5
2014-11-21,4584.0,3357.0,2899.0,458.0,5
2014-11-22,3031.0,2089.0,1856.0,233.0,1
2014-11-23,4392.0,3194.0,2513.0,593.0,5
2014-11-24,4535.0,3242.0,2787.0,455.0,3
2014-11-25,3236.0,2318.0,1975.0,343.0,6
2014-11-26,2971.0,2308.0,1922.0,386.0,6
2014-11-27,2014.0,1430.0,1141.0,289.0,7
2014-11-28,4016.0,2932.0,2489.0,343.0,6
2014-11-29,4704.0,3141.0,2739.0,402.0,3
2014-11-30,4474.0,3032.0,2720.0,312.0,3
2014-12-01,5266.0,3876.0,3295.0,535.0,5
2014-12-02,5266.0,3877.0,3317.0,560.0,2
2014-12-03,3625.0,2650.0,2259.0,391.0,1
2014-12-04,4535.0,3351.0,2897.0,454.0,2
2014-12-05,4685.0,3478.0,3000.0,478.0,2
2014-12-06,2205.0,1419.0,1179.0,310.0,7
2014-12-07,1380.0,1011.0,836.0,175.0,7
2014-12-08,5878.0,4375.0,3829.0,552.0,2
2014-12-09,4259.0,374.0,2673.0,594.0,1
2014-12-10,5884.0,4119.0,3542.0,542.0,2
2014-12-11,4535.0,3351.0,2793.0,454.0,1
2014-12-12,2147.0,1440.0,1111.0,302.0,1
2014-12-13,3934.0,2856.0,2479.0,377.0,6
2014-12-14,3698.0,2630.0,2354.0,381.0,1
2014-12-15,6360.0,4758.0,4058.0,643.0,3
2014-12-16,2431.0,1716.0,1463.0,253.0,7
2014-12-17,4891.0,3338.0,2861.0,447.0,3
2014-12-18,3691.0,2690.0,2275.0,415.0,5
2014-12-19,3793.0,2375.0,1833.0,410.0,3
2014-12-20,1430.0,947.0,772.0,175.0,7
2014-12-21,2173.0,1472.0,1228.0,244.0,2
2014-12-22,1381.0,955.0,689.0,160.0,3
2014-12-23,4462.0,3257.0,2989.0,268.0,1
2014-12-24,1430.0,947.0,772.0,175.0,2
2014-12-25,1380.0,941.0,740.0,160.0,7
2014-12-26,1486.0,1005.0,808.0,197.0,6
2014-12-27,1430.0,947.0,781.0,175.0,7
2014-12-28,4728.0,3294.0,2761.0,566.0,1
2014-12-29,2905.0,1976.0,1695.0,281.0,7
2014-12-30,1387.0,908.0,740.0,205.0,7
2014-12-31,1071.0,1071.0,839.0,300.0,6
2015-01-01,1414.0,1039.0,870.0,175.0,5
2015-01-02,3083.0,2335.0,1906.0,429.0,4
2015-01-03,1751.0,1237.0,1052.0,185.0,7
2015-01-04,1896.0,1409.0,1186.0,223.0,7
2015-01-05,1751.0,1237.0,1052.0,245.0,7
2015-01-06,2262.0,1490.0,1066.0,255.0,6
2015-01-07,3722.0,2724.0,2296.0,393.0,3
2015-01-08,1737.0,1039.0,958.0,239.0,7
2015-01-09,4377.0,3381.0,2893.0,464.0,4
2015-01-10,3523.0,2457.0,2069.0,388.0,5
2015-01-11,2341.0,1611.0,1391.0,220.0,1
2015-01-12,3838.0,2518.0,2045.0,429.0,2
2015-01-13,3314.0,2286.0,1922.0,350.0,6
2015-01-14,4038.0,2731.0,2368.0,446.0,4
2015-01-15,3716.0,2367.0,2069.0,393.0,5
2015-01-16,2943.0,1928.0,1640.0,288.0,6
2015-01-17,2948.0,2066.0,1708.0,362.0,6
2015-01-18,4027.0,2841.0,2456.0,466.0,6
2015-01-19,2180.0,1679.0,1437.0,283.0,1
2015-01-20,3810.0,2621.0,2239.0,382.0,3
2015-01-21,3179.0,2237.0,1821.0,416.0,6
2015-01-22,3890.0,2622.0,2232.0,390.0,1
2015-01-23,3823.0,,2229.0,577.0,5
2015-01-24,3565.0,2586.0,2173.0,368.0,6
2015-01-25,2802.0,2010.0,1740.0,270.0,1
2015-01-26,3831.0,2716.0,2266.0,479.0,4
2015-01-27,4432.0,2916.0,2460.0,394.0,4
2015-01-28,3734.0,2665.0,2271.0,394.0,2
2015-01-29,4377.0,3143.0,2679.0,464.0,5
2015-01-30,3513.0,2622.0,2116.0,375.0,6
2015-01-31,1948.0,1241.0,1067.0,258.0,7
2015-02-01,3738.0,2465.0,1999.0,439.0,6
2015-02-02,4936.0,3500.0,3023.0,477.0,4
2015-02-03,4702.0,3377.0,2857.0,523.0,5
2015-02-04,4581.0,3272.0,2874.0,471.0,6
2015-02-05,3948.0,2572.0,2104.0,468.0,6
2015-02-06,4470.0,3164.0,2620.0,552.0,5
2015-02-07,4840.0,3319.0,2757.0,482.0,5
2015-02-08,4251.0,2922.0,2477.0,466.0,5
2015-02-09,2993.0,2468.0,2104.0,364.0,1
2015-02-10,5400.0,3747.0,3170.0,547.0,2
2015-02-11,4097.0,2947.0,2441.0,483.0,6
2015-02-12,3764.0,2803.0,2300.0,509.0,3
2015-02-13,4387.0,3968.0,3382.0,537.0,2
2015-02-14,2297.0,1496.0,1323.0,283.0,7
2015-02-15,3265.0,2277.0,1897.0,285.0,1
2015-02-16,4670.0,3297.0,2826.0,471.0,2
2015-02-17,5242.0,3737.0,3104.0,495.0,2
2015-02-18,3928.0,2468.0,2104.0,468.0,1
2015-02-19,4790.0,3452.0,2811.0,496.0,3
2015-02-20,5307.0,3717.0,3308.0,517.0,2
2015-02-21,5463.0,3975.0,3433.0,542.0,3
2015-02-22,5219.0,3689.0,3180.0,509.0,5
2015-02-23,2455.0,1823.0,1569.0,254.0,7
2015-02-24,4058.0,2923.0,2442.0,481.0,6
2015-02-25,5474.0,3940.0,3337.0,603.0,3
2015-02-26,5289.0,3747.0,3186.0,561.0,5
2015-02-27,3570.0,2468.0,2239.0,393.0,6
2015-02-28,4938.0,3447.0,2845.0,493.0,6
2015-03-01,5103.0,3926.0,3197.0,571.0,5
2015-03-02,2754.0,1823.0,1569.0,254.0,7
2015-03-03,5773.0,4025.0,3490.0,535.0,3
2015-03-04,4225.0,3176.0,2882.0,500.0,6
2015-03-05,5773.0,4160.0,3490.0,580.0,3
2015-03-06,5181.0,3808.0,3289.0,597.0,2
2015-03-07,5861.0,4064.0,3330.0,725.0,4
2015-03-08,4614.0,3240.0,2699.0,541.0,5
2015-03-09,5400.0,3801.0,3246.0,578.0,2
2015-03-10,3590.0,2620.0,2196.0,424.0,1
2015-03-11,5229.0,3859.0,3263.0,596.0,4
2015-03-12,4834.0,2761.0,2259.0,556.0,6
2015-03-13,5367.0,4025.0,3279.0,598.0,4
2015-03-14,4813.0,3708.0,3182.0,597.0,3
2015-03-15,3907.0,2906.0,2519.0,387.0,1
2015-03-16,4058.0,2916.0,2442.0,484.0,1
2015-03-17,4682.0,3240.0,2786.0,486.0,6
2015-03-18,5465.0,4043.0,3458.0,585.0,4
2015-03-19,2815.0,2021.0,1682.0,339.0,7
2015-03-20,5599.0,3985.0,3378.0,599.0,4
2015-03-21,5367.0,3771.0,3197.0,579.0,2
2015-03-22,4225.0,2916.0,2462.0,454.0,1
2015-03-23,4364.0,2946.0,2457.0,507.0,6
2015-03-24,3868.0,2794.0,2388.0,501.0,1
2015-03-25,5461.0,4048.0,3388.0,569.0,2
2015-03-26,5103.0,3771.0,3184.0,571.0,5
2015-03-27,3281.0,2202.0,1854.0,348.0,7
2015-03-28,5906.0,4048.0,3388.0,652.0,4
2015-03-29,5440.0,3968.0,3387.0,581.0,3
2015-03-30,5861.0,4086.0,3419.0,636.0,5
2015-03-31,4187.0,3011.0,2663.0,351.0,1
2015-04-01,4723.0,3319.0,2771.0,593.0,4
2015-04-02,5329.0,3737.0,3170.0,591.0,4
2015-04-03,6435.0,4694.0,3929.0,765.0,2
2015-04-04,5206.0,3737.0,3170.0,591.0,2
2015-04-05,4090.0,2913.0,2427.0,486.0,1
2015-04-06,6126.0,4173.0,3522.0,603.0,3
2015-04-07,6062.0,4258.0,3624.0,689.0,4
2015-04-08,5601.0,4015.0,3401.0,614.0,4
2015-04-09,4171.0,3147.0,2601.0,434.0,6
2015-04-10,5206.0,3636.0,3118.0,516.0,4
2015-04-11,4800.0,3457.0,2836.0,621.0,4
2015-04-12,3935.0,2803.0,2338.0,456.0,1
2015-04-13,6372.0,4485.0,3787.0,698.0,3
2015-04-14,4640.0,3435.0,2756.0,646.0,6
2015-04-15,6170.0,4409.0,3723.0,686.0,5
2015-04-16,6299.0,4455.0,3769.0,686.0,3
2015-04-17,4682.0,3307.0,2741.0,566.0,6
2015-04-18,6380.0,4743.0,4027.0,716.0,3
2015-04-19,5794.0,4316.0,3,678.0,5
2015-04-20,6371.0,4870.0,3969.0,872.0,2
2015-04-21,6299.0,4455.0,3769.0,686.0,3
2015-04-22,6360.0,4512.0,3797.0,715.0,2
2015-04-23,6349.0,4621.0,3797.0,696.0,5
2015-04-24,5814.0,4379.0,3640.0,665.0,4
2015-04-25,6360.0,4520.0,3707.0,696.0,2
2015-04-26,6570.0,4448.0,3646.0,780.0,2
2015-04-27,6534.0,4731.0,3977.0,754.0,2
2015-04-28,6231.0,4343.0,3647.0,696.0,3
2015-04-29,6299.0,4455.0,3769.0,686.0,3
2015-04-30,3134.0,2240.0,1958.0,393.0,7
2015-05-01,3513.0,2485.0,2095.0,388.0,7
2015-05-02,4456.0,2996.0,2435.0,560.0,6
2015-05-03,3608.0,2523.0,2068.0,455.0,7
2015-05-04,5705.0,4160.0,3490.0,604.0,3
2015-05-05,5206.0,3868.0,3219.0,650.0,4
2015-05-06,4905.0,3522.0,2797.0,618.0,2
2015-05-07,6343.0,4449.0,3770.0,679.0,5
2015-05-08,3976.0,2731.0,2245.0,473.0,6
2015-05-09,4783.0,3582.0,3049.0,533.0,5
2015-05-10,6291.0,4489.0,3810.0,679.0,5
2015-05-11,6223.0,4520.0,3818.0,702.0,3
2015-05-12,5871.0,4040.0,3352.0,719.0,3
2015-05-13,5449.0,3767.0,3149.0,618.0,3
2015-05-14,520.0,3966.0,3336.0,695.0,4
2015-05-15,5667.0,3759.0,3130.0,629.0,4
2015-05-16,4319.0,3145.0,2482.0,634.0,5
2015-05-17,3336.0,2376.0,1988.0,388.0,1
2015-05-18,5449.0,3767.0,3149.0,618.0,5
2015-05-19,5449.0,3767.0,3149.0,618.0,3
2015-05-20,5746.0,3956.0,3371.0,585.0,4
2015-05-21,3423.0,2404.0,1988.0,416.0,7
2015-05-22,4137.0,3210.0,2668.0,553.0,5
2015-05-23,5463.0,3975.0,3433.0,542.0,2
2015-05-24,3292.0,2117.0,1763.0,422.0,6
2015-05-25,4132.0,3064.0,2561.0,545.0,5
2015-05-26,3642.0,3046.0,2494.0,596.0,1
2015-05-27,4225.0,2913.0,2462.0,471.0,6
2015-05-28,5449.0,3767.0,3149.0,618.0,3
2015-05-29,4376.0,3115.0,2562.0,553.0,5
2015-05-30,5103.0,3755.0,3184.0,542.0,5
2015-05-31,5206.0,3737.0,3216.0,567.0,2
2015-06-01,3289.0,2122.0,1790.0,297.0,1
2015-06-02,3967.0,2591.0,2125.0,393.0,2
2015-06-03,4963.0,3469.0,2788.0,659.0,3
2015-06-04,4431.0,3173.0,2652.0,521.0,5
2015-06-05,3371.0,2293.0,1891.0,440.0,1
2015-06-06,4903.0,3475.0,2793.0,607.0,3
2015-06-07,4602.0,3204.0,2660.0,589.0,3
2015-06-08,4962.0,388.0,2788.0,511.0,2
2015-06-09,4962.0,3377.0,2788.0,589.0,2
2015-06-10,4420.0,3030.0,2463.0,567.0,2
2015-06-11,4962.0,3425.0,2786.0,566.0,4
2015-06-12,5226.0,3399.0,2741.0,658.0,2
2015-06-13,2670.0,2034.0,1644.0,297.0,1
2015-06-14,4138.0,2890.0,2376.0,514.0,2
2015-06-15,2176.0,1467.0,1201.0,266.0,7
2015-06-16,437.0,3247.0,2778.0,454.0,2
2015-06-17,4907.0,3464.0,2763.0,654.0,4
2015-06-18,2469.0,2197.0,1292.0,342.0,1
2015-06-19,2866.0,2034.0,1692.0,342.0,1
2015-06-20,3423.0,2415.0,1942.0,478.0,6
2015-06-21,4625.0,3194.0,2669.0,623.0,5
2015-06-22,2851.0,2142.0,1779.0,363.0,1
2015-06-23,2070.0,1486.0,1235.0,266.0,7
2015-06-24,4620.0,3120.0,2615.0,595.0,4
2015-06-25,4027.0,2780.0,2247.0,522.0,5
2015-06-26,5,4144.0,3419.0,639.0,2
2015-06-27,1829.0,1122.0,975.0,257.0,7
2015-06-28,2223.0,1557.0,1262.0,293.0,7
2015-06-29,4692.0,3261.0,2691.0,522.0,3
2015-06-30,1985.0,1035.0,1097.0,243.0,7
2015-07-01,3906.0,2515.0,2119.0,467.0,5
2015-07-02,3765.0,2669.0,2119.0,519.0,5
2015-07-03,3625.0,2693.0,2266.0,479.0,2
2015-07-04,1602.0,1168.0,947.0,223.0,7
2015-07-05,3137.0,2203.0,1702.0,436.0,6
2015-07-06,1603.0,1108.0,924.0,261.0,7
2015-07-07,1622.0,1211.0,924.0,270.0,1
2015-07-08,1752.0,1266.0,1021.0,245.0,1
2015-07-09,1819.0,1284.0,1068.0,216.0,7
2015-07-10,4047.0,2655.0,2081.0,547.0,2
2015-07-11,3694.0,2579.0,2067.0,489.0,4
2015-07-12,3973.0,2745.0,2266.0,523.0,4
2015-07-13,4029.0,2625.0,2203.0,541.0,3
2015-07-14,2917.0,2048.0,1723.0,325.0,6
2015-07-15,3906.0,2667.0,2119.0,548.0,5
2015-07-16,3906.0,2667.0,2150.0,589.0,5
2015-07-17,4439.0,2930.0,2419.0,528.0,2
2015-07-18,2431.0,1690.0,1292.0,326.0,6
2015-07-19,2822.0,1679.0,1319.0,317.0,1
2015-07-20,3716.0,2615.0,2146.0,469.0,2
2015-07-21,4053.0,2595.0,2095.0,539.0,5
2015-07-22,3137.0,2280.0,1755.0,483.0,6
2015-07-23,3901.0,2595.0,2095.0,500.0,5
2015-07-24,3292.0,2207.0,1785.0,535.0,6
2015-07-25,2552.0,1767.0,1487.0,280.0,7
2015-07-26,2968.0,2062.0,1708.0,401.0,1
2015-07-27,4322.0,2890.0,2382.0,500.0,3
2015-07-28,1799.0,1284.0,1068.0,216.0,7
2015-07-29,3975.0,2691.0,2169.0,563.0,2
2015-07-30,3716.0,2629.0,2126.0,503.0,5
2015-07-31,2070.0,1497.0,1231.0,266.0,1
2015-08-01,4018.0,2770.0,2335.0,429.0,2
2015-08-02,1736.0,1227.0,1023.0,204.0,7
2015-08-03,3973.0,2794.0,2263.0,531.0,2
2015-08-04,3997.0,2731.0,2269.0,374.0,3
2015-08-05,3132.0,2237.0,1721.0,432.0,4
2015-08-06,3997.0,2794.0,2269.0,525.0,3
2015-08-07,3303.0,2354.0,1754.0,483.0,2
2015-08-08,1737.0,1237.0,1052.0,185.0,7
2015-08-09,4247.0,2770.0,2358.0,531.0,3
2015-08-10,4073.0,2825.0,2324.0,589.0,3
2015-08-11,4106.0,2726.0,2266.0,525.0,3
2015-08-12,2042.0,1621.0,1324.0,206.0,7
2015-08-13,4348.0,2789.0,2224.0,565.0,2
2015-08-14,4138.0,2890.0,2376.0,541.0,3
2015-08-15,2948.0,2182.0,1739.0,422.0,1
2015-08-16,1828.0,1222.0,1451.0,271.0,7
2015-08-17,4031.0,2763.0,2290.0,473.0,2
2015-08-18,4027.0,2780.0,2248.0,532.0,3
2015-08-19,2815.0,2159.0,1856.0,364.0,1
2015-08-20,3867.0,2715.0,2191.0,524.0,5
2015-08-21,2181.0,1567.0,1282.0,285.0,7
2015-08-22,4212.0,2761.0,2205.0,556.0,3
2015-08-23,1960.0,1370.0,1141.0,229.0,1
2015-08-24,4027.0,2780.0,2248.0,532.0,4
2015-08-25,3671.0,2705.0,2203.0,503.0,5
2015-08-26,4010.0,2789.0,2237.0,552.0,5
2015-08-27,4027.0,2690.0,2133.0,498.0,3
2015-08-28,2829.0,2000.0,1585.0,415.0,3
2015-08-29,4188.0,2715.0,2324.0,532.0,4
2015-08-30,3969.0,2664.0,2127.0,473.0,3
2015-08-31,1960.0,1370.0,1141.0,229.0,7
2015-09-01,1742.0,1197.0,958.0,239.0,7
2015-09-02,4486.0,3423.0,2922.0,481.0,3
2015-09-03,3050.0,2221.0,1846.0,375.0,6
2015-09-04,2878.0,2221.0,1846.0,375.0,6
2015-09-05,2045.0,1517.0,1278.0,235.0,7
2015-09-06,2262.0,1490.0,1235.0,255.0,7
2015-09-07,3330.0,2120.0,1709.0,411.0,6
2015-09-08,4734.0,3381.0,2613.0,548.0,2
2015-09-09,4801.0,3381.0,2845.0,536.0,3
2015-09-10,3354.0,2320.0,1817.0,385.0,6
2015-09-11,3443.0,2598.0,2196.0,402.0,6
2015-09-12,2849.0,2081.0,1739.0,331.0,7
2015-09-13,3134.0,2122.0,1844.0,297.0,6
2015-09-14,3535.0,2435.0,2100.0,335.0,1
2015-09-15,3031.0,2203.0,1727.0,266.0,6
2015-09-16,4801.0,3381.0,2845.0,536.0,4
2015-09-17,4619.0,3381.0,2845.0,506.0,3
2015-09-18,5127.0,3764.0,3123.0,632.0,3
2015-09-19,4840.0,3465.0,2944.0,521.0,3
2015-09-20,2085.0,1513.0,1278.0,235.0,7
2015-09-21,5122.0,3808.0,3289.0,519.0,2
2015-09-22,2853.0,2047.0,1741.0,345.0,1
2015-09-23,4377.0,3377.0,2690.0,464.0,4
2015-09-24,2761.0,1941.0,1675.0,313.0,1
2015-09-25,4972.0,3423.0,2957.0,4835.0,5
2015-09-26,5095.0,3173.0,2621.0,595.0,6
2015-09-27,3504.0,2665.0,2239.0,391.0,2
2015-09-28,4371.0,3241.0,2614.0,501.0,2
2015-09-29,4379.0,3240.0,2736.0,504.0,5
2015-09-30,4486.0,3499.0,3031.0,506.0,5
2015-10-01,5400.0,3934.0,3350.0,584.0,4
2015-10-02,5525.0,3793.0,3272.0,521.0,3
2015-10-03,5753.0,4048.0,3388.0,513.0,5
2015-10-04,3291.0,2506.0,2173.0,333.0,1
2015-10-05,5206.0,3737.0,3170.0,669.0,5
2015-10-06,5474.0,3940.0,3337.0,603.0,3
2015-10-07,5463.0,3934.0,3388.0,542.0,3
2015-10-08,5366.0,3936.0,3331.0,515.0,3
2015-10-09,5617.0,3936.0,3388.0,548.0,4
2015-10-10,5133.0,3720.0,3169.0,564.0,5
2015-10-11,4178.0,3213.0,2697.0,622.0,5
2015-10-12,2571.0,1853.0,1597.0,256.0,7
2015-10-13,5906.0,4266.0,3614.0,623.0,4
2015-10-14,5476.0,4022.0,3466.0,556.0,2
2015-10-15,6264.0,4857.0,3967.0,784.0,2
2015-10-16,5172.0,3683.0,3159.0,495.0,6
2015-10-17,5687.0,4179.0,3534.0,645.0,3
2015-10-18,4091.0,3002.0,2508.0,495.0,6
2015-10-19,5516.0,4140.0,3491.0,649.0,2
2015-10-20,5684.0,4073.0,3417.0,656.0,2
2015-10-21,5243.0,3882.0,3298.0,584.0,4
2015-10-22,5476.0,4022.0,3466.0,556.0,2
2015-10-23,5661.0,3949.0,3331.0,602.0,2
2015-10-24,5400.0,3934.0,3350.0,584.0,4
2015-10-25,3781.0,2857.0,2427.0,422.0,6
2015-10-26,3843.0,2864.0,2441.0,384.0,1
2015-10-27,2465.0,1827.0,1461.0,254.0,7
2015-10-28,4376.0,3179.0,2510.0,669.0,6
2015-10-29,5617.0,4132.0,3536.0,596.0,3
2015-10-30,5461.0,4048.0,3388.0,660.0,3
2015-10-31,5366.0,3908.0,3331.0,618.0,5
2015-11-01,4379.0,3240.0,2714.0,504.0,5
2015-11-02,5624.0,4178.0,3504.0,652.0,5
2015-11-03,5371.0,3780.0,3026.0,652.0,5
2015-11-04,3306.0,2266.0,1895.0,371.0,1
2015-11-05,5656.0,4166.0,3487.0,679.0,5
2015-11-06,5206.0,3869.0,3219.0,679.0,4
2015-11-07,3281.0,2202.0,1854.0,348.0,7
2015-11-08,3838.0,2922.0,2456.0,466.0,1
2015-11-09,6607.0,4092.0,3466.0,656.0,3
2015-11-10,5461.0,4020.0,3388.0,660.0,3
2015-11-11,5395.0,3917.0,3338.0,679.0,5
2015-11-12,5228.0,3929.0,3281.0,648.0,5
2015-11-13,5684.0,4048.0,3417.0,656.0,2
2015-11-14,6837.0,4704.0,3890.0,646.0,2
2015-11-15,4687.0,3388.0,2765.0,525.0,6
2015-11-16,5906.0,4062.0,3379.0,645.0,5
2015-11-17,310.0,2410.0,2028.0,382.0,1
2015-11-18,5243.0,3882.0,3298.0,584.0,4
2015-11-19,6117.0,4275.0,3872.0,703.0,5
2015-11-20,3890.0,2922.0,2424.0,498.0,1
2015-11-21,2836.0,2087.0,1827.0,317.0,7
2015-11-22,5115.0,4520.0,3882.0,656.0,2
2015-11-23,5814.0,4236.0,3543.0,693.0,2
2015-11-24,6054.0,4503.0,3667.0,665.0,2
2015-11-25,3303.0,2424.0,2038.0,482.0,7
2015-11-26,3790.0,2837.0,2418.0,419.0,1
2015-11-27,3896.0,2927.0,2424.0,503.0,1
2015-11-28,5712.0,4331.0,3487.0,797.0,3
2015-11-29,5879.0,4140.0,3475.0,665.0,3
2015-11-30,6331.0,4570.0,3817.0,753.0,2
2015-12-01,1969.0,1409.0,1186.0,263.0,1
2015-12-02,5495.0,4063.0,3428.0,633.0,3
2015-12-03,5097.0,3956.0,3452.0,670.0,4
2015-12-04,6443.0,4589.0,3877.0,712.0,3
2015-12-05,3995.0,2749.0,2243.0,506.0,5
2015-12-06,4948.0,3550.0,3014.0,536.0,4
2015-12-07,3181.0,2313.0,1869.0,444.0,6
2015-12-08,5391.0,3995.0,3241.0,608.0,3
2015-12-09,6327.0,4761.0,3961.0,800.0,4
2015-12-10,4132.0,3291.0,2679.0,516.0,1
2015-12-11,5228.0,4031.0,3281.0,648.0,5
2015-12-12,6380.0,4062.0,3352.0,716.0,4
2015-12-13,4047.0,2768.0,2240.0,516.0,5
2015-12-14,1685.0,1229.0,1011.0,197.0,7
2015-12-15,5331.0,3967.0,3309.0,658.0,3
2015-12-16,3580.0,2424.0,2069.0,495.0,6
2015-12-17,4769.0,3515.0,2917.0,598.0,5
2015-12-18,2694.0,1884.0,1555.0,391.0,1
2015-12-19,5371.0,3784.0,3204.0,580.0,5
2015-12-20,3261.0,2293.0,1853.0,440.0,6
2015-12-21,1694.0,1197.0,947.0,208.0,1
2015-12-22,2883.0,1765.0,1413.0,365.0,3
2015-12-23,1483.0,1027.0,851.0,176.0,4
2015-12-24,1644.0,1099.0,947.0,197.0,1
2015-12-25,1017.0,724.0,586.0,138.0,3
2015-12-26,1526.0,1039.0,863.0,226.0,1
2015-12-27,1992.0,1434.0,1155.0,276.0,7
2015-12-28,2827.0,1761.0,1421.0,459.0,5
2015-12-29,1819.0,1229.0,1016.0,213.0,7
2015-12-30,1985.0,1319.0,1087.0,243.0,7
2015-12-31,2298.0,1489.0,1159.0,285.0,1
2016-01-01,3Loads,2462.0,1981.0,479.0,1128.0
2016-01-02,4432.0,2890.0,2358.0,532.0,2
2016-01-03,6214.0,4474.0,3731.0,743.0,3
2016-01-04,2216.0,1410.0,1028.0,327.0,1
2016-01-05,3941.0,2727.0,2256.0,471.0,4
2016-01-06,3827.0,2639.0,2127.0,501.0,5
2016-01-07,3289.0,2557.0,2122.0,435.0,6
2016-01-08,2619.0,1901.0,1534.0,367.0,1
2016-01-09,4234.0,3116.0,2556.0,560.0,5
2016-01-10,5749.0,4022.0,3246.0,776.0,2
2016-01-11,2901.0,2140.0,1740.0,400.0,6
2016-01-12,4055.0,2800.0,2205.0,625.0,3
2016-01-13,4185.0,3189.0,2559.0,575.0,2
2016-01-14,2412.0,1765.0,1423.0,342.0,1
2016-01-15,3160.0,2211.0,1728.0,483.0,5
2016-01-16,3232.0,2333.0,1862.0,366.0,6
2016-01-17,4366.0,3236.0,2605.0,576.0,2
2016-01-18,4269.0,2818.0,2267.0,547.0,5
2016-01-19,2619.0,1901.0,1535.0,330.0,7
2016-01-20,2950.0,2338.0,1866.0,515.0,1
2016-01-21,3228.0,2198.0,1763.0,435.0,6
2016-01-22,3472.0,2497.0,1980.0,517.0,6
2016-01-23,5495.0,3783.0,3269.0,588.0,4
2016-01-24,3264.0,2198.0,1842.0,457.0,1
2016-01-25,4432.0,2922.0,2444.0,556.0,2
2016-01-26,4101.0,2855.0,2208.0,647.0,2
2016-01-27,5104.0,3768.0,3197.0,571.0,3
2016-01-28,4233.0,3052.0,2466.0,483.0,2
2016-01-29,4724.0,3259.0,2812.0,573.0,5
2016-01-30,2295.0,1690.0,1400.0,290.0,7
2016-01-31,5223.0,3839.0,3299.0,576.0,4
2016-02-01,6318.0,4432.0,3684.0,731.0,5
2016-02-02,3969.0,2572.0,2104.0,568.0,6
2016-02-03,5510.0,4808.0,3731.0,736.0,3
2016-02-04,2987.0,2129.0,1737.0,392.0,6
2016-02-05,2633.0,1930.0,1477.0,344.0,7
2016-02-06,5590.0,3959.0,3176.0,783.0,5
2016-02-07,2982.0,2169.0,1777.0,392.0,7
2016-02-08,4905.0,3592.0,3024.0,568.0,4
2016-02-09,5052.0,3628.0,3019.0,609.0,5
2016-02-10,5188.0,3812.0,3156.0,656.0,2
2016-02-11,5510.0,4105.0,3375.0,730.0,4
2016-02-12,4918.0,3640.0,3190.0,580.0,2
2016-02-13,6360.0,4432.0,3684.0,748.0,2
2016-02-14,5333.0,4007.0,3437.0,729.0,4
2016-02-15,4951.0,3652.0,3039.0,613.0,2
2016-02-16,5495.0,4000.0,3304.0,696.0,3
2016-02-17,4090.0,2979.0,2462.0,569.0,1
2016-02-18,5661.0,3931.0,3493.0,643.0,2
2016-02-19,4002.0,2932.0,2377.0,568.0,6
2016-02-20,3931.0,2715.0,2127.0,588.0,6
2016-02-21,5188.0,3812.0,3156.0,656.0,5
2016-02-22,4376.0,3379.0,2722.0,574.0,5
2016-02-23,6046.0,4460.0,3714.0,746.0,4
2016-02-24,6098.0,4424.0,3440.0,824.0,3
2016-02-25,3928.0,2845.0,2294.0,551.0,6
2016-02-26,5237.0,4344.0,3574.0,766.0,4
2016-02-27,6495.0,4628.0,3413.0,837.0,4
2016-02-28,5719.0,3917.0,3288.0,629.0,2
2016-02-29,6495.0,4424.0,3882.0,814.0,2
2016-03-01,5238.0,3827.0,3134.0,761.0,5
2016-03-02,4201.0,3232.0,2504.0,576.0,4
2016-03-03,5465.0,4043.0,3458.0,714.0,4
2016-03-04,3536.0,2489.0,1993.0,496.0,7
2016-03-05,4507.0,3188.0,2624.0,572.0,6
2016-03-06,4907.0,3470.0,2713.0,568.0,1
2016-03-07,5652.0,4064.0,3239.0,734.0,5
2016-03-08,4878.0,3385.0,2784.0,620.0,6
2016-03-09,4668.0,3441.0,2860.0,594.0,5
2016-03-10,5985.0,4159.0,3426.0,782.0,3
2016-03-11,5909.0,4134.0,3419.0,727.0,5
2016-03-12,6264.0,4526.0,3743.0,783.0,3
2016-03-13,3767.0,2785.0,2290.0,543.0,6
2016-03-14,4610.0,3505.0,2837.0,668.0,5
2016-03-15,5716.0,4224.0,3413.0,731.0,3
2016-03-16,4785.0,3560.0,2882.0,678.0,2
2016-03-17,2950.0,2231.0,1839.0,392.0,1
2016-03-18,5156.0,3767.0,3156.0,656.0,4
2016-03-19,2606.0,1922.0,1892.0,343.0,7
2016-03-20,4975.0,3852.0,3156.0,693.0,3
2016-03-21,3907.0,2838.0,2355.0,483.0,1
2016-03-22,4530.0,3396.0,2793.0,674.0,1
2016-03-23,3923.0,3045.0,2559.0,464.0,1
2016-03-24,5581.0,3962.0,3359.0,681.0,6
2016-03-25,5565.0,4153.0,3274.0,689.0,4
2016-03-26,4791.0,3468.0,2834.0,588.0,6
2016-03-27,5838.0,4191.0,3315.0,744.0,5
2016-03-28,5238.0,3827.0,3134.0,746.0,5
2016-03-29,4376.0,3115.0,2521.0,544.0,6
2016-03-30,2636.0,1930.0,1537.0,378.0,7
2016-03-31,5775.0,4216.0,3413.0,803.0,3
2016-04-01,5202.0,3780.0,3,634.0,3
2016-04-02,3740.0,2673.0,2163.0,510.0,1
2016-04-03,4741.0,3430.0,2820.0,610.0,6
2016-04-04,6648.0,4610.0,4058.0,758.0,3
2016-04-05,6534.0,4727.0,3920.0,877.0,3
2016-04-06,6214.0,4474.0,3743.0,746.0,3
2016-04-07,2344.0,1759.0,14.0,358.0,7
2016-04-08,5804.0,4216.0,3426.0,790.0,5
2016-04-09,4456.0,2995.0,2435.0,560.0,6
2016-04-10,6806.0,4769.0,3920.0,849.0,2
2016-04-11,6265.0,4503.0,3667.0,836.0,3
2016-04-12,5391.0,3904.0,3247.0,857.0,6
2016-04-13,6806.0,4769.0,3920.0,877.0,2
2016-04-14,4741.0,3430.0,2820.0,708.0,6
2016-04-15,6581.0,4824.0,3926.0,898.0,4
2016-04-16,4456.0,3280.0,2725.0,599.0,6
2016-04-17,5885.0,4379.0,3597.0,769.0,3
2016-04-18,6648.0,4968.0,4070.0,841.0,3
2016-04-19,6222.0,4564.0,3646.0,918.0,3
2016-04-20,5324.0,4621.0,3797.0,898.0,5
2016-04-21,6054.0,4293.0,3522.0,771.0,2
2016-04-22,6806.0,4769.0,3920.0,849.0,2
2016-04-23,6052.0,4522.0,3780.0,857.0,3
2016-04-24,3536.0,2489.0,1993.0,477.0,7
2016-04-25,7098.0,5398.0,4468.0,987.0,4
2016-04-26,3733.0,2678.0,2135.0,543.0,6
2016-04-27,4555.0,3493.0,2820.0,571.0,6
2016-04-28,6360.0,4767.0,3892.0,725.0,5
2016-04-29,5790.0,4115.0,3522.0,593.0,3
2016-04-30,3536.0,2489.0,1993.0,496.0,7
2016-05-01,5510.0,4105.0,3375.0,730.0,2
2016-05-02,6378.0,4962.0,3479.0,877.0,4
2016-05-03,5939.0,4567.0,3882.0,685.0,2
2016-05-04,5885.0,4379.0,3597.0,744.0,3
2016-05-05,5510.0,4105.0,3368.0,730.0,5
2016-05-06,5114.0,3460.0,2824.0,622.0,3
2016-05-07,5510.0,4105.0,3375.0,730.0,5
2016-05-08,4831.0,3245.0,2601.0,606.0,4
2016-05-09,5510.0,4105.0,3375.0,730.0,5
2016-05-10,5458.0,4145.0,3442.0,734.0,2
2016-05-11,6599.0,4651.0,3573.0,915.0,2
2016-05-12,4226.0,3064.0,2339.0,725.0,3
2016-05-13,4793.0,3340.0,2692.0,648.0,1
2016-05-14,4482.0,3145.0,2499.0,685.0,1
2016-05-15,6201.0,4488.0,3593.0,825.0,4
2016-05-16,3864.0,2671.0,2191.0,471.0,1
2016-05-17,4886.0,3601.0,2914.0,687.0,3
2016-05-18,2792.0,1947.0,1549.0,414.0,7
2016-05-19,3472.0,2497.0,1980.0,422.0,1
2016-05-20,4954.0,3522.0,2829.0,693.0,2
2016-05-21,4785.0,3560.0,2882.0,678.0,2
2016-05-22,3885.0,2860.0,2338.0,522.0,1
2016-05-23,5540.0,4159.0,3522.0,729.0,5
2016-05-24,6108.0,4241.0,3563.0,831.0,2
2016-05-25,579.0,4266.0,3056.0,667.0,4
2016-05-26,3803.0,2845.0,2338.0,551.0,1
2016-05-27,5668.0,4185.0,3360.0,825.0,3
2016-05-28,5399.0,4086.0,3303.0,725.0,5
2016-05-29,3687.0,2546.0,2067.0,479.0,1
2016-05-30,5510.0,4105.0,3375.0,730.0,5
2016-05-31,5734.0,4216.0,3493.0,857.0,2
2016-06-01,4907.0,3464.0,2772.0,692.0,4
2016-06-02,5353.0,3959.0,3176.0,783.0,5
2016-06-03,4482.0,3164.0,2489.0,675.0,3
2016-06-04,4456.0,3324.0,2722.0,599.0,6
2016-06-05,2737.0,1981.0,1572.0,409.0,7
2016-06-06,5447.0,4372.0,3226.0,796.0,3
2016-06-07,3056.0,2189.0,1779.0,434.0,1
2016-06-08,5104.0,3751.0,3064.0,687.0,4
2016-06-09,4903.0,3470.0,2772.0,677.0,3
2016-06-10,4510.0,3207.0,2550.0,657.0,4
2016-06-11,4391.0,3241.0,2727.0,614.0,6
2016-06-12,4789.0,3454.0,2815.0,673.0,4
2016-06-13,3928.0,2845.0,2294.0,651.0,6
2016-06-14,5051.0,3474.0,2828.0,646.0,4
2016-06-15,5547.0,3832.0,3064.0,787.0,4
2016-06-16,2877.0,2000.0,1614.0,339.0,1
2016-06-17,2763.0,1919.0,1528.0,384.0,1
2016-06-18,5247.0,3852.0,3064.0,787.0,4
2016-06-19,3973.0,2727.0,2233.0,494.0,4
2016-06-20,4398.0,3173.0,2628.0,528.0,5
2016-06-21,4621.0,3277.0,2595.0,682.0,3
2016-06-22,4907.0,3464.0,2772.0,692.0,5
2016-06-23,4465.0,3249.0,2550.0,699.0,3
2016-06-24,2468.0,1765.0,1577.0,329.0,7
2016-06-25,5349.0,4226.0,301.0,728.0,4
2016-06-26,2307.0,1721.0,1356.0,376.0,1
2016-06-27,4368.0,3077.0,2433.0,645.0,2
2016-06-28,2412.0,1741.0,1379.0,355.0,7
2016-06-29,3370.0,2366.0,1818.0,440.0,1
2016-06-30,2430.0,1808.0,1453.0,376.0,1
2016-07-01,3028.0,2226.0,1630.0,496.0,6
2016-07-02,2412.0,1765.0,1452.0,309.0,2
2016-07-03,4307.0,3077.0,2459.0,618.0,5
2016-07-04,2792.0,1947.0,1533.0,414.0,7
2016-07-05,3947.0,2840.0,2235.0,605.0,3
2016-07-06,4307.0,3099.0,2433.0,614.0,5
2016-07-07,4451.0,3488.0,2573.0,673.0,2
2016-07-08,4465.0,3249.0,2450.0,599.0,3
2016-07-09,3992.0,2780.0,2271.0,473.0,2
2016-07-10,1852.0,1308.0,1049.0,250.0,7
2016-07-11,3735.0,2482.0,1906.0,536.0,4
2016-07-12,6905.0,4651.0,3700.0,857.0,2
2016-07-13,4307.0,3077.0,2459.0,618.0,5
2016-07-14,3277.0,2366.0,,673.0,6
2016-07-15,4476.0,2960.0,2346.0,624.0,4
2016-07-16,2970.0,2144.0,1653.0,491.0,2
2016-07-17,4226.0,3241.0,2614.0,729.0,3
2016-07-18,2221.0,1781.0,1349.0,324.0,7
2016-07-19,3621.0,3151.0,2595.0,649.0,4
2016-07-20,1960.0,1370.0,1017.0,324.0,7
2016-07-21,4322.0,3077.0,2404.0,673.0,5
2016-07-22,4244.0,3082.0,2450.0,632.0,4
2016-07-23,4101.0,2855.0,2233.0,611.0,2
2016-07-24,1788.0,1307.0,1028.0,279.0,7
2016-07-25,2357.0,17,1343.0,294.0,7
2016-07-26,2506.0,1726.0,1399.0,382.0,1
2016-07-27,2449.0,1749.0,1386.0,324.0,7
2016-07-28,4470.0,3048.0,2459.0,618.0,2
2016-07-29,3370.0,2366.0,1818.0,548.0,6
2016-07-30,1960.0,1341.0,1087.0,324.0,7
2016-07-31,4307.0,3077.0,2459.0,618.0,5
2016-08-01,3223.0,2286.0,1860.0,426.0,6
2016-08-02,1644.0,1197.0,977.0,228.0,7
2016-08-03,3264.0,2281.0,1847.0,434.0,6
2016-08-04,2608.0,1808.0,1423.0,426.0,3
2016-08-05,4533.0,3345.0,2601.0,642.0,2
2016-08-06,2014.0,1430.0,1141.0,298.0,7
2016-08-07,4101.0,2855.0,2208.0,647.0,2
2016-08-08,2514.0,1749.0,1399.0,350.0,6
2016-08-09,3364.0,2573.0,2122.0,494.0,6
2016-08-10,3634.0,2532.0,2000.0,532.0,2
2016-08-11,4340.0,3235.0,2491.0,648.0,2
2016-08-12,3472.0,2497.0,1853.0,517.0,6
2016-08-13,4465.0,3249.0,2550.0,699.0,3
2016-08-14,2586.0,1749.0,1399.0,350.0,1
2016-08-15,3306.0,2349.0,1866.0,483.0,6
2016-08-16,2147.0,1430.0,1081.0,439.0,6
2016-08-17,4647.0,3430.0,2777.0,687.0,4
2016-08-18,2373.0,1668.0,1357.0,369.0,7
2016-08-19,4382.0,3138.0,2436.0,639.0,5
2016-08-20,4460.0,3056.0,2438.0,618.0,2
2016-08-21,3098.0,207.0,1706.0,411.0,6
2016-08-22,4358.0,3082.0,2439.0,643.0,3
2016-08-23,4460.0,3249.0,2656.0,641.0,4
2016-08-24,3324.0,2381.0,1891.0,490.0,6
2016-08-25,4147.0,3011.0,2380.0,631.0,4
2016-08-26,4010.0,2789.0,2237.0,552.0,4
2016-08-27,4410.0,3106.0,2479.0,645.0,5
2016-08-28,3073.0,2230.0,1762.0,490.0,6
2016-08-29,5104.0,3852.0,3369.0,668.0,4
2016-08-30,4318.0,3226.0,2656.0,604.0,3
2016-08-31,3456.0,2066.0,1892.0,439.0,1
2016-09-01,5285.0,4086.0,3317.0,653.0,4
2016-09-02,4788.0,3625.0,2992.0,633.0,3
2016-09-03,3299.0,2299.0,1823.0,434.0,6
2016-09-04,5402.0,3987.0,3293.0,694.0,4
2016-09-05,2469.0,1778.0,1437.0,309.0,1
2016-09-06,3234.0,2196.0,1739.0,417.0,1
2016-09-07,4728.0,3485.0,2812.0,673.0,5
2016-09-08,4895.0,3787.0,3095.0,694.0,2
2016-09-09,3391.0,2628.0,2145.0,452.0,4
2016-09-10,5596.0,3944.0,3275.0,669.0,4
2016-09-11,3570.0,2496.0,1933.0,489.0,6
2016-09-12,4580.0,3446.0,2882.0,715.0,2
2016-09-13,5362.0,3762.0,3095.0,667.0,2
2016-09-14,2515.0,1711.0,1393.0,318.0,1
2016-09-15,4477.0,3341.0,2657.0,608.0,4
2016-09-16,5671.0,4078.0,3369.0,678.0,4
2016-09-17,5064.0,3241.0,2621.0,620.0,2
2016-09-18,5188.0,3812.0,3156.0,656.0,3
2016-09-19,4619.0,3341.0,2727.0,614.0,2
2016-09-20,5885.0,4379.0,3597.0,782.0,4
2016-09-21,3648.0,2568.0,2122.0,510.0,1
2016-09-22,5402.0,3987.0,3293.0,694.0,4
2016-09-23,4533.0,3446.0,2657.0,564.0,2
2016-09-24,4740.0,3462.0,2845.0,681.0,5
2016-09-25,5547.0,398.0,3085.0,694.0,2
2016-09-26,4391.0,3241.0,2627.0,614.0,6
2016-09-27,4432.0,3106.0,2486.0,644.0,5
2016-09-28,4740.0,3633.0,3171.0,633.0,6
2016-09-29,5353.0,3931.0,3299.0,632.0,3
2016-09-30,3289.0,2289.0,2513.0,430.0,1
2016-10-01,6175.0,4786.0,3854.0,899.0,4
2016-10-02,5938.0,4309.0,3417.0,899.0,5
2016-10-03,5064.0,3951.0,3426.0,815.0,5
2016-10-04,6501.0,4777.0,3880.0,897.0,4
2016-10-05,3976.0,2865.0,2191.0,564.0,2
2016-10-06,5647.0,4652.0,3830.0,759.0,4
2016-10-07,6529.0,3904.0,3646.0,822.0,1
2016-10-08,4510.0,3207.0,2550.0,657.0,6
2016-10-09,4376.0,3179.0,2510.0,669.0,6
2016-10-10,5458.0,4145.0,3442.0,703.0,2
2016-10-11,5323.0,4022.0,3246.0,776.0,3
2016-10-12,6679.0,4991.0,3998.0,993.0,5
2016-10-13,5572.0,4121.0,3460.0,661.0,3
2016-10-14,6026.0,4336.0,3581.0,755.0,2
2016-10-15,6679.0,4508.0,3747.0,834.0,3
2016-10-16,6569.0,4786.0,3918.0,877.0,2
2016-10-17,6691.0,4673.0,3893.0,780.0,4
2016-10-18,6150.0,4588.0,3880.0,774.0,4
2016-10-19,6576.0,4776.0,3961.0,815.0,4
2016-10-20,2733.0,2064.0,1864.0,346.0,7
2016-10-21,3081.0,2269.0,1864.0,405.0,7
2016-10-22,3263.0,2292.0,1881.0,411.0,7
2016-10-23,3081.0,2269.0,1864.0,405.0,7
2016-10-24,5979.0,4399.0,3685.0,814.0,3
2016-10-25,6648.0,4960.0,4070.0,890.0,3
2016-10-26,5103.0,3755.0,3184.0,571.0,5
2016-10-27,6088.0,4431.0,3574.0,857.0,5
2016-10-28,6501.0,4777.0,3581.0,872.0,5
2016-10-29,5685.0,4159.0,3415.0,744.0,5
2016-10-30,6679.0,4991.0,3998.0,993.0,5
2016-10-31,6088.0,4431.0,3574.0,857.0,5
2016-11-01,5104.0,3751.0,3064.0,687.0,4
2016-11-02,5063.0,3628.0,2992.0,609.0,5
2016-11-03,2982.0,2169.0,1777.0,392.0,7
2016-11-04,6265.0,4503.0,3667.0,836.0,2
2016-11-05,5785.0,4281.0,3545.0,736.0,5
2016-11-06,4247.0,2926.0,2352.0,599.0,6
2016-11-07,6529.0,4488.0,3573.0,915.0,2
2016-11-08,7503.0,5181.0,4267.0,931.0,3
2016-11-09,2395.0,1777.0,1503.0,269.0,7
2016-11-10,5685.0,4159.0,3415.0,744.0,5
2016-11-11,6769.0,4903.0,3984.0,880.0,3
2016-11-12,6581.0,4824.0,3926.0,898.0,4
2016-11-13,6534.0,3937.0,3190.0,903.0,4
2016-11-14,5492.0,4007.0,3226.0,790.0,3
2016-11-15,4668.0,3454.0,2860.0,628.0,6
2016-11-16,3872.0,2780.0,2191.0,589.0,6
2016-11-17,6507.0,4508.0,3663.0,836.0,2
2016-11-18,5513.0,3904.0,3321.0,729.0,2
2016-11-19,4491.0,3394.0,2670.0,649.0,6
2016-11-20,6150.0,4588.0,3814.0,774.0,4
2016-11-21,5285.0,4031.0,3379.0,754.0,4
2016-11-22,4778.0,3426.0,2777.0,692.0,6
2016-11-23,4180.0,2964.0,2561.0,543.0,1
2016-11-24,2424.0,1613.0,1283.0,330.0,7
2016-11-25,3733.0,2814.0,2135.0,551.0,6
2016-11-26,3299.0,2394.0,1907.0,434.0,7
2016-11-27,4530.0,3396.0,2722.0,674.0,6
2016-11-28,6908.0,5047.0,4167.0,880.0,2
2016-11-29,4165.0,3048.0,2490.0,558.0,6
2016-11-30,6467.0,4808.0,3905.0,905.0,3
2016-12-01,5842.0,4071.0,3229.0,842.0,3
2016-12-02,2982.0,2169.0,1777.0,392.0,7
2016-12-03,7345.0,5439.0,4452.0,987.0,4
2016-12-04,6581.0,4824.0,3926.0,898.0,4
2016-12-05,2687.0,1947.0,1581.0,405.0,7
2016-12-06,7489.0,5479.0,4500.0,979.0,3
2016-12-07,4358.0,3082.0,2419.0,636.0,2
2016-12-08,4241.0,2914.0,2315.0,608.0,6
2016-12-09,7190.0,5081.0,4120.0,961.0,4
2016-12-10,6905.0,4945.0,3988.0,957.0,2
2016-12-11,7250.0,5047.0,4213.0,880.0,2
2016-12-12,6905.0,4945.0,3988.0,957.0,2
2016-12-13,6659.0,4945.0,3942.0,998.0,2
2016-12-14,2368.0,1761.0,1352.0,428.0,7
2016-12-15,3109.0,2293.0,1866.0,440.0,1
2016-12-16,2980.0,2138.0,1680.0,489.0,7
2016-12-17,2950.0,2231.0,1785.0,351.0,6
2016-12-18,4208.0,2871.0,2267.0,551.0,6
2016-12-19,3109.0,2293.0,1853.0,440.0,1
2016-12-20,6806.0,4960.0,3926.0,898.0,2
2016-12-21,4855.0,3582.0,2897.0,685.0,2
2016-12-22,2386.0,1621.0,1349.0,334.0,6
2016-12-23,1664.0,1594.0,857.0,369.0,6
2016-12-24,1326.0,895.0,696.0,199.0,1
2016-12-25,1546.0,1071.0,857.0,232.0,7
2016-12-26,1387.0,930.0,740.0,190.0,1
2016-12-27,4793.0,2964.0,2313.0,685.0,6
2016-12-28,1819.0,1319.0,1087.0,232.0,7
2016-12-29,7659.0,5267.0,3942.0,985.0,4
2016-12-30,1864.0,1355.0,1102.0,253.0,3
2016-12-31,1447.0,1039.0,839.0,207.0,1
2017-01-01,4638.0,3178.0,2543.0,635.0,2
2017-01-02,1225.0,901.0,681.0,220.0,7
2017-01-03,2263.0,1523.0,1343.0,319.0,7
2017-01-04,2239.0,2046.0,1630.0,408.0,7
2017-01-05,3537.0,2657.0,2056.0,564.0,6
2017-01-06,3261.0,2338.0,1812.0,526.0,6
2017-01-07,2921.0,2105.0,1621.0,484.0,6
2017-01-08,1225.0,958.0,990.0,207.0,7
2017-01-09,1532.0,1054.0,938.0,178.0,1
2017-01-10,4223.0,3143.0,2525.0,588.0,3
2017-01-11,4638.0,3203.0,2649.0,679.0,2
2017-01-12,3577.0,2603.0,2056.0,547.0,7
2017-01-13,4638.0,3178.0,2590.0,533.0,6
2017-01-14,3539.0,2536.0,2087.0,532.0,6
2017-01-15,3588.0,2625.0,2078.0,547.0,6
2017-01-16,4638.0,3251.0,2681.0,545.0,2
2017-01-17,4319.0,2844.0,2302.0,542.0,3
2017-01-18,4441.0,3147.0,2554.0,557.0,4
2017-01-19,4715.0,3375.0,2689.0,686.0,5
2017-01-20,5033.0,3826.0,3133.0,648.0,2
2017-01-21,3160.0,2238.0,1728.0,482.0,6
2017-01-22,3795.0,2875.0,2306.0,527.0,3
2017-01-23,4172.0,3249.0,2595.0,699.0,2
2017-01-24,4787.0,3593.0,2909.0,684.0,3
2017-01-25,5325.0,3892.0,3199.0,679.0,4
2017-01-26,3261.0,2338.0,1812.0,4,6
2017-01-27,3823.0,2832.0,2267.0,565.0,6
2017-01-28,4901.0,3402.0,2875.0,679.0,6
2017-01-29,5144.0,3695.0,2985.0,727.0,4
2017-01-30,5178.0,3826.0,3127.0,699.0,2
2017-01-31,5178.0,3826.0,3127.0,699.0,2
2017-02-01,5733.0,4249.0,3448.0,801.0,2
2017-02-02,5127.0,3781.0,3195.0,632.0,3
2017-02-03,4936.0,3470.0,2808.0,771.0,4
2017-02-04,5142.0,3755.0,3013.0,742.0,2
2017-02-05,4124.0,3441.0,2747.0,694.0,5
2017-02-06,3912.0,272.0,2072.0,567.0,6
2017-02-07,3566.0,2457.0,1970.0,557.0,3
2017-02-08,4972.0,3719.0,3079.0,721.0,2
2017-02-09,3566.0,2514.0,2037.0,468.0,6
2017-02-10,4044.0,2922.0,2335.0,587.0,6
2017-02-11,4972.0,3719.0,3014.0,705.0,2
2017-02-12,4771.0,3517.0,2800.0,717.0,4
2017-02-13,4958.0,3829.0,3183.0,690.0,6
2017-02-14,4636.0,3336.0,2822.0,736.0,4
2017-02-15,1864.0,1312.0,773.0,377.0,2
2017-02-16,5369.0,3759.0,3159.0,619.0,4
2017-02-17,4105.0,3232.0,2676.0,673.0,5
2017-02-18,4968.0,3702.0,2987.0,705.0,3
2017-02-19,5062.0,3812.0,3009.0,803.0,2
2017-02-20,3767.0,2472.0,2136.0,473.0,7
2017-02-21,5101.0,3873.0,3079.0,794.0,3
2017-02-22,2959.0,2147.0,1704.0,443.0,1
2017-02-23,4969.0,3803.0,3291.0,715.0,4
2017-02-24,5234.0,3802.0,3261.0,541.0,5
2017-02-25,2978.0,2387.0,1796.0,529.0,6
2017-02-26,2679.0,1892.0,1519.0,373.0,1
2017-02-27,5628.0,3749.0,3095.0,654.0,6
2017-02-28,5040.0,3660.0,2969.0,758.0,3
2017-03-01,3459.0,2033.0,2033.0,475.0,6
2017-03-02,4936.0,3557.0,2822.0,590.0,4
2017-03-03,4688.0,3441.0,2747.0,694.0,5
2017-03-04,4493.0,3356.0,2672.0,684.0,2
2017-03-05,4678.0,3441.0,2739.0,747.0,3
2017-03-06,4823.0,3481.0,2764.0,717.0,2
2017-03-07,4821.0,3662.0,2942.0,720.0,3
2017-03-08,4816.0,3585.0,2900.0,685.0,2
2017-03-09,4585.0,3444.0,2744.0,700.0,5
2017-03-10,3775.0,2787.0,2253.0,534.0,6
2017-03-11,3232.0,2333.0,1827.0,471.0,6
2017-03-12,4277.0,3224.0,2590.0,654.0,6
2017-03-13,4878.0,3463.0,2799.0,664.0,2
2017-03-14,5095.0,3759.0,3113.0,646.0,4
2017-03-15,4688.0,3441.0,2747.0,694.0,5
2017-03-16,4915.0,3481.0,28033.0,758.0,3
2017-03-17,4636.0,3346.0,2744.0,686.0,5
2017-03-18,5427.0,3759.0,3127.0,671.0,4
2017-03-19,4185.0,3143.0,2570.0,559.0,5
2017-03-20,4878.0,3463.0,2799.0,664.0,2
2017-03-21,4852.0,3481.0,2802.0,679.0,3
2017-03-22,2452.0,1827.0,1408.0,366.0,7
2017-03-23,3034.0,2251.0,1755.0,434.0,6
2017-03-24,3654.0,2566.0,1993.0,554.0,6
2017-03-25,4688.0,3441.0,2694.0,694.0,4
2017-03-26,5034.0,3660.0,2957.0,734.0,3
2017-03-27,4696.0,3479.0,2765.0,714.0,2
2017-03-28,5033.0,3633.0,2875.0,758.0,3
2017-03-29,4555.0,3484.0,2822.0,722.0,4
2017-03-30,4636.0,3390.0,2704.0,686.0,5
2017-03-31,4746.0,3390.0,2657.0,546.0,6
2017-04-01,2481.0,1701.0,2038.0,340.0,7
2017-04-02,4972.0,3719.0,3019.0,772.0,2
2017-04-03,2801.0,2084.0,1755.0,387.0,7
2017-04-04,3141.0,2237.0,1760.0,477.0,4
2017-04-05,3064.0,2167.0,1760.0,370.0,7
2017-04-06,4931.0,3700.0,3019.0,708.0,5
2017-04-07,3054.0,2230.0,1710.0,466.0,6
2017-04-08,2880.0,2046.0,1638.0,494.0,7
2017-04-09,4585.0,3444.0,2744.0,700.0,5
2017-04-10,4113.0,2881.0,2395.0,571.0,1
2017-04-11,3572.0,2731.0,2245.0,486.0,4
2017-04-12,4252.0,3354.0,2869.0,684.0,6
2017-04-13,4365.0,3356.0,2549.0,577.0,6
2017-04-14,3456.0,2471.0,1938.0,535.0,6
2017-04-15,3160.0,2230.0,1757.0,447.0,6
2017-04-16,3524.0,2616.0,2118.0,498.0,1
2017-04-17,4774.0,3402.0,2719.0,683.0,2
2017-04-18,5397.0,3687.0,2906.0,691.0,2
2017-04-19,3753.0,2713.0,2136.0,577.0,6
2017-04-20,4741.0,3375.0,2686.0,691.0,5
2017-04-21,4948.0,3702.0,3019.0,796.0,3
2017-04-22,3651.0,2827.0,2357.0,660.0,4
2017-04-23,2221.0,1665.0,1312.0,319.0,7
2017-04-24,4678.0,3486.0,2968.0,696.0,3
2017-04-25,4457.0,3011.0,2231.0,631.0,2
2017-04-26,4821.0,3521.0,2982.0,685.0,4
2017-04-27,5571.0,3812.0,3009.0,849.0,2
2017-04-28,1326.0,895.0,696.0,199.0,1
2017-04-29,5367.0,3719.0,3057.0,735.0,4
2017-04-30,4748.0,3540.0,3004.0,721.0,3
2017-05-01,4793.0,3340.0,2692.0,648.0,6
2017-05-02,5142.0,3757.0,3013.0,742.0,2
2017-05-03,4560.0,3441.0,2747.0,694.0,2
2017-05-04,2293.0,1704.0,1380.0,324.0,2
2017-05-05,2716.0,1965.0,1597.0,409.0,7
2017-05-06,4823.0,3481.0,2764.0,717.0,3
2017-05-07,4154.0,2996.0,2400.0,596.0,4
2017-05-08,2260.0,1664.0,1324.0,340.0,7
2017-05-09,4387.0,3240.0,2147.0,604.0,5
2017-05-10,4368.0,3078.0,2457.0,645.0,2
2017-05-11,2877.0,2126.0,1670.0,452.0,6
2017-05-12,4834.0,3339.0,2650.0,673.0,2
2017-05-13,4525.0,3226.0,2593.0,633.0,3
2017-05-14,4306.0,3200.0,2897.0,597.0,4
2017-05-15,4448.0,3191.0,2494.0,697.0,6
2017-05-16,3841.0,2624.0,2069.0,567.0,2
2017-05-17,4205.0,3025.0,2403.0,638.0,4
2017-05-18,3327.0,2658.0,2058.0,567.0,6
2017-05-19,3608.0,2493.0,1959.0,534.0,2
2017-05-20,3716.0,2660.0,2188.0,478.0,6
2017-05-21,4878.0,3463.0,2799.0,664.0,2
2017-05-22,2872.0,2147.0,1704.0,408.0,6
2017-05-23,4625.0,3336.0,2669.0,667.0,2
2017-05-24,3604.0,2566.0,2078.0,595.0,5
2017-05-25,2506.0,1781.0,1398.0,382.0,1
2017-05-26,2950.0,2183.0,1730.0,463.0,6
2017-05-27,4261.0,2925.0,2375.0,658.0,2
2017-05-28,4233.0,3039.0,2466.0,692.0,3
2017-05-29,4498.0,3022.0,2464.0,541.0,6
2017-05-30,2452.0,1741.0,1379.0,363.0,1
2017-05-31,4361.0,3147.0,2554.0,593.0,4
2017-06-01,3898.0,2628.0,2127.0,536.0,5
2017-06-02,1225.0,901.0,792.0,220.0,7
2017-06-03,2504.0,1726.0,1399.0,382.0,6
2017-06-04,3046.0,2238.0,1630.0,496.0,3
2017-06-05,4368.0,3022.0,2457.0,645.0,2
2017-06-06,3898.0,2809.0,2202.0,567.0,3
2017-06-07,3073.0,2105.0,1670.0,484.0,6
2017-06-08,3985.0,2913.0,2361.0,599.0,4
2017-06-09,2921.0,2101.0,1660.0,441.0,6
2017-06-10,3866.0,2774.0,2249.0,534.0,4
2017-06-11,4185.0,3113.0,2538.0,607.0,5
2017-06-12,1546.0,1187.0,922.0,230.0,6
2017-06-13,2798.0,2508.0,2017.0,502.0,5
2017-06-14,3046.0,2238.0,1693.0,486.0,4
2017-06-15,3604.0,2624.0,2029.0,595.0,5
2017-06-16,2970.0,2138.0,1621.0,484.0,6
2017-06-17,2951.0,2875.0,1555.0,607.0,3
2017-06-18,2877.0,2114.0,1706.0,495.0,6
2017-06-19,3912.0,2797.0,2200.0,597.0,4
2017-06-20,1651.0,1177.0,832.0,263.0,7
2017-06-21,2426.0,1538.0,1111.0,359.0,6
2017-06-22,2469.0,1823.0,1445.0,405.0,6
2017-06-23,2774.0,2078.0,1670.0,408.0,6
2017-06-24,2961.0,2047.0,1600.0,426.0,5
2017-06-25,1546.0,1187.0,957.0,230.0,7
2017-06-26,3154.0,2494.0,1947.0,473.0,6
2017-06-27,3077.0,2190.0,1690.0,500.0,3
2017-06-28,1609.0,1108.0,924.0,184.0,1
2017-06-29,2738.0,1915.0,1474.0,502.0,4
2017-06-30,4046.0,2718.0,2180.0,573.0,3
2017-07-01,3459.0,2508.0,2033.0,475.0,3
2017-07-02,2969.0,1869.0,1479.0,475.0,4
2017-07-03,2568.0,1755.0,1374.0,381.0,6
2017-07-04,2111.0,1523.0,1280.0,284.0,7
2017-07-05,3084.0,2148.0,1681.0,494.0,2
2017-07-06,2737.0,1981.0,1572.0,409.0,7
2017-07-07,2401.0,1693.0,1310.0,383.0,6
2017-07-08,1532.0,1015.0,891.0,191.0,7
2017-07-09,1511.0,1172.0,938.0,234.0,1
2017-07-10,2934.0,2084.0,1519.0,475.0,7
2017-07-11,2950.0,2183.0,1710.0,488.0,6
2017-07-12,3449.0,2504.0,2006.0,498.0,5
2017-07-13,2933.0,2043.0,1550.0,493.0,5
2017-07-14,3046.0,2238.0,1641.0,486.0,6
2017-07-15,1447.0,1039.0,832.0,231.0,4
2017-07-16,1261.0,903.0,751.0,183.0,7
2017-07-17,2948.0,2069.0,1571.0,460.0,4
2017-07-18,2899.0,2109.0,1591.0,518.0,3
2017-07-19,2986.0,2032.0,1584.0,448.0,5
2017-07-20,2950.0,2031.0,1576.0,632.0,4
2017-07-21,2420.0,1531.0,1160.0,388.0,6
2017-07-22,2552.0,1791.0,1429.0,294.0,1
2017-07-23,1603.0,1170.0,909.0,261.0,7
2017-07-24,3024.0,2149.0,1681.0,442.0,4
2017-07-25,3638.0,,2397.0,491.0,2
2017-07-26,2983.0,1925.0,1490.0,435.0,4
2017-07-27,2899.0,2267.0,1807.0,565.0,6
2017-07-28,3028.0,2145.0,1649.0,496.0,4
2017-07-29,2073.0,1498.0,1121.0,377.0,6
2017-07-30,1304.0,923.0,743.0,203.0,7
2017-07-31,2872.0,1978.0,1481.0,497.0,2
2017-08-01,1242.0,901.0,681.0,220.0,7
2017-08-02,1271.0,908.0,730.0,178.0,7
2017-08-03,2790.0,1981.0,1572.0,409.0,7
2017-08-04,2042.0,1478.0,1150.0,328.0,6
2017-08-05,1225.0,934.0,702.0,223.0,7
2017-08-06,,1976.0,1474.0,587.0,5
2017-08-07,2751.0,1823.0,1398.0,425.0,4
2017-08-08,2163.0,1536.0,1369.0,358.0,6
2017-08-09,2433.0,1715.0,1414.0,321.0,6
2017-08-10,2934.0,2062.0,1619.0,443.0,2
2017-08-11,1261.0,934.0,751.0,183.0,7
2017-08-12,3524.0,2540.0,2075.0,465.0,3
2017-08-13,2445.0,1710.0,1487.0,355.0,
2017-08-14,2392.0,1704.0,1346.0,358.0,6
2017-08-15,2634.0,1868.0,1415.0,494.0,2
2017-08-16,2985.0,1957.0,1463.0,494.0,2
2017-08-17,2217.0,1583.0,1235.0,348.0,6
2017-08-18,2163.0,1521.0,1163.0,358.0,4
2017-08-19,2670.0,1911.0,1416.0,475.0,4
2017-08-20,1969.0,1419.0,1163.0,263.0,7
2017-08-21,1296.0,1108.0,924.0,223.0,7
2017-08-22,3252.0,2410.0,1845.0,541.0,4
2017-08-23,2163.0,1521.0,1163.0,358.0,6
2017-08-24,3252.0,2310.0,1811.0,465.0,3
2017-08-25,2481.0,1761.0,1421.0,332.0,6
2017-08-26,2961.0,1824.0,1600.0,426.0,5
2017-08-27,4307.0,3063.0,2479.0,648.0,3
2017-08-28,1296.0,1287.0,700.0,226.0,5
2017-08-29,3252.0,2310.0,1845.0,465.0,3
2017-08-30,1530.0,1076.0,811.0,265.0,1
2017-08-31,3292.0,2351.0,1824.0,527.0,5
2017-09-01,4933.0,3826.0,3127.0,699.0,2
2017-09-02,2605.0,1944.0,1536.0,475.0,6
2017-09-03,3698.0,2704.0,2382.0,458.0,3
2017-09-04,3513.0,2504.0,1993.0,498.0,4
2017-09-05,3397.0,2457.0,2069.0,466.0,3
2017-09-06,3159.0,2320.0,1882.0,438.0,4
2017-09-07,3324.0,2508.0,2136.0,450.0,4
2017-09-08,1742.0,1289.0,982.0,231.0,1
2017-09-09,3524.0,2667.0,2143.0,524.0,5
2017-09-10,2308.0,1778.0,1488.0,261.0,3
2017-09-11,2411.0,1731.0,1420.0,253.0,1
2017-09-12,3355.0,2300.0,1876.0,424.0,4
2017-09-13,2827.0,2103.0,1844.0,259.0,1
2017-09-14,4317.0,3215.0,2737.0,667.0,3
2017-09-15,2560.0,1867.0,1519.0,348.0,6
2017-09-16,3303.0,2415.0,1974.0,441.0,6
2017-09-17,2425.0,1809.0,1524.0,288.0,1
2017-09-18,3504.0,2596.0,2123.0,473.0,2
2017-09-19,3984.0,2840.0,2382.0,458.0,3
2017-09-20,2425.0,1809.0,1421.0,288.0,1
2017-09-21,2425.0,1809.0,1521.0,288.0,1
2017-09-22,2234.0,1715.0,1446.0,269.0,1
2017-09-23,3372.0,2202.0,1733.0,395.0,6
2017-09-24,3292.0,2351.0,1824.0,527.0,6
2017-09-25,2621.0,1826.0,1482.0,344.0,6
2017-09-26,3669.0,2780.0,2306.0,474.0,2
2017-09-27,3566.0,2657.0,2202.0,519.0,4
2017-09-28,3678.0,2914.0,2528.0,386.0,2
2017-09-29,3604.0,2624.0,2065.0,595.0,2
2017-09-30,3053.0,2443.0,2053.0,390.0,3
2017-10-01,1447.0,1039.0,832.0,207.0,1
2017-10-02,4044.0,2922.0,2335.0,587.0,2
2017-10-03,2759.0,2032.0,1798.0,475.0,5
2017-10-04,3572.0,2731.0,2245.0,486.0,4
2017-10-05,3803.0,2839.0,2263.0,576.0,5
2017-10-06,2205.0,1693.0,1319.0,318.0,1
2017-10-07,3680.0,2881.0,2397.0,587.0,3
2017-10-08,1780.0,1354.0,1106.0,248.0,7
2017-10-09,3734.0,2787.0,2335.0,489.0,3
2017-10-10,4118.0,3147.0,2674.0,589.0,4
2017-10-11,2646.0,1637.0,1283.0,316.0,7
2017-10-12,4859.0,3669.0,2900.0,692.0,5
2017-10-13,4688.0,3356.0,2758.0,584.0,2
2017-10-14,2824.0,2087.0,1717.0,317.0,7
2017-10-15,3868.0,2930.0,2403.0,587.0,3
2017-10-16,3732.0,2916.0,2463.0,532.0,3
2017-10-17,3867.0,2880.0,2344.0,536.0,2
2017-10-18,3655.0,2671.0,2109.0,486.0,4
2017-10-19,3345.0,2478.0,1984.0,494.0,6
2017-10-20,4106.0,2661.0,2133.0,528.0,4
2017-10-21,4372.0,3022.0,2508.0,565.0,2
2017-10-22,3588.0,2625.0,2078.0,547.0,5
2017-10-23,3047.0,2147.0,1704.0,443.0,4
2017-10-24,4563.0,3324.0,2763.0,595.0,4
2017-10-25,3345.0,2478.0,2017.0,490.0,2
2017-10-26,3303.0,2237.0,1760.0,441.0,5
2017-10-27,3675.0,2677.0,2118.0,473.0,6
2017-10-28,2128.0,1567.0,1287.0,290.0,7
2017-10-29,4089.0,2754.0,2224.0,545.0,5
2017-10-30,4078.0,2841.0,2351.0,546.0,2
2017-10-31,4240.0,2774.0,2186.0,598.0,2
2017-11-01,2391.0,1639.0,1338.0,301.0,1
2017-11-02,4598.0,3346.0,2536.0,670.0,4
2017-11-03,3341.0,2397.0,1903.0,494.0,6
2017-11-04,3471.0,2445.0,2038.0,427.0,4
2017-11-05,4993.0,3379.0,2774.0,622.0,5
2017-11-06,4159.0,3082.0,2450.0,648.0,2
2017-11-07,4477.0,3341.0,2689.0,652.0,3
2017-11-08,2816.0,1961.0,1497.0,486.0,1
2017-11-09,2424.0,1783.0,1419.0,288.0,1
2017-11-10,4044.0,2924.0,2335.0,534.0,2
2017-11-11,4170.0,3206.0,2525.0,580.0,4
2017-11-12,4354.0,3227.0,2579.0,648.0,4
2017-11-13,4478.0,3189.0,2578.0,611.0,3
2017-11-14,4746.0,3367.0,2721.0,646.0,2
2017-11-15,4545.0,3345.0,2681.0,664.0,4
2017-11-16,4520.0,3304.0,2629.0,675.0,5
2017-11-17,3317.0,2508.0,2018.0,490.0,6
2017-11-18,4855.0,3399.0,2691.0,621.0,2
2017-11-19,3343.0,2433.0,1930.0,503.0,6
2017-11-20,4154.0,2952.0,2310.0,577.0,5
2017-11-21,4638.0,3178.0,2543.0,635.0,2
2017-11-22,4584.0,3021.0,2456.0,565.0,3
2017-11-23,4364.0,3226.0,2593.0,590.0,4
2017-11-24,4503.0,3188.0,2697.0,684.0,5
2017-11-25,3373.0,2333.0,1660.0,494.0,6
2017-11-26,3669.0,2780.0,2133.0,474.0,3
2017-11-27,3823.0,2832.0,2178.0,544.0,6
2017-11-28,3449.0,2507.0,2006.0,4,6
2017-11-29,4354.0,3227.0,2579.0,648.0,4
2017-11-30,5178.0,3826.0,3127.0,699.0,5
2017-12-01,2914.0,1957.0,1461.0,494.0,7
2017-12-02,3945.0,2930.0,2479.0,552.0,1
2017-12-03,4688.0,3441.0,2747.0,694.0,5
2017-12-04,4108.0,2731.0,2226.0,608.0,5
2017-12-05,3344.0,2530.0,2040.0,625.0,2
2017-12-06,4259.0,2871.0,2312.0,586.0,7
2017-12-07,4173.0,2913.0,2310.0,692.0,5
2017-12-08,3147.0,2561.0,2037.0,465.0,3
2017-12-09,3524.0,2540.0,2075.0,465.0,3
2017-12-10,4695.0,3109.0,2491.0,618.0,3
2017-12-11,4694.0,3532.0,2867.0,665.0,4
2017-12-12,4173.0,3011.0,2395.0,622.0,4
2017-12-13,4651.0,3350.0,2656.0,694.0,2
2017-12-14,3240.0,2394.0,1833.0,486.0,6
2017-12-15,3188.0,2211.0,1762.0,4,6
2017-12-16,398.0,2540.0,2075.0,465.0,3
2017-12-17,2607.0,1812.0,1479.0,403.0,6
2017-12-18,4482.0,3109.0,2491.0,518.0,4
2017-12-19,3588.0,2539.0,2043.0,494.0,4
2017-12-20,3483.0,2607.0,2102.0,505.0,1
2017-12-21,2469.0,1778.0,1479.0,328.0,2
2017-12-22,1741.0,1197.0,924.0,332.0,6
2017-12-23,2481.0,1850.0,1445.0,333.0,1
2017-12-24,3154.0,2214.0,1777.0,488.0,5
2017-12-25,1609.0,1015.0,809.0,206.0,2
2017-12-26,1326.0,895.0,696.0,199.0,1
2017-12-27,2481.0,1761.0,1429.0,333.0,7
2017-12-28,2851.0,2142.0,1779.0,459.0,4
2017-12-29,3655.0,2435.0,2018.0,479.0,4
2017-12-30,1546.0,1071.0,839.0,232.0,7
2017-12-31,1381.0,955.0,851.0,182.0,
2018-01-01,1709.0,1120.0,878.0,242.0,2
2018-01-02,3170.0,2186.0,1855.0,432.0,2
2018-01-03,3511.0,2704.0,2204.0,368.0,6
2018-01-04,2878.0,2046.0,1648.0,367.0,1
2018-01-05,3511.0,2272.0,1801.0,471.0,6
2018-01-06,3371.0,2308.0,1827.0,417.0,7
2018-01-07,2186.0,1447.0,1140.0,295.0,1
2018-01-08,3489.0,2224.0,1737.0,482.0,6
2018-01-09,4457.0,2841.0,2272.0,548.0,2
2018-01-10,4224.0,2866.0,2304.0,562.0,4
2018-01-11,3797.0,2704.0,2203.0,501.0,5
2018-01-12,3252.0,2310.0,1845.0,465.0,5
2018-01-13,3827.0,2639.0,2133.0,459.0,6
2018-01-14,2515.0,1711.0,1393.0,318.0,1
2018-01-15,3950.0,2612.0,2065.0,547.0,2
2018-01-16,1864.0,1778.0,1437.0,341.0,7
2018-01-17,3027.0,2078.0,1648.0,441.0,6
2018-01-18,1852.0,1241.0,992.0,257.0,7
2018-01-19,2185.0,1440.0,1145.0,295.0,1
2018-01-20,4276.0,2844.0,2285.0,527.0,3
2018-01-21,2822.0,1869.0,1495.0,374.0,1
2018-01-22,4786.0,3154.0,2566.0,588.0,3
2018-01-23,3190.0,2127.0,1733.0,435.0,1
2018-01-24,4724.0,3244.0,2680.0,564.0,4
2018-01-25,4417.0,2875.0,2348.0,527.0,5
2018-01-26,2378.0,1694.0,1372.0,306.0,2
2018-01-27,4162.0,2832.0,2310.0,545.0,5
2018-01-28,3840.0,2628.0,2127.0,501.0,4
2018-01-29,4862.0,3194.0,2573.0,621.0,2
2018-01-30,2295.0,1690.0,1400.0,290.0,7
2018-01-31,4705.0,3249.0,2704.0,545.0,4
2018-02-01,4938.0,3447.0,2845.0,545.0,2
2018-02-02,4794.0,3147.0,2679.0,576.0,2
2018-02-03,4984.0,3318.0,2713.0,694.0,2
2018-02-04,3923.0,2476.0,2077.0,399.0,1
2018-02-05,3738.0,2477.0,2015.0,471.0,5
2018-02-06,5092.0,3465.0,2838.0,627.0,3
2018-02-07,3973.0,2572.0,2104.0,552.0,6
2018-02-08,4194.0,2604.0,2202.0,552.0,5
2018-02-09,3969.0,2572.0,2221.0,375.0,6
2018-02-10,4223.0,3186.0,2573.0,588.0,2
2018-02-11,4608.0,2971.0,2534.0,537.0,6
2018-02-12,5341.0,3687.0,3045.0,642.0,2
2018-02-13,4148.0,2754.0,2127.0,552.0,6
2018-02-14,5502.0,3728.0,3019.0,676.0,4
2018-02-15,5288.0,3786.0,3039.0,747.0,4
2018-02-16,5034.0,3497.0,2863.0,678.0,2
2018-02-17,4968.0,3668.0,2957.0,734.0,4
2018-02-18,4723.0,3164.0,2571.0,523.0,5
2018-02-19,5176.0,3720.0,2971.0,649.0,2
2018-02-20,5378.0,3764.0,3123.0,619.0,3
2018-02-21,5542.0,3728.0,3079.0,671.0,3
2018-02-22,5104.0,3729.0,3057.0,668.0,4
2018-02-23,4150.0,2754.0,2231.0,523.0,6
2018-02-24,3287.0,2397.0,1789.0,489.0,6
2018-02-25,5575.0,3734.0,3039.0,693.0,2
2018-02-26,5542.0,3728.0,3052.0,676.0,2
2018-02-27,5525.0,3764.0,3123.0,641.0,3
2018-02-28,2994.0,1945.0,1618.0,395.0,7
2018-03-01,3898.0,2579.0,2144.0,435.0,1
2018-03-02,3923.0,2895.0,2282.0,537.0,1
2018-03-03,6167.0,4092.0,3343.0,696.0,3
2018-03-04,4130.0,2864.0,2140.0,599.0,6
2018-03-05,4353.0,2925.0,2235.0,602.0,6
2018-03-06,5740.0,3842.0,3160.0,682.0,3
2018-03-07,5635.0,3937.0,3259.0,584.0,4
2018-03-08,4915.0,3259.0,2673.0,586.0,1
2018-03-09,4273.0,3038.0,2490.0,548.0,6
2018-03-10,6300.0,4061.0,3279.0,782.0,5
2018-03-11,4364.0,2994.0,2457.0,537.0,6
2018-03-12,5895.0,4141.0,3447.0,694.0,2
2018-03-13,5865.0,3937.0,3267.0,670.0,4
2018-03-14,6392.0,4388.0,3637.0,751.0,2
2018-03-15,4915.0,3259.0,2673.0,586.0,6
2018-03-16,5716.0,4108.0,3315.0,853.0,2
2018-03-17,3956.0,2727.0,2288.0,439.0,1
2018-03-18,5730.0,4040.0,3160.0,771.0,2
2018-03-19,6089.0,4310.0,3616.0,703.0,5
2018-03-20,5720.0,3971.0,3206.0,765.0,4
2018-03-21,5906.0,4021.0,3305.0,708.0,4
2018-03-22,6238.0,4163.0,3396.0,767.0,4
2018-03-23,4062.0,,3127.0,749.0,3
2018-03-24,5874.0,4140.0,3375.0,710.0,2
2018-03-25,4711.0,3236.0,2812.0,574.0,1
2018-03-26,2818.0,1818.0,1568.0,346.0,7
2018-03-27,5874.0,4147.0,3446.0,701.0,3
2018-03-28,5871.0,3842.0,3134.0,693.0,5
2018-03-29,3097.0,2034.0,1694.0,487.0,1
2018-03-30,5865.0,4304.0,3267.0,721.0,2
2018-03-31,3405.0,2345.0,1833.0,343.0,7
2018-04-01,5841.0,4014.0,3401.0,634.0,5
2018-04-02,5237.0,3542.0,2875.0,667.0,6
2018-04-03,6154.0,4126.0,3438.0,688.0,2
2018-04-04,5636.0,4254.0,3306.0,697.0,4
2018-04-05,5460.0,3711.0,3039.0,672.0,6
2018-04-06,5033.0,3533.0,2875.0,658.0,5
2018-04-07,7218.0,4871.0,4013.0,897.0,4
2018-04-08,513.0,3786.0,3039.0,780.0,4
2018-04-09,6278.0,4290.0,3546.0,744.0,2
2018-04-10,6836.0,4514.0,3747.0,767.0,3
2018-04-11,4638.0,3236.0,2744.0,492.0,1
2018-04-12,7250.0,5093.0,4213.0,880.0,4
2018-04-13,7099.0,4871.0,4012.0,837.0,2
2018-04-14,6278.0,4290.0,3543.0,744.0,2
2018-04-15,6126.0,4251.0,3438.0,688.0,5
2018-04-16,7161.0,4993.0,4188.0,805.0,3
2018-04-17,4695.0,3236.0,2744.0,482.0,1
2018-04-18,841.0,4842.0,4001.0,908.0,2
2018-04-19,6067.0,4397.0,3693.0,704.0,4
2018-04-20,5479.0,3635.0,3029.0,578.0,7
2018-04-21,6154.0,4126.0,3438.0,688.0,3
2018-04-22,6298.0,4512.0,3769.0,769.0,4
2018-04-23,7605.0,5124.0,4316.0,908.0,2
2018-04-24,7169.0,4944.0,4136.0,838.0,4
2018-04-25,7984.0,4621.0,3804.0,856.0,2
2018-04-26,5209.0,4727.0,2936.0,708.0,4
2018-04-27,4890.0,3695.0,2985.0,596.0,6
2018-04-28,7372.0,5367.0,4328.0,897.0,3
2018-04-29,5919.0,4205.0,3442.0,762.0,2
2018-04-30,6481.0,4547.0,3798.0,749.0,3
2018-05-01,6783.0,4542.0,3742.0,800.0,3
2018-05-02,4903.0,3551.0,2875.0,676.0,2
2018-05-03,6877.0,4962.0,4085.0,848.0,3
2018-05-04,5460.0,3711.0,3039.0,672.0,6
2018-05-05,4211.0,3210.0,2765.0,445.0,1
2018-05-06,3648.0,2568.0,2058.0,510.0,7
2018-05-07,6980.0,4654.0,3881.0,773.0,2
2018-05-08,6702.0,4577.0,3700.0,877.0,3
2018-05-09,5391.0,3727.0,3046.0,676.0,4
2018-05-10,5692.0,3976.0,3266.0,710.0,5
2018-05-11,6296.0,4316.0,3545.0,771.0,4
2018-05-12,5871.0,4127.0,3375.0,752.0,3
2018-05-13,5716.0,4119.0,3385.0,731.0,4
2018-05-14,4896.0,3326.0,2568.0,612.0,2
2018-05-15,5692.0,3675.0,2971.0,710.0,3
2018-05-16,5878.0,4155.0,3368.0,787.0,2
2018-05-17,5979.0,4061.0,3385.0,703.0,5
2018-05-18,4576.0,2964.0,2313.0,651.0,2
2018-05-19,5489.0,3802.0,3160.0,710.0,3
2018-05-20,5800.0,3946.0,3192.0,765.0,4
2018-05-21,5139.0,3453.0,2811.0,642.0,5
2018-05-22,4993.0,3379.0,2774.0,605.0,5
2018-05-23,5160.0,3802.0,3079.0,769.0,5
2018-05-24,5692.0,3675.0,2965.0,710.0,2
2018-05-25,5692.0,3938.0,3298.0,710.0,5
2018-05-26,2716.0,1965.0,1597.0,368.0,7
2018-05-27,5966.0,4029.0,3385.0,641.0,5
2018-05-28,5536.0,3734.0,3095.0,639.0,2
2018-05-29,4314.0,2986.0,2400.0,586.0,6
2018-05-30,5772.0,4040.0,3340.0,730.0,4
2018-05-31,4106.0,2711.0,2133.0,545.0,5
2018-06-01,3835.0,2681.0,2172.0,509.0,6
2018-06-02,4984.0,3311.0,2738.0,602.0,2
2018-06-03,4994.0,3869.0,3239.0,625.0,4
2018-06-04,5226.0,3026.0,2401.0,658.0,3
2018-06-05,5139.0,3453.0,2811.0,642.0,3
2018-06-06,5051.0,2963.0,2313.0,646.0,4
2018-06-07,1310.0,876.0,715.0,174.0,7
2018-06-08,4787.0,3283.0,2685.0,598.0,2
2018-06-09,5051.0,3474.0,2828.0,646.0,4
2018-06-10,4097.0,2694.0,2059.0,635.0,5
2018-06-11,3076.0,2094.0,1750.0,344.0,1
2018-06-12,4048.0,2685.0,2121.0,564.0,5
2018-06-13,4896.0,3099.0,2485.0,625.0,2
2018-06-14,4429.0,2962.0,2368.0,628.0,2
2018-06-15,4225.0,3013.0,2395.0,561.0,3
2018-06-16,3913.0,2613.0,2172.0,441.0,6
2018-06-17,4245.0,2818.0,2244.0,574.0,4
2018-06-18,5004.0,2985.0,2313.0,552.0,5
2018-06-19,2105.0,1370.0,1173.0,291.0,1
2018-06-20,4576.0,2431.0,1909.0,463.0,1
2018-06-21,4033.0,2658.0,2233.0,623.0,3
2018-06-22,4224.0,2866.0,2361.0,561.0,3
2018-06-23,4350.0,2881.0,2272.0,545.0,5
2018-06-24,3292.0,2207.0,1785.0,463.0,5
2018-06-25,4457.0,2881.0,2272.0,609.0,2
2018-06-26,4736.0,3039.0,2410.0,629.0,2
2018-06-27,4113.0,2890.0,2361.0,571.0,3
2018-06-28,2298.0,1299.0,1019.0,330.0,7
2018-06-29,3966.0,2670.0,2107.0,574.0,6
2018-06-30,4081.0,2785.0,2160.0,625.0,3
2018-07-01,1242.0,,891.0,,3
2018-07-02,4104.0,2576.0,2016.0,552.0,2
2018-07-03,3812.0,2540.0,2072.0,473.0,3
2018-07-04,2801.0,1971.0,1581.0,323.0,5
2018-07-05,3024.0,2149.0,1681.0,468.0,4
2018-07-06,3050.0,1995.0,1575.0,420.0,6
2018-07-07,2397.0,1688.0,1334.0,374.0,1
2018-07-08,4193.0,2789.0,2237.0,652.0,5
2018-07-09,3011.0,2034.0,1666.0,459.0,6
2018-07-10,3011.0,2091.0,1717.0,374.0,1
2018-07-11,2245.0,1611.0,1278.0,220.0,1
2018-07-12,2868.0,2028.0,1581.0,453.0,5
2018-07-13,4576.0,2964.0,2313.0,651.0,5
2018-07-14,1852.0,1249.0,992.0,257.0,7
2018-07-15,2073.0,1474.0,1237.0,261.0,1
2018-07-16,4078.0,2657.0,2095.0,562.0,5
2018-07-17,2404.0,1693.0,1361.0,316.0,1
2018-07-18,4314.0,2943.0,1576.0,586.0,2
2018-07-19,3866.0,2539.0,2091.0,560.0,4
2018-07-20,3004.0,2028.0,1576.0,452.0,6
2018-07-21,3194.0,2238.0,1815.0,473.0,6
2018-07-22,2105.0,1474.0,1173.0,301.0,1
2018-07-23,4026.0,2658.0,2081.0,564.0,2
2018-07-24,1852.0,1249.0,992.0,257.0,7
2018-07-25,1852.0,1214.0,992.0,257.0,7
2018-07-26,3743.0,2515.0,1997.0,581.0,5
2018-07-27,4113.0,2875.0,2376.0,596.0,3
2018-07-28,4130.0,2862.0,2361.0,673.0,3
2018-07-29,3729.0,2700.0,2148.0,552.0,5
2018-07-30,1985.0,908.0,1097.0,243.0,7
2018-07-31,4038.0,2680.0,2133.0,532.0,4
2018-08-01,4240.0,2798.0,2186.0,608.0,4
2018-08-02,3389.0,2208.0,1755.0,453.0,3
2018-08-03,4330.0,2844.0,2304.0,557.0,2
2018-08-04,2378.0,1694.0,1347.0,306.0,1
2018-08-05,4048.0,2685.0,2121.0,564.0,3
2018-08-06,4376.0,2738.0,2249.0,553.0,5
2018-08-07,4205.0,2789.0,2118.0,606.0,4
2018-08-08,4205.0,2724.0,2118.0,606.0,4
2018-08-09,2176.0,1467.0,1278.0,266.0,7
2018-08-10,3973.0,2684.0,2139.0,547.0,2
2018-08-11,4778.0,3265.0,2709.0,556.0,1
2018-08-12,2194.0,1411.0,1204.0,254.0,1
2018-08-13,2477.0,1613.0,1279.0,334.0,6
2018-08-14,3489.0,2566.0,2059.0,482.0,3
2018-08-15,4078.0,2685.0,2188.0,635.0,3
2018-08-16,2961.0,2117.0,1763.0,359.0,6
2018-08-17,4388.0,2971.0,2367.0,587.0,3
2018-08-18,4152.0,2664.0,2127.0,576.0,4
2018-08-19,3567.0,2517.0,2014.0,435.0,6
2018-08-20,2186.0,1478.0,1150.0,328.0,7
2018-08-21,4023.0,2711.0,2147.0,564.0,2
2018-08-22,4108.0,2860.0,2249.0,623.0,2
2018-08-23,3795.0,2683.0,2184.0,597.0,3
2018-08-24,4324.0,2966.0,2367.0,587.0,2
2018-08-25,3599.0,2566.0,2037.0,482.0,3
2018-08-26,3504.0,2415.0,1925.0,490.0,5
2018-08-27,4317.0,2954.0,2367.0,587.0,2
2018-08-28,4421.0,3023.0,2427.0,596.0,3
2018-08-29,4010.0,2789.0,2237.0,552.0,4
2018-08-30,4048.0,2798.0,2265.0,533.0,5
2018-08-31,4114.0,2763.0,2299.0,545.0,4
2018-09-01,4319.0,2844.0,2302.0,542.0,3
2018-09-02,2431.0,1783.0,1477.0,288.0,7
2018-09-03,1849.0,1249.0,944.0,235.0,7
2018-09-04,4456.0,2995.0,2435.0,560.0,3
2018-09-05,4711.0,3200.0,2600.0,600.0,2
2018-09-06,4314.0,3049.0,2508.0,541.0,5
2018-09-07,4104.0,2576.0,2016.0,560.0,2
2018-09-08,2281.0,1641.0,1380.0,293.0,7
2018-09-09,2234.0,1715.0,1333.0,269.0,1
2018-09-10,4314.0,3049.0,2508.0,541.0,5
2018-09-11,5064.0,3141.0,2749.0,560.0,2
2018-09-12,3613.0,2518.0,2071.0,495.0,6
2018-09-13,5084.0,3660.0,2923.0,611.0,5
2018-09-14,3587.0,2494.0,2113.0,457.0,2
2018-09-15,3966.0,2688.0,2186.0,473.0,3
2018-09-16,1922.0,1316.0,1061.0,255.0,7
2018-09-17,3560.0,2383.0,1933.0,450.0,6
2018-09-18,4787.0,3283.0,2679.0,533.0,4
2018-09-19,4723.0,3221.0,2595.0,526.0,3
2018-09-20,2221.0,1489.0,1204.0,285.0,2
2018-09-21,2184.0,1494.0,1240.0,254.0,1
2018-09-22,3564.0,2621.0,2043.0,468.0,6
2018-09-23,4873.0,3255.0,2632.0,523.0,4
2018-09-24,4724.0,3244.0,2827.0,564.0,5
2018-09-25,4924.0,3481.0,2885.0,596.0,3
2018-09-26,5209.0,3546.0,2936.0,610.0,4
2018-09-27,2449.0,1641.0,1229.0,311.0,7
2018-09-28,539.0,3134.0,2595.0,639.0,3
2018-09-29,3625.0,2539.0,2045.0,486.0,2
2018-09-30,3739.0,2573.0,2194.0,379.0,7
2018-10-01,5841.0,3982.0,3331.0,651.0,2
2018-10-02,5881.0,4096.0,3298.0,588.0,2
2018-10-03,4211.0,3210.0,2765.0,445.0,1
2018-10-04,4479.0,3186.0,2638.0,482.0,1
2018-10-05,6837.0,4583.0,3814.0,774.0,4
2018-10-06,6062.0,3982.0,3331.0,651.0,2
2018-10-07,5841.0,4255.0,3331.0,651.0,3
2018-10-08,6045.0,4310.0,3659.0,651.0,2
2018-10-09,4489.0,3251.0,2758.0,492.0,1
2018-10-10,5114.0,3135.0,2561.0,668.0,6
2018-10-11,3817.0,2559.0,2017.0,486.0,6
2018-10-12,5979.0,4062.0,3352.0,710.0,1
2018-10-13,3223.0,2237.0,1821.0,416.0,7
2018-10-14,6026.0,4118.0,3574.0,773.0,4
2018-10-15,5542.0,4140.0,3729.0,773.0,2
2018-10-16,6916.0,4674.0,3893.0,802.0,4
2018-10-17,6991.0,4674.0,4058.0,732.0,2
2018-10-18,4576.0,2964.0,2313.0,651.0,2
2018-10-19,6691.0,4673.0,3893.0,780.0,4
2018-10-20,6689.0,5227.0,4330.0,760.0,5
2018-10-21,6154.0,4254.0,3632.0,622.0,5
2018-10-22,6126.0,4173.0,3522.0,651.0,3
2018-10-23,4150.0,4249.0,2550.0,651.0,3
2018-10-24,6084.0,4319.0,3616.0,710.0,4
2018-10-25,6357.0,4331.0,3579.0,752.0,5
2018-10-26,6392.0,4823.0,3637.0,703.0,3
2018-10-27,6836.0,4704.0,3890.0,814.0,2
2018-10-28,6522.0,4398.0,3666.0,732.0,5
2018-10-29,6365.0,4399.0,3609.0,720.0,2
2018-10-30,4922.0,3390.0,2857.0,533.0,6
2018-10-31,6296.0,4316.0,3545.0,771.0,4
2018-11-01,5740.0,3842.0,3160.0,682.0,3
2018-11-02,7105.0,4865.0,4013.0,838.0,5
2018-11-03,6855.0,4702.0,3854.0,877.0,3
2018-11-04,7169.0,4865.0,4106.0,838.0,4
2018-11-05,6365.0,4329.0,3609.0,720.0,2
2018-11-06,4994.0,3452.0,2792.0,630.0,1
2018-11-07,5635.0,3734.0,3037.0,552.0,1
2018-11-08,6045.0,4310.0,3659.0,684.0,2
2018-11-09,5026.0,3533.0,2893.0,616.0,5
2018-11-10,614.0,3863.0,3249.0,801.0,4
2018-11-11,4778.0,3265.0,2709.0,556.0,1
2018-11-12,6678.0,3974.0,3390.0,662.0,4
2018-11-13,6766.0,4720.0,3918.0,802.0,3
2018-11-14,5290.0,3937.0,3127.0,776.0,2
2018-11-15,6440.0,4379.0,3634.0,745.0,5
2018-11-16,5692.0,3938.0,3298.0,640.0,5
2018-11-17,6278.0,4290.0,3546.0,735.0,2
2018-11-18,5378.0,3764.0,3123.0,641.0,3
2018-11-19,6818.0,4601.0,3795.0,806.0,2
2018-11-20,6239.0,4424.0,3640.0,784.0,3
2018-11-21,7554.0,3937.0,4316.0,850.0,4
2018-11-22,5790.0,4040.0,3269.0,771.0,3
2018-11-23,4917.0,3265.0,2737.0,574.0,1
2018-11-24,5066.0,3497.0,2863.0,634.0,6
2018-11-25,4638.0,3205.0,2649.0,556.0,6
2018-11-26,6824.0,4656.0,3833.0,823.0,3
2018-11-27,5378.0,3764.0,3123.0,641.0,3
2018-11-28,5471.0,3917.0,3194.0,710.0,4
2018-11-29,7169.0,4944.0,4267.0,937.0,3
2018-11-30,5628.0,3895.0,3133.0,684.0,6
2018-12-01,4786.0,3154.0,2566.0,588.0,2
2018-12-02,7250.0,4842.0,4001.0,880.0,5
2018-12-03,7650.0,5378.0,4431.0,947.0,3
2018-12-04,7372.0,5225.0,4328.0,897.0,3
2018-12-05,5895.0,4094.0,3384.0,694.0,2
2018-12-06,4952.0,3309.0,2624.0,685.0,3
2018-12-07,6980.0,4654.0,381.0,773.0,2
2018-12-08,7659.0,5267.0,4330.0,937.0,5
2018-12-09,6298.0,4388.0,3632.0,745.0,3
2018-12-10,6443.0,4589.0,3877.0,712.0,7
2018-12-11,5636.0,3895.0,3113.0,694.0,5
2018-12-12,4379.0,3032.0,2565.0,623.0,4
2018-12-13,6905.0,4654.0,3881.0,880.0,2
2018-12-14,4897.0,3404.0,2776.0,628.0,6
2018-12-15,6670.0,4584.0,3784.0,994.0,3
2018-12-16,4390.0,3265.0,2632.0,547.0,1
2018-12-17,5097.0,3452.0,3386.0,504.0,5
2018-12-18,5144.0,3801.0,3247.0,554.0,6
2018-12-19,4873.0,3255.0,2632.0,623.0,4
2018-12-20,4695.0,3165.0,2573.0,592.0,5
2018-12-21,6160.0,4584.0,3835.0,749.0,5
2018-12-22,1523.0,1074.0,969.0,228.0,7
2018-12-23,4062.0,2892.0,2347.0,545.0,3
2018-12-24,1723.0,1159.0,874.0,285.0,2
2018-12-25,1015.0,724.0,586.0,138.0,2
2018-12-26,2586.0,1826.0,1296.0,333.0,7
2018-12-27,2583.0,1783.0,1418.0,365.0,5
2018-12-28,1523.0,1214.0,846.0,244.0,7
2018-12-29,4873.0,3255.0,2632.0,617.0,6
2018-12-30,1985.0,1340.0,1097.0,243.0,1
2018-12-31,1852.0,1214.0,955.0,259.0,3
2019-01-01,1715.0,1168.0,891.0,277.0,3
2019-01-02,3510.0,2272.0,1801.0,468.0,6
2019-01-03,4441.0,3147.0,2601.0,546.0,6
2019-01-04,2815.0,1971.0,1641.0,323.0,6
2019-01-05,2308.0,1609.0,1348.0,261.0,7
2019-01-06,4728.0,3164.0,2571.0,564.0,3
2019-01-07,4205.0,2367.0,1974.0,393.0,6
2019-01-08,4182.0,2794.0,2191.0,597.0,3
2019-01-09,2308.0,1693.0,1348.0,261.0,7
2019-01-10,4459.0,3501.0,3017.0,484.0,3
2019-01-11,3735.0,2731.0,2258.0,454.0,1
2019-01-12,4055.0,2800.0,2306.0,494.0,7
2019-01-13,4398.0,3266.0,2653.0,613.0,5
2019-01-14,5016.0,3348.0,2760.0,588.0,2
2019-01-15,4628.0,3365.0,2876.0,575.0,5
2019-01-16,4938.0,3447.0,2845.0,602.0,3
2019-01-17,5238.0,3876.0,3127.0,545.0,4
2019-01-18,3831.0,2675.0,2232.0,473.0,6
2019-01-19,4938.0,3940.0,3136.0,602.0,2
2019-01-20,5732.0,3932.0,3260.0,606.0,3
2019-01-21,5431.0,3761.0,3100.0,661.0,5
2019-01-22,6018.0,4462.0,3895.0,622.0,5
2019-01-23,4786.0,3154.0,2566.0,588.0,3
2019-01-24,5021.0,3462.0,2853.0,609.0,5
2019-01-25,4230.0,2882.0,2382.0,500.0,6
2019-01-26,3266.0,2264.0,1878.0,386.0,1
2019-01-27,4162.0,3041.0,2622.0,532.0,5
2019-01-28,4353.0,3251.0,2466.0,514.0,2
2019-01-29,3625.0,2518.0,2053.0,501.0,5
2019-01-30,3826.0,3178.0,2239.0,559.0,6
2019-01-31,4731.0,3182.0,2585.0,597.0,2
2019-02-01,3514.0,2489.0,2075.0,388.0,1
2019-02-02,5016.0,3356.0,2826.0,474.0,4
2019-02-03,6092.0,4092.0,3343.0,749.0,3
2019-02-04,3799.0,2947.0,2504.0,443.0,6
2019-02-05,6092.0,4092.0,3343.0,749.0,3
2019-02-06,5178.0,3786.0,3217.0,629.0,4
2019-02-07,5517.0,3763.0,3069.0,694.0,4
2019-02-08,4600.0,3106.0,2508.0,557.0,5
2019-02-09,6300.0,4061.0,3279.0,730.0,3
2019-02-10,4372.0,3063.0,2433.0,545.0,6
2019-02-11,6569.0,4276.0,3566.0,710.0,2
2019-02-12,5592.0,3912.0,3226.0,690.0,3
2019-02-13,5743.0,4172.0,3529.0,696.0,2
2019-02-14,5427.0,3759.0,3124.0,657.0,3
2019-02-15,4127.0,3075.0,2377.0,575.0,6
2019-02-16,3309.0,2195.0,1809.0,386.0,7
2019-02-17,5033.0,3516.0,2967.0,686.0,5
2019-02-18,6223.0,4455.0,3575.0,686.0,5
2019-02-19,5730.0,4071.0,3352.0,716.0,5
2019-02-20,5366.0,3717.0,3146.0,621.0,3
2019-02-21,5743.0,3932.0,3236.0,696.0,4
2019-02-22,5182.0,3674.0,3052.0,622.0,4
2019-02-23,5321.0,3856.0,3199.0,657.0,4
2019-02-24,5237.0,3542.0,2867.0,565.0,2
2019-02-25,6318.0,4424.0,3678.0,746.0,2
2019-02-26,6431.0,4304.0,3530.0,774.0,3
2019-02-27,5743.0,3912.0,3236.0,693.0,4
2019-02-28,3682.0,2633.0,2178.0,555.0,6
2019-03-01,4581.0,3178.0,2594.0,584.0,6
2019-03-02,5919.0,4205.0,3442.0,763.0,4
2019-03-03,730.0,4040.0,3319.0,721.0,2
2019-03-04,2878.0,2153.0,1694.0,318.0,7
2019-03-05,6064.0,4164.0,3469.0,763.0,5
2019-03-06,5772.0,4070.0,3340.0,730.0,2
2019-03-07,5861.0,4064.0,3330.0,734.0,2
2019-03-08,4600.0,3147.0,2590.0,557.0,6
2019-03-09,3390.0,2218.0,1849.0,369.0,7
2019-03-10,4399.0,3079.0,2575.0,504.0,5
2019-03-11,5753.0,4172.0,3569.0,603.0,5
2019-03-12,5871.0,4127.0,3375.0,752.0,3
2019-03-13,5743.0,4038.0,3328.0,722.0,3
2019-03-14,5906.0,4320.0,3690.0,716.0,3
2019-03-15,4462.0,3257.0,2989.0,543.0,3
2019-03-16,4734.0,3447.0,2863.0,621.0,4
2019-03-17,3223.0,2254.0,1859.0,395.0,7
2019-03-18,6167.0,4040.0,3361.0,721.0,2
2019-03-19,6240.0,4320.0,3599.0,721.0,3
2019-03-20,4441.0,3164.0,2499.0,5,6
2019-03-21,6178.0,4163.0,3100.0,699.0,3
2019-03-22,5182.0,3674.0,3052.0,622.0,5
2019-03-23,4525.0,3243.0,2632.0,593.0,6
2019-03-24,4417.0,2858.0,2386.0,381.0,1
2019-03-25,3416.0,2760.0,2362.0,398.0,7
2019-03-26,5805.0,4275.0,3572.0,703.0,4
2019-03-27,5830.0,3944.0,3446.0,719.0,3
2019-03-28,5775.0,4086.0,3287.0,693.0,5
2019-03-29,4376.0,3115.0,2562.0,553.0,6
2019-03-30,5861.0,4086.0,3330.0,734.0,5
2019-03-31,4581.0,3272.0,2801.0,604.0,5
2019-04-01,6078.0,4238.0,3550.0,688.0,2
2019-04-02,6797.0,4968.0,4147.0,823.0,4
2019-04-03,4441.0,3147.0,2601.0,539.0,6
2019-04-04,6231.0,4343.0,3647.0,696.0,5
2019-04-05,5843.0,4176.0,3549.0,627.0,3
2019-04-06,6614.0,4773.0,3967.0,806.0,2
2019-04-07,3795.0,2760.0,2362.0,398.0,7
2019-04-08,6357.0,4214.0,3443.0,771.0,3
2019-04-09,4448.0,3191.0,2494.0,608.0,2
2019-04-10,6324.0,4651.0,3892.0,794.0,2
2019-04-11,5753.0,4172.0,3569.0,621.0,5
2019-04-12,6769.0,4817.0,3940.0,857.0,3
2019-04-13,6373.0,431.0,3620.0,784.0,5
2019-04-14,6078.0,4238.0,3550.0,688.0,2
2019-04-15,5391.0,3667.0,2989.0,678.0,6
2019-04-16,4891.0,3356.0,2861.0,607.0,6
2019-04-17,6643.0,4470.0,3681.0,789.0,4
2019-04-18,6806.0,4769.0,3726.0,849.0,3
2019-04-19,4651.0,3325.0,2656.0,694.0,2
2019-04-20,6366.0,4773.0,3960.0,806.0,2
2019-04-21,6299.0,4455.0,3769.0,686.0,3
2019-04-22,6363.0,4520.0,3729.0,686.0,3
2019-04-23,4187.0,3095.0,2541.0,565.0,1
2019-04-24,6093.0,4264.0,3440.0,823.0,3
2019-04-25,6318.0,4512.0,3678.0,746.0,6
2019-04-26,5400.0,3780.0,3089.0,691.0,6
2019-04-27,7714.0,4842.0,4369.0,832.0,5
2019-04-28,7040.0,4823.0,3957.0,866.0,2
2019-04-29,6837.0,4704.0,3890.0,814.0,2
2019-04-30,6296.0,4316.0,3545.0,771.0,3
2019-05-01,6117.0,4275.0,3556.0,719.0,4
2019-05-02,3437.0,2476.0,1999.0,463.0,7
2019-05-03,5861.0,4064.0,3375.0,607.0,5
2019-05-04,5902.0,4164.0,3402.0,762.0,2
2019-05-05,3976.0,2664.0,2191.0,473.0,2
2019-05-06,5043.0,3577.0,2953.0,624.0,5
2019-05-07,6117.0,4275.0,3556.0,739.0,2
2019-05-08,5709.0,4049.0,3310.0,739.0,4
2019-05-09,5596.0,3944.0,3192.0,669.0,2
2019-05-10,6064.0,4102.0,3403.0,789.0,4
2019-05-11,4118.0,3147.0,2674.0,476.0,6
2019-05-12,5871.0,4671.0,3989.0,682.0,4
2019-05-13,3359.0,2363.0,1909.0,454.0,6
2019-05-14,4314.0,2986.0,2588.0,586.0,6
2019-05-15,5391.0,3667.0,2989.0,678.0,4
2019-05-16,5043.0,3577.0,2953.0,624.0,5
2019-05-17,5690.0,4023.0,3254.0,769.0,5
2019-05-18,6806.0,4424.0,3920.0,849.0,2
2019-05-19,5353.0,3908.0,3128.0,632.0,5
2019-05-20,3275.0,2363.0,1958.0,436.0,6
2019-05-21,3258.0,2119.0,1702.0,417.0,7
2019-05-22,4963.0,3431.0,2772.0,622.0,5
2019-05-23,4483.0,3092.0,2566.0,545.0,6
2019-05-24,5043.0,3577.0,2953.0,624.0,5
2019-05-25,3588.0,2675.0,2078.0,489.0,4
2019-05-26,4376.0,3115.0,2562.0,553.0,5
2019-05-27,3359.0,2363.0,1909.0,454.0,6
2019-05-28,3223.0,2145.0,1860.0,366.0,7
2019-05-29,5391.0,3667.0,2978.0,621.0,4
2019-05-30,4143.0,2896.0,2353.0,543.0,5
2019-05-31,3359.0,2363.0,1909.0,454.0,6
2019-06-01,1733.0,1199.0,983.0,216.0,7
2019-06-02,2864.0,2021.0,1595.0,393.0,7
2019-06-03,3967.0,2831.0,2295.0,536.0,2
2019-06-04,4501.0,3008.0,2426.0,582.0,3
2019-06-05,3967.0,2831.0,2295.0,536.0,4
2019-06-06,3906.0,3049.0,2574.0,475.0,1
2019-06-07,2621.0,1826.0,1446.0,344.0,7
2019-06-08,2239.0,1664.0,1324.0,223.0,1
2019-06-09,2810.0,1930.0,1586.0,344.0,1
2019-06-10,4439.0,3007.0,2463.0,552.0,2
2019-06-11,4793.0,3144.0,2664.0,575.0,2
2019-06-12,4259.0,2871.0,2312.0,559.0,5
2019-06-13,3985.0,2922.0,2422.0,452.0,1
2019-06-14,4542.0,2962.0,2377.0,585.0,5
2019-06-15,3192.0,2265.0,1847.0,476.0,2
2019-06-16,4142.0,2925.0,2398.0,527.0,2
2019-06-17,3761.0,2669.0,2217.0,452.0,1
2019-06-18,3926.0,2675.0,2186.0,489.0,4
2019-06-19,4162.0,2882.0,2351.0,531.0,4
2019-06-20,3716.0,2615.0,2137.0,478.0,5
2019-06-21,3333.0,2275.0,2262.0,422.0,6
2019-06-22,3890.0,2690.0,2275.0,415.0,5
2019-06-23,2344.0,1621.0,1317.0,304.0,1
2019-06-24,3691.0,2149.0,1680.0,442.0,6
2019-06-25,4052.0,2770.0,2247.0,523.0,5
2019-06-26,3939.0,2675.0,2186.0,489.0,2
2019-06-27,4162.0,2871.0,2351.0,551.0,5
2019-06-28,4076.0,2890.0,2285.0,476.0,5
2019-06-29,4221.0,3096.0,2522.0,525.0,2
2019-06-30,2184.0,1494.0,1240.0,254.0,1
2019-07-01,4114.0,2771.0,2262.0,509.0,5
2019-07-02,3698.0,2890.0,2386.0,627.0,6
2019-07-03,3831.0,2743.0,2232.0,483.0,4
2019-07-04,2801.0,1704.0,1419.0,323.0,2
2019-07-05,3735.0,2565.0,2068.0,468.0,6
2019-07-06,2951.0,2047.0,1555.0,492.0,5
2019-07-07,3027.0,2078.0,1641.0,468.0,6
2019-07-08,3136.0,2364.0,1941.0,423.0,6
2019-07-09,4243.0,2913.0,2386.0,464.0,5
2019-07-10,2373.0,1655.0,1321.0,334.0,1
2019-07-11,2186.0,1447.0,1239.0,269.0,1
2019-07-12,3795.0,2760.0,2362.0,398.0,5
2019-07-13,3854.0,2675.0,2260.0,460.0,4
2019-07-14,3976.0,2664.0,2191.0,473.0,3
2019-07-15,4138.0,2930.0,2315.0,514.0,3
2019-07-16,3795.0,2525.0,2095.0,500.0,5
2019-07-17,2243.0,1566.0,1221.0,242.0,7
2019-07-18,2920.0,2141.0,1660.0,477.0,4
2019-07-19,3702.0,2675.0,2215.0,460.0,5
2019-07-20,4244.0,2907.0,2347.0,560.0,4
2019-07-21,3524.0,2669.0,2210.0,524.0,5
2019-07-22,3987.0,2622.0,2173.0,390.0,3
2019-07-23,4070.0,2921.0,2344.0,476.0,1
2019-07-24,3292.0,2207.0,1785.0,422.0,6
2019-07-25,4089.0,2755.0,2210.0,545.0,5
2019-07-26,2068.0,1429.0,1242.0,276.0,1
2019-07-27,2552.0,1790.0,1446.0,344.0,6
2019-07-28,3898.0,2774.0,2249.0,505.0,5
2019-07-29,4140.0,2952.0,2377.0,596.0,2
2019-07-30,4143.0,2896.0,2353.0,543.0,3
2019-07-31,3628.0,2579.0,2144.0,435.0,3
2019-08-01,2519.0,1686.0,1416.0,260.0,1
2019-08-02,4587.0,3100.0,2550.0,550.0,3
2019-08-03,3283.0,2514.0,2087.0,489.0,5
2019-08-04,3141.0,2143.0,1860.0,363.0,1
2019-08-05,3622.0,2553.0,2112.0,441.0,5
2019-08-06,4061.0,2833.0,2284.0,549.0,3
2019-08-07,4205.0,2636.0,2173.0,468.0,3
2019-08-08,3622.0,2553.0,2112.0,441.0,5
2019-08-09,2501.0,1791.0,1497.0,294.0,1
2019-08-10,4190.0,3075.0,2675.0,441.0,3
2019-08-11,2082.0,1502.0,1242.0,260.0,1
2019-08-12,4234.0,3064.0,2679.0,422.0,5
2019-08-13,3492.0,2280.0,1874.0,406.0,5
2019-08-14,4055.0,2800.0,2438.0,477.0,5
2019-08-15,2948.0,2028.0,1727.0,426.0,5
2019-08-16,3286.0,2267.0,1827.0,460.0,5
2019-08-17,3355.0,2407.0,1963.0,444.0,4
2019-08-18,2420.0,1521.0,1163.0,359.0,6
2019-08-19,3355.0,2407.0,2407.0,444.0,4
2019-08-20,1831.0,1386.0,1033.0,207.0,7
2019-08-21,3484.0,2650.0,215.0,404.0,5
2019-08-22,3702.0,2675.0,2215.0,460.0,4
2019-08-23,3010.0,2291.0,1856.0,405.0,6
2019-08-24,3524.0,2667.0,2118.0,442.0,5
2019-08-25,1831.0,1317.0,1033.0,216.0,7
2019-08-26,3703.0,2714.0,2257.0,457.0,2
2019-08-27,3890.0,2622.0,2232.0,390.0,3
2019-08-28,2934.0,1941.0,1528.0,314.0,1
2019-08-29,4221.0,2982.0,2477.0,505.0,5
2019-08-30,3391.0,2483.0,2061.0,388.0,6
2019-08-31,3010.0,2143.0,1769.0,374.0,6
2019-09-01,4801.0,3381.0,2845.0,536.0,4
2019-09-02,4521.0,3287.0,2785.0,502.0,5
2019-09-03,4087.0,2979.0,2434.0,487.0,3
2019-09-04,4021.0,3008.0,2524.0,488.0,4
2019-09-05,5753.0,3538.0,3050.0,594.0,3
2019-09-06,3304.0,2265.0,1821.0,306.0,1
2019-09-07,3181.0,2264.0,1816.0,386.0,6
2019-09-08,4049.0,2744.0,2258.0,459.0,3
2019-09-09,5000.0,3500.0,3095.0,472.0,4
2019-09-10,5234.0,3802.0,3261.0,541.0,5
2019-09-11,4598.0,3365.0,2901.0,464.0,4
2019-09-12,4603.0,3356.0,2868.0,488.0,5
2019-09-13,4553.0,3242.0,2775.0,504.0,3
2019-09-14,332.0,2557.0,2196.0,402.0,6
2019-09-15,5291.0,3804.0,3217.0,513.0,2
2019-09-16,5167.0,3754.0,3216.0,559.0,2
2019-09-17,5045.0,3348.0,2853.0,508.0,4
2019-09-18,4420.0,3365.0,2905.0,495.0,4
2019-09-19,4086.0,2909.0,2525.0,486.0,5
2019-09-20,4504.0,3356.0,2643.0,454.0,6
2019-09-21,5223.0,3356.0,2909.0,488.0,3
2019-09-22,4563.0,3251.0,2758.0,493.0,3
2019-09-23,4483.0,3552.0,2922.0,442.0,4
2019-09-24,5939.0,4049.0,3310.0,595.0,4
2019-09-25,5095.0,3754.0,3113.0,546.0,4
2019-09-26,5196.0,3718.0,3208.0,510.0,5
2019-09-27,5384.0,3823.0,3225.0,497.0,3
2019-09-28,2635.0,1945.0,1696.0,249.0,1
2019-09-29,4521.0,3287.0,2785.0,502.0,2
2019-09-30,5276.0,3826.0,3269.0,593.0,2
2019-10-01,5366.0,3908.0,3331.0,577.0,5
2019-10-02,4309.0,3048.0,2669.0,422.0,6
2019-10-03,3598.0,2447.0,2044.0,403.0,1
2019-10-04,6570.0,4448.0,3646.0,802.0,4
2019-10-05,5323.0,4258.0,3572.0,545.0,3
2019-10-06,3950.0,2850.0,2471.0,379.0,1
2019-10-07,5493.0,3929.0,3432.0,497.0,3
2019-10-08,5652.0,4186.0,3705.0,481.0,3
2019-10-09,5324.0,3763.0,3388.0,548.0,5
2019-10-10,5234.0,3802.0,3261.0,541.0,5
2019-10-11,4619.0,3497.0,2863.0,634.0,6
2019-10-12,4790.0,3357.0,2859.0,459.0,1
2019-10-13,4309.0,3097.0,2675.0,422.0,6
2019-10-14,6208.0,4265.0,3543.0,722.0,4
2019-10-15,5120.0,3448.0,2869.0,545.0,4
2019-10-16,5647.0,3976.0,3286.0,689.0,2
2019-10-17,6331.0,4275.0,3681.0,753.0,2
2019-10-18,5652.0,4186.0,3705.0,483.0,5
2019-10-19,5647.0,4059.0,3452.0,607.0,4
2019-10-20,5572.0,4121.0,3466.0,661.0,4
2019-10-21,5525.0,3793.0,3272.0,541.0,3
2019-10-22,5476.0,4022.0,3466.0,556.0,2
2019-10-23,5698.0,4144.0,3507.0,545.0,3
2019-10-24,4535.0,3242.0,2787.0,455.0,1
2019-10-25,5563.0,3995.0,3397.0,598.0,5
2019-10-26,5331.0,4144.0,3552.0,592.0,5
2019-10-27,5630.0,4144.0,3432.0,772.0,2
2019-10-28,4234.0,3081.0,2679.0,402.0,1
2019-10-29,5243.0,3882.0,3298.0,538.0,5
2019-10-30,4162.0,3041.0,2460.0,567.0,3
2019-10-31,6569.0,4276.0,3573.0,802.0,2
2019-11-01,6117.0,4275.0,3556.0,719.0,4
2019-11-02,6291.0,4153.0,3572.0,598.0,4
2019-11-03,5043.0,3922.0,3379.0,543.0,5
2019-11-04,4694.0,3694.0,2867.0,520.0,6
2019-11-05,3359.0,2363.0,1909.0,454.0,3
2019-11-06,4584.0,3357.0,2899.0,458.0,1
2019-11-07,6291.0,4489.0,3869.0,679.0,5
2019-11-08,4054.0,3010.0,2604.0,406.0,6
2019-11-09,5931.0,4194.0,3536.0,621.0,2
2019-11-10,4190.0,3075.0,2634.0,441.0,1
2019-11-11,4709.0,3341.0,3341.0,652.0,3
2019-11-12,6443.0,4589.0,3877.0,712.0,3
2019-11-13,6726.0,4781.0,3918.0,802.0,4
2019-11-14,5931.0,4194.0,3854.0,621.0,2
2019-11-15,4709.0,3452.0,2927.0,525.0,6
2019-11-16,3795.0,2854.0,2440.0,414.0,6
2019-11-17,4575.0,3214.0,2724.0,490.0,6
2019-11-18,6555.0,4467.0,3766.0,784.0,2
2019-11-19,6607.0,4772.0,4119.0,653.0,3
2019-11-20,6117.0,4275.0,3553.0,719.0,3
2019-11-21,6334.0,4462.0,3840.0,622.0,5
2019-11-22,4821.0,3387.0,2872.0,515.0,1
2019-11-23,5814.0,4236.0,3543.0,593.0,5
2019-11-24,4563.0,3251.0,2836.0,493.0,6
2019-11-25,6444.0,4699.0,3982.0,631.0,2
2019-11-26,4535.0,3242.0,2787.0,4553.0,6
2019-11-27,5843.0,4176.0,3549.0,627.0,3
2019-11-28,3270.0,2268.0,1931.0,337.0,7
2019-11-29,4471.0,3544.0,3133.0,519.0,1
2019-11-30,6444.0,4699.0,3985.0,734.0,2
2019-12-01,4743.0,3441.0,2895.0,546.0,3
2019-12-02,6686.0,4902.0,4240.0,662.0,4
2019-12-03,4972.0,3634.0,3045.0,552.0,1
2019-12-04,4169.0,2903.0,2418.0,437.0,7
2019-12-05,3678.0,2914.0,2528.0,386.0,3
2019-12-06,5324.0,3796.0,3258.0,538.0,6
2019-12-07,2665.0,1906.0,1681.0,323.0,7
2019-12-08,1644.0,1208.0,1011.0,197.0,7
2019-12-09,6240.0,4589.0,3877.0,712.0,3
2019-12-10,5234.0,3802.0,3261.0,541.0,2
2019-12-11,6117.0,4275.0,3556.0,659.0,4
2019-12-12,2379.0,1879.0,1559.0,253.0,6
2019-12-13,4604.0,3357.0,2801.0,518.0,6
2019-12-14,4743.0,3441.0,2895.0,546.0,2
2019-12-15,6163.0,4533.0,4569.0,700.0,2
2019-12-16,4925.0,3653.0,3128.0,525.0,2
2019-12-17,4743.0,3441.0,2895.0,546.0,3
2019-12-18,4716.0,3390.0,2918.0,472.0,4
2019-12-19,4716.0,3390.0,2918.0,472.0,4
2019-12-20,2920.0,2114.0,1816.0,395.0,7
2019-12-21,1682.0,1054.0,1020.0,157.0,7
2019-12-22,1644.0,1197.0,977.0,220.0,3
2019-12-23,2651.0,2249.0,1738.0,296.0,2
2019-12-24,1644.0,1197.0,977.0,220.0,3
2019-12-25,1835.0,1214.0,1019.0,291.0,2
2019-12-26,1326.0,1355.0,1102.0,253.0,5
2019-12-27,2583.0,1783.0,1418.0,365.0,5
2019-12-28,1733.0,1197.0,977.0,216.0,7
2019-12-29,1690.0,1155.0,947.0,208.0,7
2019-12-30,2469.0,1762.0,1479.0,283.0,2
2019-12-31,1723.0,1159.0,874.0,285.0,5
2020-01-01,1554.0,1105.0,870.0,235.0,4
2020-01-02,2696.0,1993.0,1701.0,292.0,1
2020-01-03,3818.0,2934.0,2588.0,468.0,4
2020-01-04,4225.0,3295.0,2805.0,490.0,5
2020-01-05,2762.0,2238.0,1961.0,303.0,1
2020-01-06,2853.0,2015.0,1586.0,429.0,1
2020-01-07,3823.0,3423.0,2525.0,488.0,5
2020-01-08,2353.0,1784.0,1581.0,267.0,7
2020-01-09,4801.0,3381.0,2845.0,536.0,4
2020-01-10,2759.0,2066.0,1728.0,264.0,1
2020-01-11,3111.0,2484.0,2131.0,353.0,4
2020-01-12,2556.0,2034.0,1757.0,267.0,7
2020-01-13,3788.0,2916.0,2459.0,443.0,2
2020-01-14,2452.0,1788.0,1459.0,283.0,2
2020-01-15,3754.0,2864.0,2470.0,394.0,6
2020-01-16,3756.0,2916.0,2463.0,453.0,6
2020-01-17,4571.0,3519.0,2853.0,488.0,4
2020-01-18,4376.0,3147.0,2594.0,464.0,5
2020-01-19,3704.0,2770.0,2341.0,429.0,3
2020-01-20,3749.0,2881.0,2428.0,453.0,2
2020-01-21,3805.0,3007.0,2525.0,491.0,3
2020-01-22,4483.0,3552.0,3079.0,473.0,4
2020-01-23,2523.0,1861.0,1535.0,284.0,5
2020-01-24,2353.0,1784.0,1521.0,249.0,7
2020-01-25,3678.0,2704.0,1535.0,280.0,7
2020-01-26,3795.0,2844.0,2419.0,442.0,1
2020-01-27,3527.0,2704.0,2304.0,400.0,6
2020-01-28,4670.0,3621.0,3068.0,553.0,3
2020-01-29,4471.0,3544.0,3025.0,519.0,4
2020-01-30,4907.0,3499.0,3025.0,579.0,5
2020-01-31,3855.0,2844.0,2327.0,468.0,2
2020-02-01,3828.0,3050.0,2571.0,450.0,5
2020-02-02,4728.0,3544.0,3174.0,520.0,4
2020-02-03,4928.0,3694.0,4210.0,547.0,2
2020-02-04,3430.0,2623.0,2262.0,361.0,7
2020-02-05,4928.0,4045.0,3499.0,546.0,3
2020-02-06,4871.0,3823.0,3188.0,635.0,5
2020-02-07,2761.0,2193.0,1890.0,303.0,7
2020-02-08,2221.0,1820.0,1373.0,323.0,7
2020-02-09,4504.0,3356.0,2902.0,454.0,4
2020-02-10,5066.0,4016.0,3464.0,552.0,2
2020-02-11,4928.0,3799.0,3118.0,546.0,4
2020-02-12,5048.0,4076.0,3468.0,546.0,4
2020-02-13,4890.0,4016.0,3188.0,537.0,5
2020-02-14,3675.0,2949.0,2529.0,420.0,6
2020-02-15,,2409.0,2106.0,303.0,1
2020-02-16,3732.0,2808.0,2361.0,447.0,6
2020-02-17,4830.0,3671.0,3057.0,512.0,2
2020-02-18,4869.0,3806.0,3273.0,533.0,3
2020-02-19,5224.0,4042.0,3495.0,547.0,4
2020-02-20,4890.0,3748.0,3212.0,536.0,5
2020-02-21,4475.0,3498.0,2975.0,523.0,3
2020-02-22,5224.0,4042.0,3495.0,547.0,5
2020-02-23,4130.0,2754.0,2231.0,537.0,6
2020-02-24,4869.0,3806.0,3273.0,569.0,3
2020-02-25,4958.0,3951.0,3382.0,569.0,3
2020-02-26,4869.0,3806.0,3273.0,533.0,2
2020-02-27,4996.0,4019.0,3497.0,655.0,3
2020-02-28,3045.0,2438.0,2103.0,335.0,7
2020-02-29,3675.0,2949.0,2529.0,420.0,6
2020-03-01,2732.0,2103.0,1859.0,297.0,7
2020-03-02,4872.0,3801.0,3264.0,537.0,5
2020-03-03,4393.0,,2952.0,556.0,3
2020-03-04,4728.0,3694.0,3174.0,520.0,2
2020-03-05,4105.0,3166.0,2690.0,476.0,2
2020-03-06,4994.0,3869.0,3239.0,630.0,4
2020-03-07,3823.0,3002.0,2525.0,488.0,1
2020-03-08,4049.0,3215.0,2724.0,491.0,2
2020-03-09,3678.0,2921.0,2434.0,412.0,5
2020-03-10,4390.0,3147.0,2718.0,456.0,6
2020-03-11,4105.0,3166.0,2683.0,450.0,2
2020-03-12,4595.0,3241.0,2766.0,608.0,4
2020-03-13,3757.0,2964.0,2442.0,503.0,6
2020-03-14,2675.0,1999.0,1675.0,319.0,7
2020-03-15,3760.0,2915.0,2492.0,431.0,2
2020-03-16,4052.0,2919.0,2471.0,446.0,6
2020-03-17,3805.0,3007.0,2525.0,482.0,3
2020-03-18,4156.0,3125.0,2666.0,568.0,6
2020-03-19,2763.0,2031.0,1686.0,351.0,7
2020-03-20,4869.0,3718.0,3169.0,545.0,2
2020-03-21,5156.0,3990.0,3372.0,618.0,5
2020-03-22,4665.0,3498.0,2975.0,543.0,5
2020-03-23,4156.0,3247.0,2766.0,481.0,3
2020-03-24,4156.0,2858.0,2386.0,481.0,6
2020-03-25,4153.0,3367.0,2878.0,489.0,4
2020-03-26,2732.0,2064.0,1882.0,300.0,7
2020-03-27,5078.0,3619.0,3125.0,468.0,2
2020-03-28,2479.0,1784.0,1535.0,249.0,7
2020-03-29,4899.0,3852.0,3280.0,537.0,4
2020-03-30,4899.0,3852.0,3310.0,561.0,4
2020-03-31,3416.0,2743.0,2362.0,381.0,1
2020-04-01,2393.0,1788.0,1514.0,274.0,7
2020-04-02,3366.0,2536.0,2175.0,361.0,7
2020-04-03,4883.0,3982.0,3472.0,510.0,3
2020-04-04,6038.0,4771.0,4054.0,717.0,2
2020-04-05,4728.0,3485.0,2812.0,673.0,5
2020-04-06,5089.0,3922.0,3379.0,543.0,2
2020-04-07,5331.0,4144.0,3552.0,592.0,5
2020-04-08,4943.0,3822.0,3247.0,512.0,1
2020-04-09,5063.0,3682.0,3146.0,684.0,6
2020-04-10,5063.0,3982.0,3428.0,566.0,5
2020-04-11,4555.0,3366.0,2867.0,499.0,6
2020-04-12,4813.0,3759.0,3247.0,512.0,1
2020-04-13,6240.0,4343.0,3714.0,684.0,3
2020-04-14,4907.0,3799.0,3317.0,482.0,4
2020-04-15,5547.0,4550.0,3872.0,578.0,2
2020-04-16,5423.0,4203.0,3592.0,611.0,2
2020-04-17,4688.0,3682.0,3146.0,536.0,2
2020-04-18,5366.0,3767.0,3170.0,577.0,4
2020-04-19,4830.0,3852.0,3057.0,533.0,1
2020-04-20,3656.0,2845.0,2328.0,528.0,7
2020-04-21,5665.0,4086.0,3379.0,652.0,4
2020-04-22,4483.0,3552.0,3079.0,473.0,1
2020-04-23,5786.0,4771.0,4054.0,717.0,4
2020-04-24,4937.0,3879.0,3317.0,560.0,6
2020-04-25,5786.0,4520.0,3856.0,688.0,4
2020-04-26,3198.0,2520.0,2213.0,307.0,7
2020-04-27,6038.0,4771.0,4054.0,717.0,2
2020-04-28,4937.0,3879.0,3348.0,554.0,6
2020-04-29,5633.0,4377.0,3722.0,655.0,3
2020-04-30,5908.0,4520.0,4054.0,648.0,2
2020-05-01,,3175.0,2824.0,454.0,6
2020-05-02,5097.0,3956.0,3452.0,504.0,3
2020-05-03,4928.0,3966.0,3371.0,546.0,1
2020-05-04,5939.0,4567.0,3882.0,685.0,2
2020-05-05,6361.0,4900.0,4169.0,631.0,3
2020-05-06,4124.0,3247.0,2766.0,481.0,6
2020-05-07,6264.0,4857.0,4067.0,790.0,5
2020-05-08,5331.0,4203.0,3656.0,547.0,4
2020-05-09,5066.0,3994.0,3428.0,566.0,5
2020-05-10,5242.0,4105.0,3432.0,631.0,5
2020-05-11,4939.0,4310.0,3371.0,546.0,1
2020-05-12,6563.0,5112.0,4278.0,834.0,2
2020-05-13,5086.0,3966.0,3528.0,566.0,2
2020-05-14,3651.0,2827.0,2384.0,443.0,7
2020-05-15,4337.0,3348.0,2794.0,554.0,2
2020-05-16,4124.0,3247.0,2778.0,469.0,6
2020-05-17,4248.0,3291.0,2814.0,554.0,1
2020-05-18,4895.0,3677.0,3132.0,545.0,6
2020-05-19,6117.0,4596.0,3886.0,719.0,4
2020-05-20,2636.0,2064.0,1739.0,327.0,7
2020-05-21,5156.0,3990.0,3372.0,618.0,5
2020-05-22,3648.0,2696.0,2213.0,405.0,7
2020-05-23,4124.0,3247.0,2778.0,502.0,6
2020-05-24,4958.0,3633.0,3183.0,690.0,6
2020-05-25,4153.0,3367.0,2878.0,489.0,5
2020-05-26,3446.0,2696.0,2291.0,405.0,7
2020-05-27,5202.0,3780.0,3146.0,634.0,6
2020-05-28,4387.0,3486.0,2949.0,537.0,6
2020-05-29,4387.0,3049.0,2568.0,510.0,7
2020-05-30,6363.0,4520.0,3729.0,791.0,2
2020-05-31,523.0,3665.0,3025.0,640.0,5
2020-06-01,4734.0,3707.0,3133.0,574.0,4
2020-06-02,4727.0,3690.0,3057.0,633.0,3
2020-06-03,3818.0,3002.0,2588.0,414.0,1
2020-06-04,4535.0,3922.0,3351.0,554.0,4
2020-06-05,4124.0,3247.0,2778.0,469.0,6
2020-06-06,3481.0,2668.0,2256.0,412.0,1
2020-06-07,3949.0,3049.0,2574.0,475.0,1
2020-06-08,4645.0,3677.0,3132.0,545.0,5
2020-06-09,4895.0,3787.0,3188.0,595.0,2
2020-06-10,4981.0,3921.0,3351.0,584.0,2
2020-06-11,3976.0,3045.0,2644.0,401.0,1
2020-06-12,4475.0,3292.0,2757.0,535.0,1
2020-06-13,3893.0,2969.0,2459.0,452.0,6
2020-06-14,3956.0,2962.0,2368.0,561.0,6
2020-06-15,4337.0,3247.0,2794.0,554.0,6
2020-06-16,4470.0,3461.0,2964.0,497.0,3
2020-06-17,4962.0,3251.0,2510.0,536.0,3
2020-06-18,4475.0,3677.0,3132.0,545.0,4
2020-06-19,3397.0,2911.0,2459.0,437.0,1
2020-06-20,4368.0,3064.0,2461.0,545.0,3
2020-06-21,4630.0,3251.0,3132.0,535.0,3
2020-06-22,3590.0,2598.0,2196.0,402.0,6
2020-06-23,4561.0,3493.0,2964.0,543.0,2
2020-06-24,3924.0,2911.0,2459.0,452.0,6
2020-06-25,3660.0,2625.0,2189.0,436.0,2
2020-06-26,3555.0,2425.0,2969.0,545.0,5
2020-06-27,3698.0,2843.0,2386.0,457.0,6
2020-06-28,3486.0,2635.0,2233.0,402.0,1
2020-06-29,3950.0,3119.0,2574.0,475.0,1
2020-06-30,1826.0,1187.0,1506.0,324.0,7
2020-07-01,2297.0,1657.0,1443.0,231.0,1
2020-07-02,2696.0,1993.0,1849.0,292.0,1
2020-07-03,2993.0,2254.0,1937.0,292.0,1
2020-07-04,5089.0,4014.0,3464.0,571.0,2
2020-07-05,3335.0,2754.0,2397.0,429.0,2
2020-07-06,3924.0,2911.0,2459.0,452.0,6
2020-07-07,4029.0,3039.0,2613.0,483.0,4
2020-07-08,3760.0,2915.0,2492.0,423.0,3
2020-07-09,3945.0,3039.0,2587.0,452.0,5
2020-07-10,3136.0,2313.0,1869.0,444.0,6
2020-07-11,2824.0,2197.0,1836.0,305.0,1
2020-07-12,3,3033.0,2525.0,508.0,5
2020-07-13,4006.0,3039.0,2529.0,506.0,4
2020-07-14,3680.0,2884.0,2450.0,441.0,3
2020-07-15,3760.0,2915.0,2492.0,423.0,3
2020-07-16,3945.0,3039.0,2587.0,452.0,5
2020-07-17,3289.0,2520.0,2213.0,444.0,6
2020-07-18,3289.0,2557.0,2122.0,435.0,4
2020-07-19,2519.0,1995.0,1697.0,267.0,7
2020-07-20,3715.0,2948.0,2505.0,443.0,2
2020-07-21,3945.0,3039.0,2550.0,453.0,2
2020-07-22,3397.0,2613.0,213.0,422.0,6
2020-07-23,3823.0,3033.0,2525.0,508.0,5
2020-07-24,3924.0,2911.0,2459.0,452.0,4
2020-07-25,3660.0,2625.0,2189.0,436.0,5
2020-07-26,3289.0,2557.0,2144.0,435.0,6
2020-07-27,4001.0,3031.0,2523.0,508.0,2
2020-07-28,3795.0,2969.0,2525.0,444.0,3
2020-07-29,4376.0,3010.0,2591.0,419.0,4
2020-07-30,3698.0,2843.0,2352.0,483.0,4
2020-07-31,2835.0,2207.0,1869.0,338.0,7
2020-08-01,3698.0,2844.0,2402.0,442.0,4
2020-08-02,2181.0,1520.0,1282.0,226.0,7
2020-08-03,2623.0,1941.0,1644.0,297.0,1
2020-08-04,3638.0,2745.0,2325.0,420.0,3
2020-08-05,3912.0,2783.0,2281.0,502.0,1
2020-08-06,3456.0,2687.0,2233.0,457.0,2
2020-08-07,3866.0,2745.0,2368.0,446.0,2
2020-08-08,2613.0,1892.0,1616.0,286.0,7
2020-08-09,2623.0,1941.0,1644.0,297.0,6
2020-08-10,3136.0,2364.0,1941.0,451.0,1
2020-08-11,3418.0,2506.0,2136.0,359.0,6
2020-08-12,3136.0,2364.0,1941.0,423.0,6
2020-08-13,3621.0,2780.0,2322.0,458.0,5
2020-08-14,3866.0,2814.0,2368.0,446.0,4
2020-08-15,2783.0,2037.0,1686.0,351.0,4
2020-08-16,2416.0,1944.0,1569.0,319.0,1
2020-08-17,3673.0,2774.0,2334.0,473.0,2
2020-08-18,3581.0,2683.0,2184.0,499.0,3
2020-08-19,2597.0,2031.0,1717.0,314.0,1
